Patient_ID,Image_File,File_Path,Dissimilarity,Correlation,Homogeneity,Contrast,Energy
Adrenal_Ki67_Seg_001,1-01.dcm,E:\Computer vision\Projects\dataset\manifest-1788901441878\Adrenal-ACC-Ki67-Seg\Adrenal_Ki67_Seg_001\08-22-2000-NA-CT ABDOMEN-56266\2.000000-Pre Abd 5.0 B40f-18492\1-01.dcm,4.244499676395234,0.9771550700618636,0.48499005772127274,118.934448014522,0.12854192412484014
Adrenal_Ki67_Seg_001,1-02.dcm,E:\Computer vision\Projects\dataset\manifest-1788901441878\Adrenal-ACC-Ki67-Seg\Adrenal_Ki67_Seg_001\08-22-2000-NA-CT ABDOMEN-56266\2.000000-Pre Abd 5.0 B40f-18492\1-02.dcm,4.322907770726981,0.9757480166113454,0.48803256161347813,126.16095220223575,0.13498714375052873
Adrenal_Ki67_Seg_001,1-03.dcm,E:\Computer vision\Projects\dataset\manifest-1788901441878\Adrenal-ACC-Ki67-Seg\Adrenal_Ki67_Seg_001\08-22-2000-NA-CT ABDOMEN-56266\2.000000-Pre Abd 5.0 B40f-18492\1-03.dcm,4.442017302323443,0.9749002902426652,0.48097394603947036,134.5770964418794,0.1228026269056923
Adrenal_Ki67_Seg_001,1-04.dcm,E:\Computer vision\Projects\dataset\manifest-1788901441878\Adrenal-ACC-Ki67-Seg\Adrenal_Ki67_Seg_001\08-22-2000-NA-CT ABDOMEN-56266\2.000000-Pre Abd 5.0 B40f-18492\1-04.dcm,4.427219564876054,0.9757759925953515,0.4785528831289128,133.65314164697594,0.12388525641927588
Adrenal_Ki67_Seg_001,1-05.dcm,E:\Computer vision\Projects\dataset\manifest-1788901441878\Adrenal-ACC-Ki67-Seg\Adrenal_Ki67_Seg_001\08-22-2000-NA-CT ABDOMEN-56266\2.000000-Pre Abd 5.0 B40f-18492\1-05.dcm,4.158275282340371,0.9757538630144421,0.4900243271316136,116.68143504352388,0.12782426275370543
Adrenal_Ki67_Seg_001,1-06.dcm,E:\Computer vision\Projects\dataset\manifest-1788901441878\Adrenal-ACC-Ki67-Seg\Adrenal_Ki67_Seg_001\08-22-2000-NA-CT ABDOMEN-56266\2.000000-Pre Abd 5.0 B40f-18492\1-06.dcm,4.382271054415387,0.9776066202943557,0.47281019038605826,126.4458584334466,0.11779219986120451
Adrenal_Ki67_Seg_001,1-07.dcm,E:\Computer vision\Projects\dataset\manifest-1788901441878\Adrenal-ACC-Ki67-Seg\Adrenal_Ki67_Seg_001\08-22-2000-NA-CT ABDOMEN-56266\2.000000-Pre Abd 5.0 B40f-18492\1-07.dcm,4.316868424983054,0.9772675897554782,0.4811027220751558,125.28815759743568,0.12988258240213127
Adrenal_Ki67_Seg_001,1-08.dcm,E:\Computer vision\Projects\dataset\manifest-1788901441878\Adrenal-ACC-Ki67-Seg\Adrenal_Ki67_Seg_001\08-22-2000-NA-CT ABDOMEN-56266\2.000000-Pre Abd 5.0 B40f-18492\1-08.dcm,4.054576230942744,0.9774311317853723,0.4905645815461275,113.47558028653386,0.13043083012381312
Adrenal_Ki67_Seg_001,1-09.dcm,E:\Computer vision\Projects\dataset\manifest-1788901441878\Adrenal-ACC-Ki67-Seg\Adrenal_Ki67_Seg_001\08-22-2000-NA-CT ABDOMEN-56266\2.000000-Pre Abd 5.0 B40f-18492\1-09.dcm,4.229633005388306,0.9783912942259334,0.47596011179624426,119.64264076807306,0.11830820391106506
Adrenal_Ki67_Seg_001,1-10.dcm,E:\Computer vision\Projects\dataset\manifest-1788901441878\Adrenal-ACC-Ki67-Seg\Adrenal_Ki67_Seg_001\08-22-2000-NA-CT ABDOMEN-56266\2.000000-Pre Abd 5.0 B40f-18492\1-10.dcm,3.8823648806492015,0.9781840325676098,0.4993617847043318,104.48714197632518,0.12850347513425894
Adrenal_Ki67_Seg_001,1-11.dcm,E:\Computer vision\Projects\dataset\manifest-1788901441878\Adrenal-ACC-Ki67-Seg\Adrenal_Ki67_Seg_001\08-22-2000-NA-CT ABDOMEN-56266\2.000000-Pre Abd 5.0 B40f-18492\1-11.dcm,4.069324183041578,0.9803345073900932,0.47352225412449733,110.56502540967598,0.117548671193176
Adrenal_Ki67_Seg_001,1-12.dcm,E:\Computer vision\Projects\dataset\manifest-1788901441878\Adrenal-ACC-Ki67-Seg\Adrenal_Ki67_Seg_001\08-22-2000-NA-CT ABDOMEN-56266\2.000000-Pre Abd 5.0 B40f-18492\1-12.dcm,4.195242818463472,0.9811899926667341,0.4569992623992795,116.68350687995223,0.11073633409687614
Adrenal_Ki67_Seg_001,1-13.dcm,E:\Computer vision\Projects\dataset\manifest-1788901441878\Adrenal-ACC-Ki67-Seg\Adrenal_Ki67_Seg_001\08-22-2000-NA-CT ABDOMEN-56266\2.000000-Pre Abd 5.0 B40f-18492\1-13.dcm,4.344686945898644,0.9812089036593727,0.4469502365486258,125.58088012836957,0.10617847511275551
Adrenal_Ki67_Seg_001,1-14.dcm,E:\Computer vision\Projects\dataset\manifest-1788901441878\Adrenal-ACC-Ki67-Seg\Adrenal_Ki67_Seg_001\08-22-2000-NA-CT ABDOMEN-56266\2.000000-Pre Abd 5.0 B40f-18492\1-14.dcm,4.338728022640845,0.9823968173944748,0.446458764546517,123.60916586563319,0.10870450805755127
Adrenal_Ki67_Seg_001,1-15.dcm,E:\Computer vision\Projects\dataset\manifest-1788901441878\Adrenal-ACC-Ki67-Seg\Adrenal_Ki67_Seg_001\08-22-2000-NA-CT ABDOMEN-56266\2.000000-Pre Abd 5.0 B40f-18492\1-15.dcm,4.142807357508589,0.9823067290968769,0.4574541172286555,117.4316045051911,0.11189016900997116
Adrenal_Ki67_Seg_001,1-16.dcm,E:\Computer vision\Projects\dataset\manifest-1788901441878\Adrenal-ACC-Ki67-Seg\Adrenal_Ki67_Seg_001\08-22-2000-NA-CT ABDOMEN-56266\2.000000-Pre Abd 5.0 B40f-18492\1-16.dcm,3.683962607373593,0.9833258624005023,0.4805205506554942,89.61358144308579,0.12377670451534833
Adrenal_Ki67_Seg_001,1-17.dcm,E:\Computer vision\Projects\dataset\manifest-1788901441878\Adrenal-ACC-Ki67-Seg\Adrenal_Ki67_Seg_001\08-22-2000-NA-CT ABDOMEN-56266\2.000000-Pre Abd 5.0 B40f-18492\1-17.dcm,3.9991421601479784,0.9828028947266393,0.4549853857456509,107.50197035091014,0.11283123280041932
Adrenal_Ki67_Seg_001,1-18.dcm,E:\Computer vision\Projects\dataset\manifest-1788901441878\Adrenal-ACC-Ki67-Seg\Adrenal_Ki67_Seg_001\08-22-2000-NA-CT ABDOMEN-56266\2.000000-Pre Abd 5.0 B40f-18492\1-18.dcm,3.9025739025202872,0.9823928080137319,0.4613736288850747,104.9421685731902,0.1146351461187146
Adrenal_Ki67_Seg_001,1-19.dcm,E:\Computer vision\Projects\dataset\manifest-1788901441878\Adrenal-ACC-Ki67-Seg\Adrenal_Ki67_Seg_001\08-22-2000-NA-CT ABDOMEN-56266\2.000000-Pre Abd 5.0 B40f-18492\1-19.dcm,4.001022514466473,0.9828332742231827,0.45981163572618305,109.4350013978194,0.11695216095726615
Adrenal_Ki67_Seg_001,1-20.dcm,E:\Computer vision\Projects\dataset\manifest-1788901441878\Adrenal-ACC-Ki67-Seg\Adrenal_Ki67_Seg_001\08-22-2000-NA-CT ABDOMEN-56266\2.000000-Pre Abd 5.0 B40f-18492\1-20.dcm,3.848840192860781,0.982473138267728,0.4731966368563186,105.07639370253638,0.12159569122960931
Adrenal_Ki67_Seg_001,1-21.dcm,E:\Computer vision\Projects\dataset\manifest-1788901441878\Adrenal-ACC-Ki67-Seg\Adrenal_Ki67_Seg_001\08-22-2000-NA-CT ABDOMEN-56266\2.000000-Pre Abd 5.0 B40f-18492\1-21.dcm,3.804159757353871,0.9831322482351823,0.4748201976304771,100.93561222574975,0.1213331659837043
Adrenal_Ki67_Seg_001,1-22.dcm,E:\Computer vision\Projects\dataset\manifest-1788901441878\Adrenal-ACC-Ki67-Seg\Adrenal_Ki67_Seg_001\08-22-2000-NA-CT ABDOMEN-56266\2.000000-Pre Abd 5.0 B40f-18492\1-22.dcm,3.4499178541748847,0.9831105932700303,0.4975000402217909,84.32551192742062,0.1334581151924516
Adrenal_Ki67_Seg_001,1-23.dcm,E:\Computer vision\Projects\dataset\manifest-1788901441878\Adrenal-ACC-Ki67-Seg\Adrenal_Ki67_Seg_001\08-22-2000-NA-CT ABDOMEN-56266\2.000000-Pre Abd 5.0 B40f-18492\1-23.dcm,3.6448811087580086,0.9836918752825023,0.4732806756412577,93.27258627226459,0.11812864248158858
Adrenal_Ki67_Seg_001,1-24.dcm,E:\Computer vision\Projects\dataset\manifest-1788901441878\Adrenal-ACC-Ki67-Seg\Adrenal_Ki67_Seg_001\08-22-2000-NA-CT ABDOMEN-56266\2.000000-Pre Abd 5.0 B40f-18492\1-24.dcm,3.4987611107494225,0.9847035443517956,0.48244015022014797,85.38636111228129,0.12475490040035826
Adrenal_Ki67_Seg_001,1-25.dcm,E:\Computer vision\Projects\dataset\manifest-1788901441878\Adrenal-ACC-Ki67-Seg\Adrenal_Ki67_Seg_001\08-22-2000-NA-CT ABDOMEN-56266\2.000000-Pre Abd 5.0 B40f-18492\1-25.dcm,3.389520567093417,0.9842635690139653,0.4955509435404031,84.59228863247309,0.13441798685885595
Adrenal_Ki67_Seg_001,1-26.dcm,E:\Computer vision\Projects\dataset\manifest-1788901441878\Adrenal-ACC-Ki67-Seg\Adrenal_Ki67_Seg_001\08-22-2000-NA-CT ABDOMEN-56266\2.000000-Pre Abd 5.0 B40f-18492\1-26.dcm,3.2115609238628835,0.9846438727634096,0.5094107699088571,74.67478295502852,0.14068740887071196
Adrenal_Ki67_Seg_001,1-27.dcm,E:\Computer vision\Projects\dataset\manifest-1788901441878\Adrenal-ACC-Ki67-Seg\Adrenal_Ki67_Seg_001\08-22-2000-NA-CT ABDOMEN-56266\2.000000-Pre Abd 5.0 B40f-18492\1-27.dcm,3.4665538198766086,0.9844205397139346,0.48806463283609486,88.0043045178289,0.13147047749811322
Adrenal_Ki67_Seg_001,1-28.dcm,E:\Computer vision\Projects\dataset\manifest-1788901441878\Adrenal-ACC-Ki67-Seg\Adrenal_Ki67_Seg_001\08-22-2000-NA-CT ABDOMEN-56266\2.000000-Pre Abd 5.0 B40f-18492\1-28.dcm,3.3768444514229037,0.9839155325454969,0.4993948248243642,86.12046905457623,0.1339822419752456
Adrenal_Ki67_Seg_001,1-29.dcm,E:\Computer vision\Projects\dataset\manifest-1788901441878\Adrenal-ACC-Ki67-Seg\Adrenal_Ki67_Seg_001\08-22-2000-NA-CT ABDOMEN-56266\2.000000-Pre Abd 5.0 B40f-18492\1-29.dcm,3.1699901578195546,0.9848154903971735,0.5156867369292368,74.32890116076456,0.14993504682703146
Adrenal_Ki67_Seg_001,1-30.dcm,E:\Computer vision\Projects\dataset\manifest-1788901441878\Adrenal-ACC-Ki67-Seg\Adrenal_Ki67_Seg_001\08-22-2000-NA-CT ABDOMEN-56266\2.000000-Pre Abd 5.0 B40f-18492\1-30.dcm,3.323110741763397,0.9838981797395657,0.5096110000477091,82.9901999456191,0.15098860497961872
Adrenal_Ki67_Seg_001,1-31.dcm,E:\Computer vision\Projects\dataset\manifest-1788901441878\Adrenal-ACC-Ki67-Seg\Adrenal_Ki67_Seg_001\08-22-2000-NA-CT ABDOMEN-56266\2.000000-Pre Abd 5.0 B40f-18492\1-31.dcm,3.081134799575676,0.9844042158685893,0.5219672732277396,69.0474569260994,0.1532880326461635
Adrenal_Ki67_Seg_001,1-32.dcm,E:\Computer vision\Projects\dataset\manifest-1788901441878\Adrenal-ACC-Ki67-Seg\Adrenal_Ki67_Seg_001\08-22-2000-NA-CT ABDOMEN-56266\2.000000-Pre Abd 5.0 B40f-18492\1-32.dcm,3.170901612662329,0.9843202282961611,0.516507706041825,75.66851000111059,0.15450037237453185
Adrenal_Ki67_Seg_001,1-33.dcm,E:\Computer vision\Projects\dataset\manifest-1788901441878\Adrenal-ACC-Ki67-Seg\Adrenal_Ki67_Seg_001\08-22-2000-NA-CT ABDOMEN-56266\2.000000-Pre Abd 5.0 B40f-18492\1-33.dcm,3.2102550158738667,0.9839560612295616,0.5095775282659355,80.39997166064774,0.14376045686569955
Adrenal_Ki67_Seg_001,1-34.dcm,E:\Computer vision\Projects\dataset\manifest-1788901441878\Adrenal-ACC-Ki67-Seg\Adrenal_Ki67_Seg_001\08-22-2000-NA-CT ABDOMEN-56266\2.000000-Pre Abd 5.0 B40f-18492\1-34.dcm,3.08093182853926,0.9848565981703425,0.5241018929186128,72.89262066245152,0.1607512276188686
Adrenal_Ki67_Seg_001,1-35.dcm,E:\Computer vision\Projects\dataset\manifest-1788901441878\Adrenal-ACC-Ki67-Seg\Adrenal_Ki67_Seg_001\08-22-2000-NA-CT ABDOMEN-56266\2.000000-Pre Abd 5.0 B40f-18492\1-35.dcm,3.2286219798484224,0.9840208364391698,0.5198716964039036,82.62526185178517,0.16021615488546612
Adrenal_Ki67_Seg_001,1-36.dcm,E:\Computer vision\Projects\dataset\manifest-1788901441878\Adrenal-ACC-Ki67-Seg\Adrenal_Ki67_Seg_001\08-22-2000-NA-CT ABDOMEN-56266\2.000000-Pre Abd 5.0 B40f-18492\1-36.dcm,3.1344740560889397,0.9849227197096683,0.5182974679699581,74.71651456604408,0.15111882617837893
Adrenal_Ki67_Seg_001,1-37.dcm,E:\Computer vision\Projects\dataset\manifest-1788901441878\Adrenal-ACC-Ki67-Seg\Adrenal_Ki67_Seg_001\08-22-2000-NA-CT ABDOMEN-56266\2.000000-Pre Abd 5.0 B40f-18492\1-37.dcm,3.0732112698710563,0.9846030276681527,0.5269115853220608,73.77122483446372,0.16379694714889123
Adrenal_Ki67_Seg_001,1-38.dcm,E:\Computer vision\Projects\dataset\manifest-1788901441878\Adrenal-ACC-Ki67-Seg\Adrenal_Ki67_Seg_001\08-22-2000-NA-CT ABDOMEN-56266\2.000000-Pre Abd 5.0 B40f-18492\1-38.dcm,3.032647699725415,0.9846209331374676,0.5328512754604027,74.14228652616987,0.16434211160878812
Adrenal_Ki67_Seg_001,1-39.dcm,E:\Computer vision\Projects\dataset\manifest-1788901441878\Adrenal-ACC-Ki67-Seg\Adrenal_Ki67_Seg_001\08-22-2000-NA-CT ABDOMEN-56266\2.000000-Pre Abd 5.0 B40f-18492\1-39.dcm,2.925590052121431,0.9855802415572061,0.5416436415279637,69.29860486134783,0.1694443375039456
Adrenal_Ki67_Seg_001,1-40.dcm,E:\Computer vision\Projects\dataset\manifest-1788901441878\Adrenal-ACC-Ki67-Seg\Adrenal_Ki67_Seg_001\08-22-2000-NA-CT ABDOMEN-56266\2.000000-Pre Abd 5.0 B40f-18492\1-40.dcm,2.96964242630811,0.984829406732499,0.5405645932955855,73.95137120338848,0.16890626205978712
Adrenal_Ki67_Seg_001,1-41.dcm,E:\Computer vision\Projects\dataset\manifest-1788901441878\Adrenal-ACC-Ki67-Seg\Adrenal_Ki67_Seg_001\08-22-2000-NA-CT ABDOMEN-56266\2.000000-Pre Abd 5.0 B40f-18492\1-41.dcm,3.1799740350259076,0.9854476745712374,0.5205968769238378,79.95979641622084,0.15192187888169462
Adrenal_Ki67_Seg_001,1-42.dcm,E:\Computer vision\Projects\dataset\manifest-1788901441878\Adrenal-ACC-Ki67-Seg\Adrenal_Ki67_Seg_001\08-22-2000-NA-CT ABDOMEN-56266\2.000000-Pre Abd 5.0 B40f-18492\1-42.dcm,3.327744608821198,0.9850095223264489,0.5110059505409993,87.27557722282008,0.15153225963248862
Adrenal_Ki67_Seg_001,1-43.dcm,E:\Computer vision\Projects\dataset\manifest-1788901441878\Adrenal-ACC-Ki67-Seg\Adrenal_Ki67_Seg_001\08-22-2000-NA-CT ABDOMEN-56266\2.000000-Pre Abd 5.0 B40f-18492\1-43.dcm,3.1613428257397915,0.9845390385278501,0.5223732041068829,78.17020844742477,0.15277467032898745
Adrenal_Ki67_Seg_001,1-44.dcm,E:\Computer vision\Projects\dataset\manifest-1788901441878\Adrenal-ACC-Ki67-Seg\Adrenal_Ki67_Seg_001\08-22-2000-NA-CT ABDOMEN-56266\2.000000-Pre Abd 5.0 B40f-18492\1-44.dcm,3.176695861305679,0.9848933419523282,0.5252759528282704,76.79428311012904,0.1571135391471114
Adrenal_Ki67_Seg_001,1-45.dcm,E:\Computer vision\Projects\dataset\manifest-1788901441878\Adrenal-ACC-Ki67-Seg\Adrenal_Ki67_Seg_001\08-22-2000-NA-CT ABDOMEN-56266\2.000000-Pre Abd 5.0 B40f-18492\1-45.dcm,3.0767421999762568,0.9846119600594486,0.5317272052842504,75.50193205448817,0.15811763280107488
Adrenal_Ki67_Seg_001,1-46.dcm,E:\Computer vision\Projects\dataset\manifest-1788901441878\Adrenal-ACC-Ki67-Seg\Adrenal_Ki67_Seg_001\08-22-2000-NA-CT ABDOMEN-56266\2.000000-Pre Abd 5.0 B40f-18492\1-46.dcm,3.0204694375404513,0.9854304934798387,0.5318844401689704,72.14805396731785,0.1568174533905272
Adrenal_Ki67_Seg_001,1-47.dcm,E:\Computer vision\Projects\dataset\manifest-1788901441878\Adrenal-ACC-Ki67-Seg\Adrenal_Ki67_Seg_001\08-22-2000-NA-CT ABDOMEN-56266\2.000000-Pre Abd 5.0 B40f-18492\1-47.dcm,3.1614270778681144,0.9848621924951453,0.5267312727040773,80.83866483354461,0.15860218435678358
Adrenal_Ki67_Seg_001,1-48.dcm,E:\Computer vision\Projects\dataset\manifest-1788901441878\Adrenal-ACC-Ki67-Seg\Adrenal_Ki67_Seg_001\08-22-2000-NA-CT ABDOMEN-56266\2.000000-Pre Abd 5.0 B40f-18492\1-48.dcm,3.3393062986125197,0.9844193389121612,0.511626330426526,90.82789587968794,0.15116462533271138
Adrenal_Ki67_Seg_001,1-49.dcm,E:\Computer vision\Projects\dataset\manifest-1788901441878\Adrenal-ACC-Ki67-Seg\Adrenal_Ki67_Seg_001\08-22-2000-NA-CT ABDOMEN-56266\2.000000-Pre Abd 5.0 B40f-18492\1-49.dcm,3.32499492572409,0.9852542150824489,0.5152301764541187,86.52476821090607,0.15440829711642634
Adrenal_Ki67_Seg_001,1-50.dcm,E:\Computer vision\Projects\dataset\manifest-1788901441878\Adrenal-ACC-Ki67-Seg\Adrenal_Ki67_Seg_001\08-22-2000-NA-CT ABDOMEN-56266\2.000000-Pre Abd 5.0 B40f-18492\1-50.dcm,3.2178223888542097,0.9845294835667768,0.5212505358333235,83.23876287238484,0.15573319525454893
Adrenal_Ki67_Seg_001,1-51.dcm,E:\Computer vision\Projects\dataset\manifest-1788901441878\Adrenal-ACC-Ki67-Seg\Adrenal_Ki67_Seg_001\08-22-2000-NA-CT ABDOMEN-56266\2.000000-Pre Abd 5.0 B40f-18492\1-51.dcm,3.1182899881664063,0.9848354209062321,0.5271236713050672,75.45175991207142,0.15506066743136715
Adrenal_Ki67_Seg_001,1-52.dcm,E:\Computer vision\Projects\dataset\manifest-1788901441878\Adrenal-ACC-Ki67-Seg\Adrenal_Ki67_Seg_001\08-22-2000-NA-CT ABDOMEN-56266\2.000000-Pre Abd 5.0 B40f-18492\1-52.dcm,3.150953006460606,0.9845993395132091,0.5318838529244496,78.22572677034785,0.16954869311540538
Adrenal_Ki67_Seg_001,1-53.dcm,E:\Computer vision\Projects\dataset\manifest-1788901441878\Adrenal-ACC-Ki67-Seg\Adrenal_Ki67_Seg_001\08-22-2000-NA-CT ABDOMEN-56266\2.000000-Pre Abd 5.0 B40f-18492\1-53.dcm,3.188483499986596,0.9845734997481977,0.5257344102064343,81.27507171005013,0.15602132235183325
Adrenal_Ki67_Seg_001,1-54.dcm,E:\Computer vision\Projects\dataset\manifest-1788901441878\Adrenal-ACC-Ki67-Seg\Adrenal_Ki67_Seg_001\08-22-2000-NA-CT ABDOMEN-56266\2.000000-Pre Abd 5.0 B40f-18492\1-54.dcm,3.3823170101217452,0.9848233230362402,0.5142063092116032,88.71905361882042,0.15141937724168136
Adrenal_Ki67_Seg_001,1-55.dcm,E:\Computer vision\Projects\dataset\manifest-1788901441878\Adrenal-ACC-Ki67-Seg\Adrenal_Ki67_Seg_001\08-22-2000-NA-CT ABDOMEN-56266\2.000000-Pre Abd 5.0 B40f-18492\1-55.dcm,3.487421540205498,0.9840771821179982,0.5068632388369455,94.94015035175264,0.14687608462168378
Adrenal_Ki67_Seg_001,1-56.dcm,E:\Computer vision\Projects\dataset\manifest-1788901441878\Adrenal-ACC-Ki67-Seg\Adrenal_Ki67_Seg_001\08-22-2000-NA-CT ABDOMEN-56266\2.000000-Pre Abd 5.0 B40f-18492\1-56.dcm,3.322643525415421,0.9847322327753083,0.5207922898757704,80.66752961270831,0.16180081200795246
Adrenal_Ki67_Seg_001,1-57.dcm,E:\Computer vision\Projects\dataset\manifest-1788901441878\Adrenal-ACC-Ki67-Seg\Adrenal_Ki67_Seg_001\08-22-2000-NA-CT ABDOMEN-56266\2.000000-Pre Abd 5.0 B40f-18492\1-57.dcm,3.3979572688523723,0.9842808766185255,0.5083391532201832,81.47755255226505,0.14979334940550018
Adrenal_Ki67_Seg_001,1-58.dcm,E:\Computer vision\Projects\dataset\manifest-1788901441878\Adrenal-ACC-Ki67-Seg\Adrenal_Ki67_Seg_001\08-22-2000-NA-CT ABDOMEN-56266\2.000000-Pre Abd 5.0 B40f-18492\1-58.dcm,3.5114946710528834,0.9839694346625396,0.5044966342359727,87.25253426572355,0.1544875916240672
Adrenal_Ki67_Seg_001,1-59.dcm,E:\Computer vision\Projects\dataset\manifest-1788901441878\Adrenal-ACC-Ki67-Seg\Adrenal_Ki67_Seg_001\08-22-2000-NA-CT ABDOMEN-56266\2.000000-Pre Abd 5.0 B40f-18492\1-59.dcm,3.5115865824656,0.9849221308166354,0.4991489158810433,84.23707400017616,0.1526012821909676
Adrenal_Ki67_Seg_001,1-60.dcm,E:\Computer vision\Projects\dataset\manifest-1788901441878\Adrenal-ACC-Ki67-Seg\Adrenal_Ki67_Seg_001\08-22-2000-NA-CT ABDOMEN-56266\2.000000-Pre Abd 5.0 B40f-18492\1-60.dcm,3.4136396536471594,0.9841865657852678,0.5063245313481591,80.59945772266498,0.15113329644470372
Adrenal_Ki67_Seg_001,1-01.dcm,E:\Computer vision\Projects\dataset\manifest-1788901441878\Adrenal-ACC-Ki67-Seg\Adrenal_Ki67_Seg_001\08-22-2000-NA-CT ABDOMEN-56266\5.000000-Abd Venous 5.0 B40f-94387\1-01.dcm,4.46168634464482,0.9774260815413878,0.4694866324656121,126.8274324929822,0.12189624033665747
Adrenal_Ki67_Seg_001,1-02.dcm,E:\Computer vision\Projects\dataset\manifest-1788901441878\Adrenal-ACC-Ki67-Seg\Adrenal_Ki67_Seg_001\08-22-2000-NA-CT ABDOMEN-56266\5.000000-Abd Venous 5.0 B40f-94387\1-02.dcm,4.4980143305211,0.9767372311047999,0.4670682155685592,130.87598469674978,0.1196877971525116
Adrenal_Ki67_Seg_001,1-03.dcm,E:\Computer vision\Projects\dataset\manifest-1788901441878\Adrenal-ACC-Ki67-Seg\Adrenal_Ki67_Seg_001\08-22-2000-NA-CT ABDOMEN-56266\5.000000-Abd Venous 5.0 B40f-94387\1-03.dcm,4.559047338207192,0.9753930510506122,0.47162812348101213,137.33251251335588,0.1253376637294278
Adrenal_Ki67_Seg_001,1-04.dcm,E:\Computer vision\Projects\dataset\manifest-1788901441878\Adrenal-ACC-Ki67-Seg\Adrenal_Ki67_Seg_001\08-22-2000-NA-CT ABDOMEN-56266\5.000000-Abd Venous 5.0 B40f-94387\1-04.dcm,4.4449929343101475,0.9760460901789745,0.4761374816062114,129.3883410372969,0.12879287029934533
Adrenal_Ki67_Seg_001,1-05.dcm,E:\Computer vision\Projects\dataset\manifest-1788901441878\Adrenal-ACC-Ki67-Seg\Adrenal_Ki67_Seg_001\08-22-2000-NA-CT ABDOMEN-56266\5.000000-Abd Venous 5.0 B40f-94387\1-05.dcm,4.32755312671137,0.976216287137353,0.48062639143975944,124.741981686651,0.13129466116951807
Adrenal_Ki67_Seg_001,1-06.dcm,E:\Computer vision\Projects\dataset\manifest-1788901441878\Adrenal-ACC-Ki67-Seg\Adrenal_Ki67_Seg_001\08-22-2000-NA-CT ABDOMEN-56266\5.000000-Abd Venous 5.0 B40f-94387\1-06.dcm,4.55770313379621,0.977334720751842,0.46149245274713613,133.88494222984747,0.11545697808268701
Adrenal_Ki67_Seg_001,1-07.dcm,E:\Computer vision\Projects\dataset\manifest-1788901441878\Adrenal-ACC-Ki67-Seg\Adrenal_Ki67_Seg_001\08-22-2000-NA-CT ABDOMEN-56266\5.000000-Abd Venous 5.0 B40f-94387\1-07.dcm,4.5084884019286084,0.9773117643133992,0.4658735463237736,133.07720558668208,0.11751870786496572
Adrenal_Ki67_Seg_001,1-08.dcm,E:\Computer vision\Projects\dataset\manifest-1788901441878\Adrenal-ACC-Ki67-Seg\Adrenal_Ki67_Seg_001\08-22-2000-NA-CT ABDOMEN-56266\5.000000-Abd Venous 5.0 B40f-94387\1-08.dcm,4.127645804052527,0.9770712798530988,0.4909488756533103,112.77677015636426,0.1400936480820746
Adrenal_Ki67_Seg_001,1-09.dcm,E:\Computer vision\Projects\dataset\manifest-1788901441878\Adrenal-ACC-Ki67-Seg\Adrenal_Ki67_Seg_001\08-22-2000-NA-CT ABDOMEN-56266\5.000000-Abd Venous 5.0 B40f-94387\1-09.dcm,4.381746393434461,0.9776917471785721,0.47143051448947493,128.2334090325941,0.12138655909400238
Adrenal_Ki67_Seg_001,1-10.dcm,E:\Computer vision\Projects\dataset\manifest-1788901441878\Adrenal-ACC-Ki67-Seg\Adrenal_Ki67_Seg_001\08-22-2000-NA-CT ABDOMEN-56266\5.000000-Abd Venous 5.0 B40f-94387\1-10.dcm,4.063924387544471,0.9775549132584382,0.4828477051751137,111.86442300695845,0.11848522094649885
Adrenal_Ki67_Seg_001,1-11.dcm,E:\Computer vision\Projects\dataset\manifest-1788901441878\Adrenal-ACC-Ki67-Seg\Adrenal_Ki67_Seg_001\08-22-2000-NA-CT ABDOMEN-56266\5.000000-Abd Venous 5.0 B40f-94387\1-11.dcm,4.233903056437437,0.979784148060901,0.46830948598313454,117.7739247322123,0.11488209083718395
Adrenal_Ki67_Seg_001,1-12.dcm,E:\Computer vision\Projects\dataset\manifest-1788901441878\Adrenal-ACC-Ki67-Seg\Adrenal_Ki67_Seg_001\08-22-2000-NA-CT ABDOMEN-56266\5.000000-Abd Venous 5.0 B40f-94387\1-12.dcm,4.306248827172078,0.980809915249883,0.4525012872244429,123.33157425101773,0.10839661342600437
Adrenal_Ki67_Seg_001,1-13.dcm,E:\Computer vision\Projects\dataset\manifest-1788901441878\Adrenal-ACC-Ki67-Seg\Adrenal_Ki67_Seg_001\08-22-2000-NA-CT ABDOMEN-56266\5.000000-Abd Venous 5.0 B40f-94387\1-13.dcm,4.484507182493939,0.9817317693686585,0.4394200305835493,129.92649767732198,0.10542427914038657
Adrenal_Ki67_Seg_001,1-14.dcm,E:\Computer vision\Projects\dataset\manifest-1788901441878\Adrenal-ACC-Ki67-Seg\Adrenal_Ki67_Seg_001\08-22-2000-NA-CT ABDOMEN-56266\5.000000-Abd Venous 5.0 B40f-94387\1-14.dcm,4.244760092064598,0.9820779312587761,0.4489414978705655,117.37529344633332,0.10932983187521148
Adrenal_Ki67_Seg_001,1-15.dcm,E:\Computer vision\Projects\dataset\manifest-1788901441878\Adrenal-ACC-Ki67-Seg\Adrenal_Ki67_Seg_001\08-22-2000-NA-CT ABDOMEN-56266\5.000000-Abd Venous 5.0 B40f-94387\1-15.dcm,4.397306229678962,0.9818236445594982,0.43909517921078955,125.9278457113752,0.10621247460389942
Adrenal_Ki67_Seg_001,1-16.dcm,E:\Computer vision\Projects\dataset\manifest-1788901441878\Adrenal-ACC-Ki67-Seg\Adrenal_Ki67_Seg_001\08-22-2000-NA-CT ABDOMEN-56266\5.000000-Abd Venous 5.0 B40f-94387\1-16.dcm,3.970810467178051,0.9827260580504481,0.4620521963531498,101.45586145886391,0.11744423774786374
Adrenal_Ki67_Seg_001,1-17.dcm,E:\Computer vision\Projects\dataset\manifest-1788901441878\Adrenal-ACC-Ki67-Seg\Adrenal_Ki67_Seg_001\08-22-2000-NA-CT ABDOMEN-56266\5.000000-Abd Venous 5.0 B40f-94387\1-17.dcm,4.111140046185485,0.9827876382485301,0.4511883380908108,113.00503214984624,0.10907362601822206
Adrenal_Ki67_Seg_001,1-18.dcm,E:\Computer vision\Projects\dataset\manifest-1788901441878\Adrenal-ACC-Ki67-Seg\Adrenal_Ki67_Seg_001\08-22-2000-NA-CT ABDOMEN-56266\5.000000-Abd Venous 5.0 B40f-94387\1-18.dcm,4.055254077611529,0.9836299612210987,0.4501960786794699,107.13574166765602,0.10885821514836529
Adrenal_Ki67_Seg_001,1-19.dcm,E:\Computer vision\Projects\dataset\manifest-1788901441878\Adrenal-ACC-Ki67-Seg\Adrenal_Ki67_Seg_001\08-22-2000-NA-CT ABDOMEN-56266\5.000000-Abd Venous 5.0 B40f-94387\1-19.dcm,4.087484346337522,0.9831057775907146,0.44789242495330156,111.48131326090203,0.1088920616375893
Adrenal_Ki67_Seg_001,1-20.dcm,E:\Computer vision\Projects\dataset\manifest-1788901441878\Adrenal-ACC-Ki67-Seg\Adrenal_Ki67_Seg_001\08-22-2000-NA-CT ABDOMEN-56266\5.000000-Abd Venous 5.0 B40f-94387\1-20.dcm,4.156942566855978,0.9829691018488032,0.44278972168303266,115.79810509304116,0.10787544471176626
Adrenal_Ki67_Seg_001,1-21.dcm,E:\Computer vision\Projects\dataset\manifest-1788901441878\Adrenal-ACC-Ki67-Seg\Adrenal_Ki67_Seg_001\08-22-2000-NA-CT ABDOMEN-56266\5.000000-Abd Venous 5.0 B40f-94387\1-21.dcm,3.979925015605792,0.9833478684220972,0.4524765415294405,104.22084780618947,0.1121044762498992
Adrenal_Ki67_Seg_001,1-22.dcm,E:\Computer vision\Projects\dataset\manifest-1788901441878\Adrenal-ACC-Ki67-Seg\Adrenal_Ki67_Seg_001\08-22-2000-NA-CT ABDOMEN-56266\5.000000-Abd Venous 5.0 B40f-94387\1-22.dcm,3.8687160358607704,0.9826020030260508,0.46474498843081735,101.46882479769917,0.11755540004281483
Adrenal_Ki67_Seg_001,1-23.dcm,E:\Computer vision\Projects\dataset\manifest-1788901441878\Adrenal-ACC-Ki67-Seg\Adrenal_Ki67_Seg_001\08-22-2000-NA-CT ABDOMEN-56266\5.000000-Abd Venous 5.0 B40f-94387\1-23.dcm,3.661547711597305,0.9838003673300225,0.48068721249481083,90.73737079744639,0.12844483976426388
Adrenal_Ki67_Seg_001,1-24.dcm,E:\Computer vision\Projects\dataset\manifest-1788901441878\Adrenal-ACC-Ki67-Seg\Adrenal_Ki67_Seg_001\08-22-2000-NA-CT ABDOMEN-56266\5.000000-Abd Venous 5.0 B40f-94387\1-24.dcm,3.842693617135352,0.9837741879561697,0.46489171574175436,101.07946124593582,0.11789733870750652
Adrenal_Ki67_Seg_001,1-25.dcm,E:\Computer vision\Projects\dataset\manifest-1788901441878\Adrenal-ACC-Ki67-Seg\Adrenal_Ki67_Seg_001\08-22-2000-NA-CT ABDOMEN-56266\5.000000-Abd Venous 5.0 B40f-94387\1-25.dcm,3.6596750165632024,0.9843275522732124,0.4722935673106016,90.49452169683786,0.12001530947751418
Adrenal_Ki67_Seg_001,1-26.dcm,E:\Computer vision\Projects\dataset\manifest-1788901441878\Adrenal-ACC-Ki67-Seg\Adrenal_Ki67_Seg_001\08-22-2000-NA-CT ABDOMEN-56266\5.000000-Abd Venous 5.0 B40f-94387\1-26.dcm,3.584181279943015,0.9847129685267861,0.46913346109838466,87.69870290018804,0.11943662400675141
Adrenal_Ki67_Seg_001,1-27.dcm,E:\Computer vision\Projects\dataset\manifest-1788901441878\Adrenal-ACC-Ki67-Seg\Adrenal_Ki67_Seg_001\08-22-2000-NA-CT ABDOMEN-56266\5.000000-Abd Venous 5.0 B40f-94387\1-27.dcm,3.612543610050513,0.985041193653403,0.4644724239446505,91.4623756802402,0.11855166127323767
Adrenal_Ki67_Seg_001,1-28.dcm,E:\Computer vision\Projects\dataset\manifest-1788901441878\Adrenal-ACC-Ki67-Seg\Adrenal_Ki67_Seg_001\08-22-2000-NA-CT ABDOMEN-56266\5.000000-Abd Venous 5.0 B40f-94387\1-28.dcm,3.422570379249467,0.9853102856000759,0.4826879010404924,79.59641315711873,0.12550054214188724
Adrenal_Ki67_Seg_001,1-29.dcm,E:\Computer vision\Projects\dataset\manifest-1788901441878\Adrenal-ACC-Ki67-Seg\Adrenal_Ki67_Seg_001\08-22-2000-NA-CT ABDOMEN-56266\5.000000-Abd Venous 5.0 B40f-94387\1-29.dcm,3.3649189456229105,0.9845328499100817,0.4928745777269635,80.82144676222902,0.13050993986435908
Adrenal_Ki67_Seg_001,1-30.dcm,E:\Computer vision\Projects\dataset\manifest-1788901441878\Adrenal-ACC-Ki67-Seg\Adrenal_Ki67_Seg_001\08-22-2000-NA-CT ABDOMEN-56266\5.000000-Abd Venous 5.0 B40f-94387\1-30.dcm,3.392645555125785,0.984794523590561,0.4915017707100274,80.24703872917154,0.1300612099947183
Adrenal_Ki67_Seg_001,1-31.dcm,E:\Computer vision\Projects\dataset\manifest-1788901441878\Adrenal-ACC-Ki67-Seg\Adrenal_Ki67_Seg_001\08-22-2000-NA-CT ABDOMEN-56266\5.000000-Abd Venous 5.0 B40f-94387\1-31.dcm,3.390328621596885,0.9844723523954354,0.48791552481574413,80.82924008409897,0.13182196140419716
Adrenal_Ki67_Seg_001,1-32.dcm,E:\Computer vision\Projects\dataset\manifest-1788901441878\Adrenal-ACC-Ki67-Seg\Adrenal_Ki67_Seg_001\08-22-2000-NA-CT ABDOMEN-56266\5.000000-Abd Venous 5.0 B40f-94387\1-32.dcm,3.355907797534477,0.9844511949362028,0.49433842238467296,79.79076366895043,0.14281311530936605
Adrenal_Ki67_Seg_001,1-33.dcm,E:\Computer vision\Projects\dataset\manifest-1788901441878\Adrenal-ACC-Ki67-Seg\Adrenal_Ki67_Seg_001\08-22-2000-NA-CT ABDOMEN-56266\5.000000-Abd Venous 5.0 B40f-94387\1-33.dcm,3.443614263119397,0.9844626712767978,0.48601758892857044,81.88714810375268,0.13488922103732434
Adrenal_Ki67_Seg_001,1-34.dcm,E:\Computer vision\Projects\dataset\manifest-1788901441878\Adrenal-ACC-Ki67-Seg\Adrenal_Ki67_Seg_001\08-22-2000-NA-CT ABDOMEN-56266\5.000000-Abd Venous 5.0 B40f-94387\1-34.dcm,3.489749962660989,0.9845544219959511,0.4869714699351262,86.15475967080398,0.14269278206024924
Adrenal_Ki67_Seg_001,1-35.dcm,E:\Computer vision\Projects\dataset\manifest-1788901441878\Adrenal-ACC-Ki67-Seg\Adrenal_Ki67_Seg_001\08-22-2000-NA-CT ABDOMEN-56266\5.000000-Abd Venous 5.0 B40f-94387\1-35.dcm,3.4398190877026367,0.9853554793626016,0.48579422883631906,82.61714301032858,0.1357623993256632
Adrenal_Ki67_Seg_001,1-36.dcm,E:\Computer vision\Projects\dataset\manifest-1788901441878\Adrenal-ACC-Ki67-Seg\Adrenal_Ki67_Seg_001\08-22-2000-NA-CT ABDOMEN-56266\5.000000-Abd Venous 5.0 B40f-94387\1-36.dcm,3.3098218833414403,0.9848205649649634,0.5015580205278984,80.85018822691399,0.15013602588850114
Adrenal_Ki67_Seg_001,1-37.dcm,E:\Computer vision\Projects\dataset\manifest-1788901441878\Adrenal-ACC-Ki67-Seg\Adrenal_Ki67_Seg_001\08-22-2000-NA-CT ABDOMEN-56266\5.000000-Abd Venous 5.0 B40f-94387\1-37.dcm,3.313119205272651,0.9850724167972894,0.49747480886406237,79.26987488558945,0.14058840933723704
Adrenal_Ki67_Seg_001,1-38.dcm,E:\Computer vision\Projects\dataset\manifest-1788901441878\Adrenal-ACC-Ki67-Seg\Adrenal_Ki67_Seg_001\08-22-2000-NA-CT ABDOMEN-56266\5.000000-Abd Venous 5.0 B40f-94387\1-38.dcm,3.1775728493686834,0.9855698229878387,0.5092484914062293,73.67978446773718,0.15180191405018023
Adrenal_Ki67_Seg_001,1-39.dcm,E:\Computer vision\Projects\dataset\manifest-1788901441878\Adrenal-ACC-Ki67-Seg\Adrenal_Ki67_Seg_001\08-22-2000-NA-CT ABDOMEN-56266\5.000000-Abd Venous 5.0 B40f-94387\1-39.dcm,3.2130851214571026,0.9854743018337816,0.5013684368305399,77.72763584698284,0.13954908491469806
Adrenal_Ki67_Seg_001,1-40.dcm,E:\Computer vision\Projects\dataset\manifest-1788901441878\Adrenal-ACC-Ki67-Seg\Adrenal_Ki67_Seg_001\08-22-2000-NA-CT ABDOMEN-56266\5.000000-Abd Venous 5.0 B40f-94387\1-40.dcm,3.1676272685842966,0.9859116623573276,0.506030470748327,74.90076248176135,0.1429378194708522
Adrenal_Ki67_Seg_001,1-41.dcm,E:\Computer vision\Projects\dataset\manifest-1788901441878\Adrenal-ACC-Ki67-Seg\Adrenal_Ki67_Seg_001\08-22-2000-NA-CT ABDOMEN-56266\5.000000-Abd Venous 5.0 B40f-94387\1-41.dcm,3.243752896166911,0.9857844061153038,0.5015989761890305,80.05401327353985,0.13934767879496082
Adrenal_Ki67_Seg_001,1-42.dcm,E:\Computer vision\Projects\dataset\manifest-1788901441878\Adrenal-ACC-Ki67-Seg\Adrenal_Ki67_Seg_001\08-22-2000-NA-CT ABDOMEN-56266\5.000000-Abd Venous 5.0 B40f-94387\1-42.dcm,3.4267906449500427,0.9859932644220032,0.4919447165642748,86.9832644636012,0.13790499762298403
Adrenal_Ki67_Seg_001,1-43.dcm,E:\Computer vision\Projects\dataset\manifest-1788901441878\Adrenal-ACC-Ki67-Seg\Adrenal_Ki67_Seg_001\08-22-2000-NA-CT ABDOMEN-56266\5.000000-Abd Venous 5.0 B40f-94387\1-43.dcm,3.347513221839683,0.9854549793342451,0.497795951091463,82.88009773246887,0.14098803571333923
Adrenal_Ki67_Seg_001,1-44.dcm,E:\Computer vision\Projects\dataset\manifest-1788901441878\Adrenal-ACC-Ki67-Seg\Adrenal_Ki67_Seg_001\08-22-2000-NA-CT ABDOMEN-56266\5.000000-Abd Venous 5.0 B40f-94387\1-44.dcm,3.2487697274443645,0.9852644469706502,0.5055043636402375,78.19637639255365,0.14370410768850322
Adrenal_Ki67_Seg_001,1-45.dcm,E:\Computer vision\Projects\dataset\manifest-1788901441878\Adrenal-ACC-Ki67-Seg\Adrenal_Ki67_Seg_001\08-22-2000-NA-CT ABDOMEN-56266\5.000000-Abd Venous 5.0 B40f-94387\1-45.dcm,3.2159879902420725,0.9855187905780295,0.5065352701327737,75.52026838132515,0.14359278311091458
Adrenal_Ki67_Seg_001,1-46.dcm,E:\Computer vision\Projects\dataset\manifest-1788901441878\Adrenal-ACC-Ki67-Seg\Adrenal_Ki67_Seg_001\08-22-2000-NA-CT ABDOMEN-56266\5.000000-Abd Venous 5.0 B40f-94387\1-46.dcm,3.1998000926773416,0.9850880781833516,0.5117898811059549,78.10781591675891,0.14554528625911597
Adrenal_Ki67_Seg_001,1-47.dcm,E:\Computer vision\Projects\dataset\manifest-1788901441878\Adrenal-ACC-Ki67-Seg\Adrenal_Ki67_Seg_001\08-22-2000-NA-CT ABDOMEN-56266\5.000000-Abd Venous 5.0 B40f-94387\1-47.dcm,3.2249110565599866,0.9855974840038466,0.510966227667775,80.04126822430982,0.14591590755990408
Adrenal_Ki67_Seg_001,1-48.dcm,E:\Computer vision\Projects\dataset\manifest-1788901441878\Adrenal-ACC-Ki67-Seg\Adrenal_Ki67_Seg_001\08-22-2000-NA-CT ABDOMEN-56266\5.000000-Abd Venous 5.0 B40f-94387\1-48.dcm,3.467518889710134,0.9850230260336214,0.49401165843839556,93.31693735854259,0.13383979197430906
Adrenal_Ki67_Seg_001,1-49.dcm,E:\Computer vision\Projects\dataset\manifest-1788901441878\Adrenal-ACC-Ki67-Seg\Adrenal_Ki67_Seg_001\08-22-2000-NA-CT ABDOMEN-56266\5.000000-Abd Venous 5.0 B40f-94387\1-49.dcm,3.4090364237269313,0.9853220691265219,0.4993494058834598,87.72033271931403,0.14154081460859172
Adrenal_Ki67_Seg_001,1-50.dcm,E:\Computer vision\Projects\dataset\manifest-1788901441878\Adrenal-ACC-Ki67-Seg\Adrenal_Ki67_Seg_001\08-22-2000-NA-CT ABDOMEN-56266\5.000000-Abd Venous 5.0 B40f-94387\1-50.dcm,3.1981724947438157,0.9850359391937156,0.517197145300055,77.32471919148595,0.15870894234929372
Adrenal_Ki67_Seg_001,1-51.dcm,E:\Computer vision\Projects\dataset\manifest-1788901441878\Adrenal-ACC-Ki67-Seg\Adrenal_Ki67_Seg_001\08-22-2000-NA-CT ABDOMEN-56266\5.000000-Abd Venous 5.0 B40f-94387\1-51.dcm,3.2285990019952435,0.9842730403512558,0.5139620562976243,80.0941440941173,0.14652424905757053
Adrenal_Ki67_Seg_001,1-52.dcm,E:\Computer vision\Projects\dataset\manifest-1788901441878\Adrenal-ACC-Ki67-Seg\Adrenal_Ki67_Seg_001\08-22-2000-NA-CT ABDOMEN-56266\5.000000-Abd Venous 5.0 B40f-94387\1-52.dcm,3.2183930055414924,0.9852353966497311,0.5171983660542528,77.91796140486595,0.1595594775059512
Adrenal_Ki67_Seg_001,1-53.dcm,E:\Computer vision\Projects\dataset\manifest-1788901441878\Adrenal-ACC-Ki67-Seg\Adrenal_Ki67_Seg_001\08-22-2000-NA-CT ABDOMEN-56266\5.000000-Abd Venous 5.0 B40f-94387\1-53.dcm,3.3339984145281303,0.9852055849088999,0.5033533267669767,84.55691805714592,0.14293276425556517
Adrenal_Ki67_Seg_001,1-54.dcm,E:\Computer vision\Projects\dataset\manifest-1788901441878\Adrenal-ACC-Ki67-Seg\Adrenal_Ki67_Seg_001\08-22-2000-NA-CT ABDOMEN-56266\5.000000-Abd Venous 5.0 B40f-94387\1-54.dcm,3.672626866471865,0.9850652108231198,0.4845739322725018,99.56883590366152,0.1365897371904623
Adrenal_Ki67_Seg_001,1-55.dcm,E:\Computer vision\Projects\dataset\manifest-1788901441878\Adrenal-ACC-Ki67-Seg\Adrenal_Ki67_Seg_001\08-22-2000-NA-CT ABDOMEN-56266\5.000000-Abd Venous 5.0 B40f-94387\1-55.dcm,3.5134937442794723,0.984331388947432,0.4990666485066226,93.01492794528208,0.14134086717542005
Adrenal_Ki67_Seg_001,1-56.dcm,E:\Computer vision\Projects\dataset\manifest-1788901441878\Adrenal-ACC-Ki67-Seg\Adrenal_Ki67_Seg_001\08-22-2000-NA-CT ABDOMEN-56266\5.000000-Abd Venous 5.0 B40f-94387\1-56.dcm,3.571949402767299,0.9841522578332087,0.4940838730598097,91.0473573554023,0.14133045721883977
Adrenal_Ki67_Seg_001,1-57.dcm,E:\Computer vision\Projects\dataset\manifest-1788901441878\Adrenal-ACC-Ki67-Seg\Adrenal_Ki67_Seg_001\08-22-2000-NA-CT ABDOMEN-56266\5.000000-Abd Venous 5.0 B40f-94387\1-57.dcm,3.557706963438407,0.9844667461737846,0.4911541808015479,86.73051190827242,0.14063036455611494
Adrenal_Ki67_Seg_001,1-58.dcm,E:\Computer vision\Projects\dataset\manifest-1788901441878\Adrenal-ACC-Ki67-Seg\Adrenal_Ki67_Seg_001\08-22-2000-NA-CT ABDOMEN-56266\5.000000-Abd Venous 5.0 B40f-94387\1-58.dcm,3.54736309986558,0.9843351467634264,0.4949622642109589,86.84002818616659,0.1480254485461698
Adrenal_Ki67_Seg_001,1-59.dcm,E:\Computer vision\Projects\dataset\manifest-1788901441878\Adrenal-ACC-Ki67-Seg\Adrenal_Ki67_Seg_001\08-22-2000-NA-CT ABDOMEN-56266\5.000000-Abd Venous 5.0 B40f-94387\1-59.dcm,3.6042907311169925,0.9851204139556753,0.4831103726165959,85.72529210595856,0.13502356799362197
Adrenal_Ki67_Seg_001,1-60.dcm,E:\Computer vision\Projects\dataset\manifest-1788901441878\Adrenal-ACC-Ki67-Seg\Adrenal_Ki67_Seg_001\08-22-2000-NA-CT ABDOMEN-56266\5.000000-Abd Venous 5.0 B40f-94387\1-60.dcm,3.5823545406152704,0.9846885677438715,0.4862783607708605,85.7262418572233,0.14166917980707097
Adrenal_Ki67_Seg_001,1-61.dcm,E:\Computer vision\Projects\dataset\manifest-1788901441878\Adrenal-ACC-Ki67-Seg\Adrenal_Ki67_Seg_001\08-22-2000-NA-CT ABDOMEN-56266\5.000000-Abd Venous 5.0 B40f-94387\1-61.dcm,3.6447087748591644,0.9849531173472313,0.4808820395164732,86.51278909011532,0.13828930920515783
Adrenal_Ki67_Seg_002,1-01.dcm,E:\Computer vision\Projects\dataset\manifest-1788901441878\Adrenal-ACC-Ki67-Seg\Adrenal_Ki67_Seg_002\09-25-2001-NA-CT ABDOMEN-85015\3.000000-PREFC12ORG-57738\1-01.dcm,2.537279651962117,0.9893771625603148,0.6270093629959208,82.87130870362782,0.22380918061844302
Adrenal_Ki67_Seg_002,1-02.dcm,E:\Computer vision\Projects\dataset\manifest-1788901441878\Adrenal-ACC-Ki67-Seg\Adrenal_Ki67_Seg_002\09-25-2001-NA-CT ABDOMEN-85015\3.000000-PREFC12ORG-57738\1-02.dcm,2.472049356428629,0.989408234174302,0.6295714411326094,78.13773691124038,0.2245486303059711
Adrenal_Ki67_Seg_002,1-03.dcm,E:\Computer vision\Projects\dataset\manifest-1788901441878\Adrenal-ACC-Ki67-Seg\Adrenal_Ki67_Seg_002\09-25-2001-NA-CT ABDOMEN-85015\3.000000-PREFC12ORG-57738\1-03.dcm,2.5084769130020184,0.9893004355754843,0.6255546851289291,78.97704129503181,0.22361016455694413
Adrenal_Ki67_Seg_002,1-04.dcm,E:\Computer vision\Projects\dataset\manifest-1788901441878\Adrenal-ACC-Ki67-Seg\Adrenal_Ki67_Seg_002\09-25-2001-NA-CT ABDOMEN-85015\3.000000-PREFC12ORG-57738\1-04.dcm,2.585743773959199,0.9894711223279509,0.6177070548244707,83.36496873097147,0.2222643563141769
Adrenal_Ki67_Seg_002,1-05.dcm,E:\Computer vision\Projects\dataset\manifest-1788901441878\Adrenal-ACC-Ki67-Seg\Adrenal_Ki67_Seg_002\09-25-2001-NA-CT ABDOMEN-85015\3.000000-PREFC12ORG-57738\1-05.dcm,2.5049498125390146,0.9897592287774372,0.6214429013078293,78.0837581044803,0.2218755011227075
Adrenal_Ki67_Seg_002,1-06.dcm,E:\Computer vision\Projects\dataset\manifest-1788901441878\Adrenal-ACC-Ki67-Seg\Adrenal_Ki67_Seg_002\09-25-2001-NA-CT ABDOMEN-85015\3.000000-PREFC12ORG-57738\1-06.dcm,2.49697649748584,0.990153405070751,0.6184001869864548,74.41131506083387,0.22180200235295702
Adrenal_Ki67_Seg_002,1-07.dcm,E:\Computer vision\Projects\dataset\manifest-1788901441878\Adrenal-ACC-Ki67-Seg\Adrenal_Ki67_Seg_002\09-25-2001-NA-CT ABDOMEN-85015\3.000000-PREFC12ORG-57738\1-07.dcm,2.4680741878286314,0.9907606161114237,0.6223748633606078,70.8216956889718,0.22122598352004064
Adrenal_Ki67_Seg_002,1-08.dcm,E:\Computer vision\Projects\dataset\manifest-1788901441878\Adrenal-ACC-Ki67-Seg\Adrenal_Ki67_Seg_002\09-25-2001-NA-CT ABDOMEN-85015\3.000000-PREFC12ORG-57738\1-08.dcm,2.470544307045393,0.991553793555687,0.6173526395623377,67.02123153633755,0.2212322090891391
Adrenal_Ki67_Seg_002,1-09.dcm,E:\Computer vision\Projects\dataset\manifest-1788901441878\Adrenal-ACC-Ki67-Seg\Adrenal_Ki67_Seg_002\09-25-2001-NA-CT ABDOMEN-85015\3.000000-PREFC12ORG-57738\1-09.dcm,2.3828914564512234,0.9919358468140655,0.6293500874348608,63.982938944014464,0.2219483919595235
Adrenal_Ki67_Seg_002,1-10.dcm,E:\Computer vision\Projects\dataset\manifest-1788901441878\Adrenal-ACC-Ki67-Seg\Adrenal_Ki67_Seg_002\09-25-2001-NA-CT ABDOMEN-85015\3.000000-PREFC12ORG-57738\1-10.dcm,2.241535533335121,0.9921836514558782,0.6381692397131573,57.6449998276661,0.22345114944036853
Adrenal_Ki67_Seg_002,1-11.dcm,E:\Computer vision\Projects\dataset\manifest-1788901441878\Adrenal-ACC-Ki67-Seg\Adrenal_Ki67_Seg_002\09-25-2001-NA-CT ABDOMEN-85015\3.000000-PREFC12ORG-57738\1-11.dcm,2.306765828868609,0.9924199457583706,0.6348506081168284,64.9704351622428,0.22310266218456543
Adrenal_Ki67_Seg_002,1-12.dcm,E:\Computer vision\Projects\dataset\manifest-1788901441878\Adrenal-ACC-Ki67-Seg\Adrenal_Ki67_Seg_002\09-25-2001-NA-CT ABDOMEN-85015\3.000000-PREFC12ORG-57738\1-12.dcm,2.2144676222900497,0.9924558589215415,0.6424436396289342,59.76069331842326,0.22514383429808052
Adrenal_Ki67_Seg_002,1-13.dcm,E:\Computer vision\Projects\dataset\manifest-1788901441878\Adrenal-ACC-Ki67-Seg\Adrenal_Ki67_Seg_002\09-25-2001-NA-CT ABDOMEN-85015\3.000000-PREFC12ORG-57738\1-13.dcm,2.228916862297556,0.9924285577177852,0.6440066547907332,61.0850946496069,0.22549121975101552
Adrenal_Ki67_Seg_002,1-14.dcm,E:\Computer vision\Projects\dataset\manifest-1788901441878\Adrenal-ACC-Ki67-Seg\Adrenal_Ki67_Seg_002\09-25-2001-NA-CT ABDOMEN-85015\3.000000-PREFC12ORG-57738\1-14.dcm,2.3084202342975098,0.9925789006170046,0.6339239055579919,66.10658277197162,0.2244475062671059
Adrenal_Ki67_Seg_002,1-15.dcm,E:\Computer vision\Projects\dataset\manifest-1788901441878\Adrenal-ACC-Ki67-Seg\Adrenal_Ki67_Seg_002\09-25-2001-NA-CT ABDOMEN-85015\3.000000-PREFC12ORG-57738\1-15.dcm,2.2659073762738347,0.9927221841284993,0.6330055558932933,65.06640982533003,0.22399744605584543
Adrenal_Ki67_Seg_002,1-16.dcm,E:\Computer vision\Projects\dataset\manifest-1788901441878\Adrenal-ACC-Ki67-Seg\Adrenal_Ki67_Seg_002\09-25-2001-NA-CT ABDOMEN-85015\3.000000-PREFC12ORG-57738\1-16.dcm,2.114870117684905,0.9928407033462051,0.6422785043245081,56.11845466278087,0.22560959665683183
Adrenal_Ki67_Seg_002,1-17.dcm,E:\Computer vision\Projects\dataset\manifest-1788901441878\Adrenal-ACC-Ki67-Seg\Adrenal_Ki67_Seg_002\09-25-2001-NA-CT ABDOMEN-85015\3.000000-PREFC12ORG-57738\1-17.dcm,2.314697017857622,0.9928496284211109,0.6236320555972557,66.55038085791647,0.2223379179097503
Adrenal_Ki67_Seg_002,1-18.dcm,E:\Computer vision\Projects\dataset\manifest-1788901441878\Adrenal-ACC-Ki67-Seg\Adrenal_Ki67_Seg_002\09-25-2001-NA-CT ABDOMEN-85015\3.000000-PREFC12ORG-57738\1-18.dcm,2.180096583576196,0.9928076594416925,0.6327847430998214,58.80830343021052,0.2236445104740016
Adrenal_Ki67_Seg_002,1-19.dcm,E:\Computer vision\Projects\dataset\manifest-1788901441878\Adrenal-ACC-Ki67-Seg\Adrenal_Ki67_Seg_002\09-25-2001-NA-CT ABDOMEN-85015\3.000000-PREFC12ORG-57738\1-19.dcm,2.184290041781397,0.9929194990577502,0.62994198428753,61.30889510992988,0.22302671783400574
Adrenal_Ki67_Seg_002,1-20.dcm,E:\Computer vision\Projects\dataset\manifest-1788901441878\Adrenal-ACC-Ki67-Seg\Adrenal_Ki67_Seg_002\09-25-2001-NA-CT ABDOMEN-85015\3.000000-PREFC12ORG-57738\1-20.dcm,2.0495249328855207,0.9929540786664077,0.6406585287075487,54.339160772209055,0.22464639355197855
Adrenal_Ki67_Seg_002,1-21.dcm,E:\Computer vision\Projects\dataset\manifest-1788901441878\Adrenal-ACC-Ki67-Seg\Adrenal_Ki67_Seg_002\09-25-2001-NA-CT ABDOMEN-85015\3.000000-PREFC12ORG-57738\1-21.dcm,2.031341791736398,0.9930301825017346,0.639354325700937,54.15323930285194,0.22373682537427708
Adrenal_Ki67_Seg_002,1-22.dcm,E:\Computer vision\Projects\dataset\manifest-1788901441878\Adrenal-ACC-Ki67-Seg\Adrenal_Ki67_Seg_002\09-25-2001-NA-CT ABDOMEN-85015\3.000000-PREFC12ORG-57738\1-22.dcm,2.2269254483553604,0.9930158695838015,0.6182402070957282,62.52737619724189,0.22205939093997867
Adrenal_Ki67_Seg_002,1-23.dcm,E:\Computer vision\Projects\dataset\manifest-1788901441878\Adrenal-ACC-Ki67-Seg\Adrenal_Ki67_Seg_002\09-25-2001-NA-CT ABDOMEN-85015\3.000000-PREFC12ORG-57738\1-23.dcm,2.199957108007399,0.992954793839089,0.6235185842867842,61.03890150543235,0.22262932183765674
Adrenal_Ki67_Seg_002,1-24.dcm,E:\Computer vision\Projects\dataset\manifest-1788901441878\Adrenal-ACC-Ki67-Seg\Adrenal_Ki67_Seg_002\09-25-2001-NA-CT ABDOMEN-85015\3.000000-PREFC12ORG-57738\1-24.dcm,2.137047575645007,0.9929418187193478,0.625944939670526,57.092926267898804,0.22352811727430616
Adrenal_Ki67_Seg_002,1-25.dcm,E:\Computer vision\Projects\dataset\manifest-1788901441878\Adrenal-ACC-Ki67-Seg\Adrenal_Ki67_Seg_002\09-25-2001-NA-CT ABDOMEN-85015\3.000000-PREFC12ORG-57738\1-25.dcm,2.1025156919589003,0.9928955828129705,0.6310096229952546,55.71735325768514,0.22497923415717025
Adrenal_Ki67_Seg_002,1-26.dcm,E:\Computer vision\Projects\dataset\manifest-1788901441878\Adrenal-ACC-Ki67-Seg\Adrenal_Ki67_Seg_002\09-25-2001-NA-CT ABDOMEN-85015\3.000000-PREFC12ORG-57738\1-26.dcm,2.082965368545617,0.9928297316737739,0.6338453271902009,54.51683319227484,0.22592808803349
Adrenal_Ki67_Seg_002,1-27.dcm,E:\Computer vision\Projects\dataset\manifest-1788901441878\Adrenal-ACC-Ki67-Seg\Adrenal_Ki67_Seg_002\09-25-2001-NA-CT ABDOMEN-85015\3.000000-PREFC12ORG-57738\1-27.dcm,2.1533044067692755,0.992835464050025,0.6306596343044167,59.61179300017999,0.22580398581142155
Adrenal_Ki67_Seg_002,1-28.dcm,E:\Computer vision\Projects\dataset\manifest-1788901441878\Adrenal-ACC-Ki67-Seg\Adrenal_Ki67_Seg_002\09-25-2001-NA-CT ABDOMEN-85015\3.000000-PREFC12ORG-57738\1-28.dcm,2.170553115222445,0.9927416690946668,0.6287625636851829,58.57363061569157,0.22544438172356995
Adrenal_Ki67_Seg_002,1-29.dcm,E:\Computer vision\Projects\dataset\manifest-1788901441878\Adrenal-ACC-Ki67-Seg\Adrenal_Ki67_Seg_002\09-25-2001-NA-CT ABDOMEN-85015\3.000000-PREFC12ORG-57738\1-29.dcm,2.1810425051987394,0.9927767775018428,0.6246909644450154,58.459940027803206,0.22278463727761733
Adrenal_Ki67_Seg_002,1-30.dcm,E:\Computer vision\Projects\dataset\manifest-1788901441878\Adrenal-ACC-Ki67-Seg\Adrenal_Ki67_Seg_002\09-25-2001-NA-CT ABDOMEN-85015\3.000000-PREFC12ORG-57738\1-30.dcm,2.0918424791571724,0.9927090821705234,0.6245525777776267,51.06475541990111,0.22238697991347803
Adrenal_Ki67_Seg_002,1-31.dcm,E:\Computer vision\Projects\dataset\manifest-1788901441878\Adrenal-ACC-Ki67-Seg\Adrenal_Ki67_Seg_002\09-25-2001-NA-CT ABDOMEN-85015\3.000000-PREFC12ORG-57738\1-31.dcm,2.046216122027719,0.9928936701666404,0.6297175252564823,50.26337981242413,0.22339024970409163
Adrenal_Ki67_Seg_002,1-32.dcm,E:\Computer vision\Projects\dataset\manifest-1788901441878\Adrenal-ACC-Ki67-Seg\Adrenal_Ki67_Seg_002\09-25-2001-NA-CT ABDOMEN-85015\3.000000-PREFC12ORG-57738\1-32.dcm,1.987457921806366,0.9930068691394346,0.6344276121852583,48.076152435077994,0.22497608691058288
Adrenal_Ki67_Seg_002,1-33.dcm,E:\Computer vision\Projects\dataset\manifest-1788901441878\Adrenal-ACC-Ki67-Seg\Adrenal_Ki67_Seg_002\09-25-2001-NA-CT ABDOMEN-85015\3.000000-PREFC12ORG-57738\1-33.dcm,2.0709402920485145,0.9930921974524538,0.627050697050882,53.99701287908672,0.22482404974957285
Adrenal_Ki67_Seg_002,1-34.dcm,E:\Computer vision\Projects\dataset\manifest-1788901441878\Adrenal-ACC-Ki67-Seg\Adrenal_Ki67_Seg_002\09-25-2001-NA-CT ABDOMEN-85015\3.000000-PREFC12ORG-57738\1-34.dcm,2.094534717621332,0.993003298603352,0.6218435552312398,52.98766855212717,0.22476831981211678
Adrenal_Ki67_Seg_002,1-35.dcm,E:\Computer vision\Projects\dataset\manifest-1788901441878\Adrenal-ACC-Ki67-Seg\Adrenal_Ki67_Seg_002\09-25-2001-NA-CT ABDOMEN-85015\3.000000-PREFC12ORG-57738\1-35.dcm,2.13715480562651,0.9928612829262837,0.6195666545444942,57.30014054786861,0.22512116975407215
Adrenal_Ki67_Seg_002,1-36.dcm,E:\Computer vision\Projects\dataset\manifest-1788901441878\Adrenal-ACC-Ki67-Seg\Adrenal_Ki67_Seg_002\09-25-2001-NA-CT ABDOMEN-85015\3.000000-PREFC12ORG-57738\1-36.dcm,2.0428881629589353,0.992645009960823,0.6259243952313867,53.748151240229646,0.2266573560441383
Adrenal_Ki67_Seg_002,1-37.dcm,E:\Computer vision\Projects\dataset\manifest-1788901441878\Adrenal-ACC-Ki67-Seg\Adrenal_Ki67_Seg_002\09-25-2001-NA-CT ABDOMEN-85015\3.000000-PREFC12ORG-57738\1-37.dcm,1.9896561364271736,0.9923357680605944,0.62857252644838,54.36728183485817,0.22748720532516958
Adrenal_Ki67_Seg_002,1-38.dcm,E:\Computer vision\Projects\dataset\manifest-1788901441878\Adrenal-ACC-Ki67-Seg\Adrenal_Ki67_Seg_002\09-25-2001-NA-CT ABDOMEN-85015\3.000000-PREFC12ORG-57738\1-38.dcm,2.0042470731959514,0.9921251417574924,0.6238530923179897,55.963798392316214,0.22758924663022478
Adrenal_Ki67_Seg_002,1-39.dcm,E:\Computer vision\Projects\dataset\manifest-1788901441878\Adrenal-ACC-Ki67-Seg\Adrenal_Ki67_Seg_002\09-25-2001-NA-CT ABDOMEN-85015\3.000000-PREFC12ORG-57738\1-39.dcm,2.049034738684365,0.9919520659186692,0.6210831695774537,59.458389022713604,0.227679527687405
Adrenal_Ki67_Seg_002,1-40.dcm,E:\Computer vision\Projects\dataset\manifest-1788901441878\Adrenal-ACC-Ki67-Seg\Adrenal_Ki67_Seg_002\09-25-2001-NA-CT ABDOMEN-85015\3.000000-PREFC12ORG-57738\1-40.dcm,2.159175248256555,0.9917519997088191,0.6083190036204258,64.54543296019853,0.22681937427275958
Adrenal_Ki67_Seg_002,1-41.dcm,E:\Computer vision\Projects\dataset\manifest-1788901441878\Adrenal-ACC-Ki67-Seg\Adrenal_Ki67_Seg_002\09-25-2001-NA-CT ABDOMEN-85015\3.000000-PREFC12ORG-57738\1-41.dcm,2.162587459453663,0.9917112944540674,0.6105430038392416,66.23961688259466,0.22871264621684634
Adrenal_Ki67_Seg_002,1-42.dcm,E:\Computer vision\Projects\dataset\manifest-1788901441878\Adrenal-ACC-Ki67-Seg\Adrenal_Ki67_Seg_002\09-25-2001-NA-CT ABDOMEN-85015\3.000000-PREFC12ORG-57738\1-42.dcm,2.096361456949077,0.991570786737917,0.6164412573876261,61.38751000494024,0.23110466001114158
Adrenal_Ki67_Seg_002,1-43.dcm,E:\Computer vision\Projects\dataset\manifest-1788901441878\Adrenal-ACC-Ki67-Seg\Adrenal_Ki67_Seg_002\09-25-2001-NA-CT ABDOMEN-85015\3.000000-PREFC12ORG-57738\1-43.dcm,2.1071801961542738,0.9913862453744966,0.6176291171553787,62.629742533155124,0.23178097583134655
Adrenal_Ki67_Seg_002,1-44.dcm,E:\Computer vision\Projects\dataset\manifest-1788901441878\Adrenal-ACC-Ki67-Seg\Adrenal_Ki67_Seg_002\09-25-2001-NA-CT ABDOMEN-85015\3.000000-PREFC12ORG-57738\1-44.dcm,2.054254540998235,0.9913884336872907,0.6196951622047215,59.54135822090143,0.23328493722873248
Adrenal_Ki67_Seg_002,1-45.dcm,E:\Computer vision\Projects\dataset\manifest-1788901441878\Adrenal-ACC-Ki67-Seg\Adrenal_Ki67_Seg_002\09-25-2001-NA-CT ABDOMEN-85015\3.000000-PREFC12ORG-57738\1-45.dcm,2.1383649725606135,0.991345762488936,0.6094938526007981,64.56050643188408,0.23086707005592116
Adrenal_Ki67_Seg_002,1-46.dcm,E:\Computer vision\Projects\dataset\manifest-1788901441878\Adrenal-ACC-Ki67-Seg\Adrenal_Ki67_Seg_002\09-25-2001-NA-CT ABDOMEN-85015\3.000000-PREFC12ORG-57738\1-46.dcm,2.2709012296981097,0.9913162149566084,0.5941634888245713,72.65094726199732,0.2286884655014963
Adrenal_Ki67_Seg_002,1-47.dcm,E:\Computer vision\Projects\dataset\manifest-1788901441878\Adrenal-ACC-Ki67-Seg\Adrenal_Ki67_Seg_002\09-25-2001-NA-CT ABDOMEN-85015\3.000000-PREFC12ORG-57738\1-47.dcm,2.18680228706232,0.9912181039732761,0.6020414880084584,67.10907203939936,0.23009138419426436
Adrenal_Ki67_Seg_002,1-48.dcm,E:\Computer vision\Projects\dataset\manifest-1788901441878\Adrenal-ACC-Ki67-Seg\Adrenal_Ki67_Seg_002\09-25-2001-NA-CT ABDOMEN-85015\3.000000-PREFC12ORG-57738\1-48.dcm,2.3051497198616735,0.9911266251041335,0.5874645434875183,68.1508457764791,0.22747600925706601
Adrenal_Ki67_Seg_002,1-49.dcm,E:\Computer vision\Projects\dataset\manifest-1788901441878\Adrenal-ACC-Ki67-Seg\Adrenal_Ki67_Seg_002\09-25-2001-NA-CT ABDOMEN-85015\3.000000-PREFC12ORG-57738\1-49.dcm,2.2506462521206645,0.9911464257528484,0.5882057919203704,62.93246043022201,0.22759493233269568
Adrenal_Ki67_Seg_002,1-50.dcm,E:\Computer vision\Projects\dataset\manifest-1788901441878\Adrenal-ACC-Ki67-Seg\Adrenal_Ki67_Seg_002\09-25-2001-NA-CT ABDOMEN-85015\3.000000-PREFC12ORG-57738\1-50.dcm,2.436583040046569,0.9911236879715501,0.5689984961105323,73.1866108049525,0.22436297864945057
Adrenal_Ki67_Seg_002,1-51.dcm,E:\Computer vision\Projects\dataset\manifest-1788901441878\Adrenal-ACC-Ki67-Seg\Adrenal_Ki67_Seg_002\09-25-2001-NA-CT ABDOMEN-85015\3.000000-PREFC12ORG-57738\1-51.dcm,2.435621799855239,0.9911307632369987,0.5684123083582053,74.78551322949897,0.22402227048256243
Adrenal_Ki67_Seg_002,1-52.dcm,E:\Computer vision\Projects\dataset\manifest-1788901441878\Adrenal-ACC-Ki67-Seg\Adrenal_Ki67_Seg_002\09-25-2001-NA-CT ABDOMEN-85015\3.000000-PREFC12ORG-57738\1-52.dcm,2.449848920615347,0.9910576926234496,0.5652125962831949,73.26048460292355,0.2231712282233615
Adrenal_Ki67_Seg_002,1-53.dcm,E:\Computer vision\Projects\dataset\manifest-1788901441878\Adrenal-ACC-Ki67-Seg\Adrenal_Ki67_Seg_002\09-25-2001-NA-CT ABDOMEN-85015\3.000000-PREFC12ORG-57738\1-53.dcm,2.43274190892345,0.9909752459561952,0.5657656370358433,70.91557553777753,0.22291057187744281
Adrenal_Ki67_Seg_002,1-54.dcm,E:\Computer vision\Projects\dataset\manifest-1788901441878\Adrenal-ACC-Ki67-Seg\Adrenal_Ki67_Seg_002\09-25-2001-NA-CT ABDOMEN-85015\3.000000-PREFC12ORG-57738\1-54.dcm,2.4315585494847216,0.990947509145388,0.5616173563717537,69.63101780400658,0.22201439380475912
Adrenal_Ki67_Seg_002,1-55.dcm,E:\Computer vision\Projects\dataset\manifest-1788901441878\Adrenal-ACC-Ki67-Seg\Adrenal_Ki67_Seg_002\09-25-2001-NA-CT ABDOMEN-85015\3.000000-PREFC12ORG-57738\1-55.dcm,2.427345943068539,0.9909104028328088,0.5618567521400383,68.20339612669989,0.2215942339346299
Adrenal_Ki67_Seg_002,1-56.dcm,E:\Computer vision\Projects\dataset\manifest-1788901441878\Adrenal-ACC-Ki67-Seg\Adrenal_Ki67_Seg_002\09-25-2001-NA-CT ABDOMEN-85015\3.000000-PREFC12ORG-57738\1-56.dcm,2.5216700303690627,0.9907857850072272,0.5538520275242447,70.67287962285684,0.2205235523835647
Adrenal_Ki67_Seg_002,1-01.dcm,E:\Computer vision\Projects\dataset\manifest-1788901441878\Adrenal-ACC-Ki67-Seg\Adrenal_Ki67_Seg_002\09-25-2001-NA-CT ABDOMEN-85015\6.000000-POSTFC12ORG-92510\1-01.dcm,2.621183282845884,0.9894874461704959,0.6069302433532927,85.11669302737046,0.22061712161584
Adrenal_Ki67_Seg_002,1-02.dcm,E:\Computer vision\Projects\dataset\manifest-1788901441878\Adrenal-ACC-Ki67-Seg\Adrenal_Ki67_Seg_002\09-25-2001-NA-CT ABDOMEN-85015\6.000000-POSTFC12ORG-92510\1-02.dcm,2.576008823495621,0.9895913731725484,0.6100048283531393,80.95433917609078,0.22211224298824747
Adrenal_Ki67_Seg_002,1-03.dcm,E:\Computer vision\Projects\dataset\manifest-1788901441878\Adrenal-ACC-Ki67-Seg\Adrenal_Ki67_Seg_002\09-25-2001-NA-CT ABDOMEN-85015\6.000000-POSTFC12ORG-92510\1-03.dcm,2.629313613229116,0.9897208777151246,0.5992304702260937,82.96377158482082,0.22053053483060625
Adrenal_Ki67_Seg_002,1-04.dcm,E:\Computer vision\Projects\dataset\manifest-1788901441878\Adrenal-ACC-Ki67-Seg\Adrenal_Ki67_Seg_002\09-25-2001-NA-CT ABDOMEN-85015\6.000000-POSTFC12ORG-92510\1-04.dcm,2.6117432148314386,0.9898102296103385,0.6016673749326729,80.2970844933958,0.2206898273992898
Adrenal_Ki67_Seg_002,1-05.dcm,E:\Computer vision\Projects\dataset\manifest-1788901441878\Adrenal-ACC-Ki67-Seg\Adrenal_Ki67_Seg_002\09-25-2001-NA-CT ABDOMEN-85015\6.000000-POSTFC12ORG-92510\1-05.dcm,2.5528816142707784,0.9902523120672265,0.5973792100412835,76.87170698641627,0.22014899637585028
Adrenal_Ki67_Seg_002,1-06.dcm,E:\Computer vision\Projects\dataset\manifest-1788901441878\Adrenal-ACC-Ki67-Seg\Adrenal_Ki67_Seg_002\09-25-2001-NA-CT ABDOMEN-85015\6.000000-POSTFC12ORG-92510\1-06.dcm,2.543242404862114,0.9906503532479198,0.5985690754620495,78.11225447206468,0.2196624651378168
Adrenal_Ki67_Seg_002,1-07.dcm,E:\Computer vision\Projects\dataset\manifest-1788901441878\Adrenal-ACC-Ki67-Seg\Adrenal_Ki67_Seg_002\09-25-2001-NA-CT ABDOMEN-85015\6.000000-POSTFC12ORG-92510\1-07.dcm,2.514508599461552,0.9910332964032305,0.6005577534459111,75.6454478958031,0.22014183302526846
Adrenal_Ki67_Seg_002,1-08.dcm,E:\Computer vision\Projects\dataset\manifest-1788901441878\Adrenal-ACC-Ki67-Seg\Adrenal_Ki67_Seg_002\09-25-2001-NA-CT ABDOMEN-85015\6.000000-POSTFC12ORG-92510\1-08.dcm,2.4330482802991718,0.9914548034566616,0.6078273110992578,69.36652356570325,0.22064689667939802
Adrenal_Ki67_Seg_002,1-09.dcm,E:\Computer vision\Projects\dataset\manifest-1788901441878\Adrenal-ACC-Ki67-Seg\Adrenal_Ki67_Seg_002\09-25-2001-NA-CT ABDOMEN-85015\6.000000-POSTFC12ORG-92510\1-09.dcm,2.5240137713933386,0.9924329783532235,0.5917993322971365,71.26421467442296,0.2190011778140242
Adrenal_Ki67_Seg_002,1-10.dcm,E:\Computer vision\Projects\dataset\manifest-1788901441878\Adrenal-ACC-Ki67-Seg\Adrenal_Ki67_Seg_002\09-25-2001-NA-CT ABDOMEN-85015\6.000000-POSTFC12ORG-92510\1-10.dcm,2.458779646217654,0.9928343818976127,0.6003759488328899,69.27998514098827,0.21943294397423993
Adrenal_Ki67_Seg_002,1-11.dcm,E:\Computer vision\Projects\dataset\manifest-1788901441878\Adrenal-ACC-Ki67-Seg\Adrenal_Ki67_Seg_002\09-25-2001-NA-CT ABDOMEN-85015\6.000000-POSTFC12ORG-92510\1-11.dcm,2.332880159006744,0.9930401513180372,0.6081399503960272,63.021671945190164,0.22068121274148214
Adrenal_Ki67_Seg_002,1-12.dcm,E:\Computer vision\Projects\dataset\manifest-1788901441878\Adrenal-ACC-Ki67-Seg\Adrenal_Ki67_Seg_002\09-25-2001-NA-CT ABDOMEN-85015\6.000000-POSTFC12ORG-92510\1-12.dcm,2.30757005372988,0.9931542679264715,0.6107382368235498,63.20061963610742,0.22076564321122782
Adrenal_Ki67_Seg_002,1-13.dcm,E:\Computer vision\Projects\dataset\manifest-1788901441878\Adrenal-ACC-Ki67-Seg\Adrenal_Ki67_Seg_002\09-25-2001-NA-CT ABDOMEN-85015\6.000000-POSTFC12ORG-92510\1-13.dcm,2.2107030840108606,0.9931221820508715,0.6187421676618003,57.87521110902609,0.22210656908892767
Adrenal_Ki67_Seg_002,1-14.dcm,E:\Computer vision\Projects\dataset\manifest-1788901441878\Adrenal-ACC-Ki67-Seg\Adrenal_Ki67_Seg_002\09-25-2001-NA-CT ABDOMEN-85015\6.000000-POSTFC12ORG-92510\1-14.dcm,2.2574591855882904,0.9931513507861794,0.6153536461019455,61.25745535594609,0.22162333046483051
Adrenal_Ki67_Seg_002,1-15.dcm,E:\Computer vision\Projects\dataset\manifest-1788901441878\Adrenal-ACC-Ki67-Seg\Adrenal_Ki67_Seg_002\09-25-2001-NA-CT ABDOMEN-85015\6.000000-POSTFC12ORG-92510\1-15.dcm,2.3410870822339076,0.9932364272825585,0.6048477246530188,66.9367879259041,0.22017736754981604
Adrenal_Ki67_Seg_002,1-16.dcm,E:\Computer vision\Projects\dataset\manifest-1788901441878\Adrenal-ACC-Ki67-Seg\Adrenal_Ki67_Seg_002\09-25-2001-NA-CT ABDOMEN-85015\6.000000-POSTFC12ORG-92510\1-16.dcm,2.2024923311415012,0.9932302154304078,0.6183422842923444,60.74633216018627,0.22125907086334695
Adrenal_Ki67_Seg_002,1-17.dcm,E:\Computer vision\Projects\dataset\manifest-1788901441878\Adrenal-ACC-Ki67-Seg\Adrenal_Ki67_Seg_002\09-25-2001-NA-CT ABDOMEN-85015\6.000000-POSTFC12ORG-92510\1-17.dcm,2.2766686708460826,0.9932381944780457,0.6083883979493032,63.91297521072606,0.21997630556278153
Adrenal_Ki67_Seg_002,1-18.dcm,E:\Computer vision\Projects\dataset\manifest-1788901441878\Adrenal-ACC-Ki67-Seg\Adrenal_Ki67_Seg_002\09-25-2001-NA-CT ABDOMEN-85015\6.000000-POSTFC12ORG-92510\1-18.dcm,2.2045335304322515,0.9931636126045611,0.6200823195896965,60.980817322237584,0.2207872162263221
Adrenal_Ki67_Seg_002,1-19.dcm,E:\Computer vision\Projects\dataset\manifest-1788901441878\Adrenal-ACC-Ki67-Seg\Adrenal_Ki67_Seg_002\09-25-2001-NA-CT ABDOMEN-85015\6.000000-POSTFC12ORG-92510\1-19.dcm,2.2140731691438074,0.9930949036708305,0.6145968983778554,59.18115739446465,0.22050184023516484
Adrenal_Ki67_Seg_002,1-20.dcm,E:\Computer vision\Projects\dataset\manifest-1788901441878\Adrenal-ACC-Ki67-Seg\Adrenal_Ki67_Seg_002\09-25-2001-NA-CT ABDOMEN-85015\6.000000-POSTFC12ORG-92510\1-20.dcm,2.2060385798154876,0.9930013193602341,0.6199174730120733,59.20527648101837,0.22120128484646795
Adrenal_Ki67_Seg_002,1-21.dcm,E:\Computer vision\Projects\dataset\manifest-1788901441878\Adrenal-ACC-Ki67-Seg\Adrenal_Ki67_Seg_002\09-25-2001-NA-CT ABDOMEN-85015\6.000000-POSTFC12ORG-92510\1-21.dcm,2.1296640254900985,0.9929820884734497,0.6230901770663143,54.13121120093751,0.22192329979525108
Adrenal_Ki67_Seg_002,1-22.dcm,E:\Computer vision\Projects\dataset\manifest-1788901441878\Adrenal-ACC-Ki67-Seg\Adrenal_Ki67_Seg_002\09-25-2001-NA-CT ABDOMEN-85015\6.000000-POSTFC12ORG-92510\1-22.dcm,2.250286265754191,0.9929096139735216,0.6146484995120112,60.08342109596702,0.22159504879979475
Adrenal_Ki67_Seg_002,1-23.dcm,E:\Computer vision\Projects\dataset\manifest-1788901441878\Adrenal-ACC-Ki67-Seg\Adrenal_Ki67_Seg_002\09-25-2001-NA-CT ABDOMEN-85015\6.000000-POSTFC12ORG-92510\1-23.dcm,2.412291619593981,0.9928935153437413,0.5966316643813552,66.7629642962458,0.21990224679898374
Adrenal_Ki67_Seg_002,1-24.dcm,E:\Computer vision\Projects\dataset\manifest-1788901441878\Adrenal-ACC-Ki67-Seg\Adrenal_Ki67_Seg_002\09-25-2001-NA-CT ABDOMEN-85015\6.000000-POSTFC12ORG-92510\1-24.dcm,2.2018719291056637,0.992888063036739,0.6176573147074177,56.997564347563,0.22275255683529033
Adrenal_Ki67_Seg_002,1-25.dcm,E:\Computer vision\Projects\dataset\manifest-1788901441878\Adrenal-ACC-Ki67-Seg\Adrenal_Ki67_Seg_002\09-25-2001-NA-CT ABDOMEN-85015\6.000000-POSTFC12ORG-92510\1-25.dcm,2.204188862634564,0.9929582115295066,0.6120287868339398,57.986458385193075,0.22187592223430191
Adrenal_Ki67_Seg_002,1-26.dcm,E:\Computer vision\Projects\dataset\manifest-1788901441878\Adrenal-ACC-Ki67-Seg\Adrenal_Ki67_Seg_002\09-25-2001-NA-CT ABDOMEN-85015\6.000000-POSTFC12ORG-92510\1-26.dcm,2.1201550239161158,0.9930062988520192,0.6245307942457015,55.562873150761526,0.22359706987588535
Adrenal_Ki67_Seg_002,1-27.dcm,E:\Computer vision\Projects\dataset\manifest-1788901441878\Adrenal-ACC-Ki67-Seg\Adrenal_Ki67_Seg_002\09-25-2001-NA-CT ABDOMEN-85015\6.000000-POSTFC12ORG-92510\1-27.dcm,2.1496585873981795,0.9929150125049861,0.6220831876598983,56.30938530413104,0.22404550973550882
Adrenal_Ki67_Seg_002,1-28.dcm,E:\Computer vision\Projects\dataset\manifest-1788901441878\Adrenal-ACC-Ki67-Seg\Adrenal_Ki67_Seg_002\09-25-2001-NA-CT ABDOMEN-85015\6.000000-POSTFC12ORG-92510\1-28.dcm,2.193515649832837,0.9929091713871718,0.6214446402056619,59.425427292328095,0.22393931302836198
Adrenal_Ki67_Seg_002,1-29.dcm,E:\Computer vision\Projects\dataset\manifest-1788901441878\Adrenal-ACC-Ki67-Seg\Adrenal_Ki67_Seg_002\09-25-2001-NA-CT ABDOMEN-85015\6.000000-POSTFC12ORG-92510\1-29.dcm,2.1567395958195625,0.9929595720605481,0.6219824801178508,56.64409220246553,0.22350965766675557
Adrenal_Ki67_Seg_002,1-30.dcm,E:\Computer vision\Projects\dataset\manifest-1788901441878\Adrenal-ACC-Ki67-Seg\Adrenal_Ki67_Seg_002\09-25-2001-NA-CT ABDOMEN-85015\6.000000-POSTFC12ORG-92510\1-30.dcm,2.088824721106307,0.9930686642753329,0.6241615099130328,53.35999785540036,0.2225736810378928
Adrenal_Ki67_Seg_002,1-31.dcm,E:\Computer vision\Projects\dataset\manifest-1788901441878\Adrenal-ACC-Ki67-Seg\Adrenal_Ki67_Seg_002\09-25-2001-NA-CT ABDOMEN-85015\6.000000-POSTFC12ORG-92510\1-31.dcm,2.046813546210378,0.9931969601171333,0.6222315683486939,49.55255992432628,0.2216904378209905
Adrenal_Ki67_Seg_002,1-32.dcm,E:\Computer vision\Projects\dataset\manifest-1788901441878\Adrenal-ACC-Ki67-Seg\Adrenal_Ki67_Seg_002\09-25-2001-NA-CT ABDOMEN-85015\6.000000-POSTFC12ORG-92510\1-32.dcm,1.9771983103618633,0.9933507665978408,0.6335428477035161,48.92727892433011,0.22441125243121343
Adrenal_Ki67_Seg_002,1-33.dcm,E:\Computer vision\Projects\dataset\manifest-1788901441878\Adrenal-ACC-Ki67-Seg\Adrenal_Ki67_Seg_002\09-25-2001-NA-CT ABDOMEN-85015\6.000000-POSTFC12ORG-92510\1-33.dcm,2.032008149478594,0.9933655736227167,0.6264737315645442,50.62168879561582,0.2239967009200991
Adrenal_Ki67_Seg_002,1-34.dcm,E:\Computer vision\Projects\dataset\manifest-1788901441878\Adrenal-ACC-Ki67-Seg\Adrenal_Ki67_Seg_002\09-25-2001-NA-CT ABDOMEN-85015\6.000000-POSTFC12ORG-92510\1-34.dcm,2.06733659874158,0.9931581702823089,0.6325338650617821,53.51118064039277,0.22596846743579177
Adrenal_Ki67_Seg_002,1-35.dcm,E:\Computer vision\Projects\dataset\manifest-1788901441878\Adrenal-ACC-Ki67-Seg\Adrenal_Ki67_Seg_002\09-25-2001-NA-CT ABDOMEN-85015\6.000000-POSTFC12ORG-92510\1-35.dcm,2.1121625606519583,0.9929253996452088,0.6221797196581392,55.87762761325209,0.22455888746520325
Adrenal_Ki67_Seg_002,1-36.dcm,E:\Computer vision\Projects\dataset\manifest-1788901441878\Adrenal-ACC-Ki67-Seg\Adrenal_Ki67_Seg_002\09-25-2001-NA-CT ABDOMEN-85015\6.000000-POSTFC12ORG-92510\1-36.dcm,2.0881277262265385,0.9927584367309242,0.6283533038945186,56.62338149746669,0.22662564168730126
Adrenal_Ki67_Seg_002,1-37.dcm,E:\Computer vision\Projects\dataset\manifest-1788901441878\Adrenal-ACC-Ki67-Seg\Adrenal_Ki67_Seg_002\09-25-2001-NA-CT ABDOMEN-85015\6.000000-POSTFC12ORG-92510\1-37.dcm,2.0854508063311648,0.9923825180643999,0.6238641698696231,56.59364432581065,0.2262851643486052
Adrenal_Ki67_Seg_002,1-38.dcm,E:\Computer vision\Projects\dataset\manifest-1788901441878\Adrenal-ACC-Ki67-Seg\Adrenal_Ki67_Seg_002\09-25-2001-NA-CT ABDOMEN-85015\6.000000-POSTFC12ORG-92510\1-38.dcm,1.9810279525583927,0.9920319274451984,0.6349989101001259,54.5925835149222,0.22884224353257324
Adrenal_Ki67_Seg_002,1-39.dcm,E:\Computer vision\Projects\dataset\manifest-1788901441878\Adrenal-ACC-Ki67-Seg\Adrenal_Ki67_Seg_002\09-25-2001-NA-CT ABDOMEN-85015\6.000000-POSTFC12ORG-92510\1-39.dcm,2.0344016758514254,0.9919492732194092,0.625029775147916,58.168033210657136,0.22869280009986628
Adrenal_Ki67_Seg_002,1-40.dcm,E:\Computer vision\Projects\dataset\manifest-1788901441878\Adrenal-ACC-Ki67-Seg\Adrenal_Ki67_Seg_002\09-25-2001-NA-CT ABDOMEN-85015\6.000000-POSTFC12ORG-92510\1-40.dcm,2.068324646428284,0.9918107974127602,0.6239309424199363,62.661597496945866,0.2288622324118834
Adrenal_Ki67_Seg_002,1-41.dcm,E:\Computer vision\Projects\dataset\manifest-1788901441878\Adrenal-ACC-Ki67-Seg\Adrenal_Ki67_Seg_002\09-25-2001-NA-CT ABDOMEN-85015\6.000000-POSTFC12ORG-92510\1-41.dcm,2.222988576177328,0.9917556669823041,0.6050059871530317,70.16951911182937,0.22700805477237454
Adrenal_Ki67_Seg_002,1-42.dcm,E:\Computer vision\Projects\dataset\manifest-1788901441878\Adrenal-ACC-Ki67-Seg\Adrenal_Ki67_Seg_002\09-25-2001-NA-CT ABDOMEN-85015\6.000000-POSTFC12ORG-92510\1-42.dcm,2.0887787653999483,0.9917239890788621,0.6181408794371044,63.386491320115965,0.22925258706817583
Adrenal_Ki67_Seg_002,1-43.dcm,E:\Computer vision\Projects\dataset\manifest-1788901441878\Adrenal-ACC-Ki67-Seg\Adrenal_Ki67_Seg_002\09-25-2001-NA-CT ABDOMEN-85015\6.000000-POSTFC12ORG-92510\1-43.dcm,2.071901532239843,0.9916837107160659,0.6165554557933971,62.40460552770555,0.22963692064387145
Adrenal_Ki67_Seg_002,1-44.dcm,E:\Computer vision\Projects\dataset\manifest-1788901441878\Adrenal-ACC-Ki67-Seg\Adrenal_Ki67_Seg_002\09-25-2001-NA-CT ABDOMEN-85015\6.000000-POSTFC12ORG-92510\1-44.dcm,2.053833280356616,0.9915004155891688,0.6223466253569173,59.732779056452756,0.23144522684748314
Adrenal_Ki67_Seg_002,1-45.dcm,E:\Computer vision\Projects\dataset\manifest-1788901441878\Adrenal-ACC-Ki67-Seg\Adrenal_Ki67_Seg_002\09-25-2001-NA-CT ABDOMEN-85015\6.000000-POSTFC12ORG-92510\1-45.dcm,2.1175087411583133,0.9913614128234015,0.6145299858734043,62.560759188269046,0.23107395178701423
Adrenal_Ki67_Seg_002,1-46.dcm,E:\Computer vision\Projects\dataset\manifest-1788901441878\Adrenal-ACC-Ki67-Seg\Adrenal_Ki67_Seg_002\09-25-2001-NA-CT ABDOMEN-85015\6.000000-POSTFC12ORG-92510\1-46.dcm,2.198379295422429,0.9913603560010905,0.606400314595644,69.02057283787974,0.2289090271576013
Adrenal_Ki67_Seg_002,1-47.dcm,E:\Computer vision\Projects\dataset\manifest-1788901441878\Adrenal-ACC-Ki67-Seg\Adrenal_Ki67_Seg_002\09-25-2001-NA-CT ABDOMEN-85015\6.000000-POSTFC12ORG-92510\1-47.dcm,2.1732989686773565,0.9913561526103739,0.6060453305530256,68.96367584376591,0.22903815013989245
Adrenal_Ki67_Seg_002,1-48.dcm,E:\Computer vision\Projects\dataset\manifest-1788901441878\Adrenal-ACC-Ki67-Seg\Adrenal_Ki67_Seg_002\09-25-2001-NA-CT ABDOMEN-85015\6.000000-POSTFC12ORG-92510\1-48.dcm,2.1598645838519306,0.9912858040206471,0.6054137383812237,65.73961496777356,0.22880848204881274
Adrenal_Ki67_Seg_002,1-49.dcm,E:\Computer vision\Projects\dataset\manifest-1788901441878\Adrenal-ACC-Ki67-Seg\Adrenal_Ki67_Seg_002\09-25-2001-NA-CT ABDOMEN-85015\6.000000-POSTFC12ORG-92510\1-49.dcm,2.2301576663692315,0.9912378322075109,0.5929792018968822,64.65945289731582,0.22767618217984192
Adrenal_Ki67_Seg_002,1-50.dcm,E:\Computer vision\Projects\dataset\manifest-1788901441878\Adrenal-ACC-Ki67-Seg\Adrenal_Ki67_Seg_002\09-25-2001-NA-CT ABDOMEN-85015\6.000000-POSTFC12ORG-92510\1-50.dcm,2.2461847189617075,0.9912056053383345,0.5896690115599424,64.83438712321107,0.22686282385241063
Adrenal_Ki67_Seg_002,1-51.dcm,E:\Computer vision\Projects\dataset\manifest-1788901441878\Adrenal-ACC-Ki67-Seg\Adrenal_Ki67_Seg_002\09-25-2001-NA-CT ABDOMEN-85015\6.000000-POSTFC12ORG-92510\1-51.dcm,2.4610697722511787,0.9910974532604547,0.5667182672965823,76.26718264712528,0.22300168373515308
Adrenal_Ki67_Seg_002,1-52.dcm,E:\Computer vision\Projects\dataset\manifest-1788901441878\Adrenal-ACC-Ki67-Seg\Adrenal_Ki67_Seg_002\09-25-2001-NA-CT ABDOMEN-85015\6.000000-POSTFC12ORG-92510\1-52.dcm,2.362586693525224,0.991165143771564,0.5759534136946035,71.37561896592003,0.22379056354698396
Adrenal_Ki67_Seg_002,1-53.dcm,E:\Computer vision\Projects\dataset\manifest-1788901441878\Adrenal-ACC-Ki67-Seg\Adrenal_Ki67_Seg_002\09-25-2001-NA-CT ABDOMEN-85015\6.000000-POSTFC12ORG-92510\1-53.dcm,2.485770964418794,0.9910870140408168,0.5621823206855455,74.06601154254159,0.22235762161591618
Adrenal_Ki67_Seg_002,1-54.dcm,E:\Computer vision\Projects\dataset\manifest-1788901441878\Adrenal-ACC-Ki67-Seg\Adrenal_Ki67_Seg_002\09-25-2001-NA-CT ABDOMEN-85015\6.000000-POSTFC12ORG-92510\1-54.dcm,2.3566354295518166,0.991010501765658,0.5737456582722704,66.7880139858533,0.22329125848625114
Adrenal_Ki67_Seg_002,1-55.dcm,E:\Computer vision\Projects\dataset\manifest-1788901441878\Adrenal-ACC-Ki67-Seg\Adrenal_Ki67_Seg_002\09-25-2001-NA-CT ABDOMEN-85015\6.000000-POSTFC12ORG-92510\1-55.dcm,2.4540691863159227,0.9908787827507418,0.5627316154830879,69.60421796791525,0.22182264962714954
Adrenal_Ki67_Seg_002,1-56.dcm,E:\Computer vision\Projects\dataset\manifest-1788901441878\Adrenal-ACC-Ki67-Seg\Adrenal_Ki67_Seg_002\09-25-2001-NA-CT ABDOMEN-85015\6.000000-POSTFC12ORG-92510\1-56.dcm,2.402962611203235,0.9909364628380556,0.5676250772505541,67.66957847128343,0.2220618406758208
Adrenal_Ki67_Seg_002,1-01.dcm,E:\Computer vision\Projects\dataset\manifest-1788901441878\Adrenal-ACC-Ki67-Seg\Adrenal_Ki67_Seg_002\09-25-2001-NA-CT ABDOMEN-85015\8.000000-10 min delayFC12ORG-83584\1-01.dcm,2.5843229767042866,0.9895430420763999,0.6140209214372576,83.94419828355436,0.22094806665786676
Adrenal_Ki67_Seg_002,1-02.dcm,E:\Computer vision\Projects\dataset\manifest-1788901441878\Adrenal-ACC-Ki67-Seg\Adrenal_Ki67_Seg_002\09-25-2001-NA-CT ABDOMEN-85015\8.000000-10 min delayFC12ORG-83584\1-02.dcm,2.5890679033857866,0.9895823075904864,0.614079085647486,84.1699365428288,0.22147956471389804
Adrenal_Ki67_Seg_002,1-03.dcm,E:\Computer vision\Projects\dataset\manifest-1788901441878\Adrenal-ACC-Ki67-Seg\Adrenal_Ki67_Seg_002\09-25-2001-NA-CT ABDOMEN-85015\8.000000-10 min delayFC12ORG-83584\1-03.dcm,2.5305662891916008,0.9896389484326102,0.6131217329759371,78.20041283542879,0.2222310316663028
Adrenal_Ki67_Seg_002,1-04.dcm,E:\Computer vision\Projects\dataset\manifest-1788901441878\Adrenal-ACC-Ki67-Seg\Adrenal_Ki67_Seg_002\09-25-2001-NA-CT ABDOMEN-85015\8.000000-10 min delayFC12ORG-83584\1-04.dcm,2.620279487287503,0.9897448860160241,0.6050394925902238,83.71921829343484,0.2211995304137035
Adrenal_Ki67_Seg_002,1-05.dcm,E:\Computer vision\Projects\dataset\manifest-1788901441878\Adrenal-ACC-Ki67-Seg\Adrenal_Ki67_Seg_002\09-25-2001-NA-CT ABDOMEN-85015\8.000000-10 min delayFC12ORG-83584\1-05.dcm,2.632993899379981,0.9899439196384577,0.5994209868163102,82.37332883988648,0.22093455691451452
Adrenal_Ki67_Seg_002,1-06.dcm,E:\Computer vision\Projects\dataset\manifest-1788901441878\Adrenal-ACC-Ki67-Seg\Adrenal_Ki67_Seg_002\09-25-2001-NA-CT ABDOMEN-85015\8.000000-10 min delayFC12ORG-83584\1-06.dcm,2.5259400814181934,0.9903471138646719,0.6053464773287832,77.83004047931801,0.2212081502130193
Adrenal_Ki67_Seg_002,1-07.dcm,E:\Computer vision\Projects\dataset\manifest-1788901441878\Adrenal-ACC-Ki67-Seg\Adrenal_Ki67_Seg_002\09-25-2001-NA-CT ABDOMEN-85015\8.000000-10 min delayFC12ORG-83584\1-07.dcm,2.513398003224559,0.990690873986158,0.6045493709660938,76.0684242171254,0.2209274546336417
Adrenal_Ki67_Seg_002,1-08.dcm,E:\Computer vision\Projects\dataset\manifest-1788901441878\Adrenal-ACC-Ki67-Seg\Adrenal_Ki67_Seg_002\09-25-2001-NA-CT ABDOMEN-85015\8.000000-10 min delayFC12ORG-83584\1-08.dcm,2.493449397022836,0.9911235734135567,0.6108312461090002,74.62252365761466,0.2214157809198875
Adrenal_Ki67_Seg_002,1-09.dcm,E:\Computer vision\Projects\dataset\manifest-1788901441878\Adrenal-ACC-Ki67-Seg\Adrenal_Ki67_Seg_002\09-25-2001-NA-CT ABDOMEN-85015\8.000000-10 min delayFC12ORG-83584\1-09.dcm,2.406014836033869,0.9918496606119173,0.6122140001603135,65.9484645049613,0.2219575432199449
Adrenal_Ki67_Seg_002,1-10.dcm,E:\Computer vision\Projects\dataset\manifest-1788901441878\Adrenal-ACC-Ki67-Seg\Adrenal_Ki67_Seg_002\09-25-2001-NA-CT ABDOMEN-85015\8.000000-10 min delayFC12ORG-83584\1-10.dcm,2.3750023935263727,0.9925296729296806,0.6130703769140023,65.98219599342833,0.22132668426602617
Adrenal_Ki67_Seg_002,1-11.dcm,E:\Computer vision\Projects\dataset\manifest-1788901441878\Adrenal-ACC-Ki67-Seg\Adrenal_Ki67_Seg_002\09-25-2001-NA-CT ABDOMEN-85015\8.000000-10 min delayFC12ORG-83584\1-11.dcm,2.1540205498600264,0.9927445885349153,0.6334402113655401,54.59655102423781,0.2240940830626405
Adrenal_Ki67_Seg_002,1-12.dcm,E:\Computer vision\Projects\dataset\manifest-1788901441878\Adrenal-ACC-Ki67-Seg\Adrenal_Ki67_Seg_002\09-25-2001-NA-CT ABDOMEN-85015\8.000000-10 min delayFC12ORG-83584\1-12.dcm,2.247643812638585,0.9929587717151745,0.6255075449162635,62.04205330096009,0.2231724628794095
Adrenal_Ki67_Seg_002,1-13.dcm,E:\Computer vision\Projects\dataset\manifest-1788901441878\Adrenal-ACC-Ki67-Seg\Adrenal_Ki67_Seg_002\09-25-2001-NA-CT ABDOMEN-85015\8.000000-10 min delayFC12ORG-83584\1-13.dcm,2.2160952202235746,0.9930323517502403,0.6287148966900733,60.431734713025776,0.22451343908311275
Adrenal_Ki67_Seg_002,1-14.dcm,E:\Computer vision\Projects\dataset\manifest-1788901441878\Adrenal-ACC-Ki67-Seg\Adrenal_Ki67_Seg_002\09-25-2001-NA-CT ABDOMEN-85015\8.000000-10 min delayFC12ORG-83584\1-14.dcm,2.156046430581991,0.9929326082957471,0.6341038617055565,57.39953891107954,0.22540276474881954
Adrenal_Ki67_Seg_002,1-15.dcm,E:\Computer vision\Projects\dataset\manifest-1788901441878\Adrenal-ACC-Ki67-Seg\Adrenal_Ki67_Seg_002\09-25-2001-NA-CT ABDOMEN-85015\8.000000-10 min delayFC12ORG-83584\1-15.dcm,2.2159113973981412,0.9930683062751499,0.6265078213578387,61.66255107785281,0.22382528569487953
Adrenal_Ki67_Seg_002,1-16.dcm,E:\Computer vision\Projects\dataset\manifest-1788901441878\Adrenal-ACC-Ki67-Seg\Adrenal_Ki67_Seg_002\09-25-2001-NA-CT ABDOMEN-85015\8.000000-10 min delayFC12ORG-83584\1-16.dcm,2.244863492403905,0.9931201706805096,0.6226544566268882,65.17029652919527,0.22250499095889026
Adrenal_Ki67_Seg_002,1-17.dcm,E:\Computer vision\Projects\dataset\manifest-1788901441878\Adrenal-ACC-Ki67-Seg\Adrenal_Ki67_Seg_002\09-25-2001-NA-CT ABDOMEN-85015\8.000000-10 min delayFC12ORG-83584\1-17.dcm,2.077975344763539,0.993110881910091,0.6369590217883274,55.61798170196958,0.22459706140667834
Adrenal_Ki67_Seg_002,1-18.dcm,E:\Computer vision\Projects\dataset\manifest-1788901441878\Adrenal-ACC-Ki67-Seg\Adrenal_Ki67_Seg_002\09-25-2001-NA-CT ABDOMEN-85015\8.000000-10 min delayFC12ORG-83584\1-18.dcm,2.259833563750139,0.9931119535370895,0.6211343847019107,66.01174934225895,0.22171557224762198
Adrenal_Ki67_Seg_002,1-19.dcm,E:\Computer vision\Projects\dataset\manifest-1788901441878\Adrenal-ACC-Ki67-Seg\Adrenal_Ki67_Seg_002\09-25-2001-NA-CT ABDOMEN-85015\8.000000-10 min delayFC12ORG-83584\1-19.dcm,2.130284427525936,0.9930766224493405,0.6308573348638047,57.949096395923725,0.22312575761369907
Adrenal_Ki67_Seg_002,1-20.dcm,E:\Computer vision\Projects\dataset\manifest-1788901441878\Adrenal-ACC-Ki67-Seg\Adrenal_Ki67_Seg_002\09-25-2001-NA-CT ABDOMEN-85015\8.000000-10 min delayFC12ORG-83584\1-20.dcm,2.1587003726241853,0.9930756167273351,0.626921263201716,59.23887393200852,0.22265955442833862
Adrenal_Ki67_Seg_002,1-21.dcm,E:\Computer vision\Projects\dataset\manifest-1788901441878\Adrenal-ACC-Ki67-Seg\Adrenal_Ki67_Seg_002\09-25-2001-NA-CT ABDOMEN-85015\8.000000-10 min delayFC12ORG-83584\1-21.dcm,2.1464378583108985,0.9929687503197123,0.6293954019865345,57.74375864063021,0.2231011349218396
Adrenal_Ki67_Seg_002,1-22.dcm,E:\Computer vision\Projects\dataset\manifest-1788901441878\Adrenal-ACC-Ki67-Seg\Adrenal_Ki67_Seg_002\09-25-2001-NA-CT ABDOMEN-85015\8.000000-10 min delayFC12ORG-83584\1-22.dcm,2.0719091915242362,0.9930056301717077,0.6333769445781356,54.02099792816358,0.22330777970733026
Adrenal_Ki67_Seg_002,1-23.dcm,E:\Computer vision\Projects\dataset\manifest-1788901441878\Adrenal-ACC-Ki67-Seg\Adrenal_Ki67_Seg_002\09-25-2001-NA-CT ABDOMEN-85015\8.000000-10 min delayFC12ORG-83584\1-23.dcm,2.2162675541224184,0.9930742121693925,0.6164448610508081,61.224328950946116,0.22159369638142448
Adrenal_Ki67_Seg_002,1-24.dcm,E:\Computer vision\Projects\dataset\manifest-1788901441878\Adrenal-ACC-Ki67-Seg\Adrenal_Ki67_Seg_002\09-25-2001-NA-CT ABDOMEN-85015\8.000000-10 min delayFC12ORG-83584\1-24.dcm,2.2230307022414895,0.99312671769684,0.6131215216677526,62.069239930913255,0.22136189580037266
Adrenal_Ki67_Seg_002,1-25.dcm,E:\Computer vision\Projects\dataset\manifest-1788901441878\Adrenal-ACC-Ki67-Seg\Adrenal_Ki67_Seg_002\09-25-2001-NA-CT ABDOMEN-85015\8.000000-10 min delayFC12ORG-83584\1-25.dcm,2.072602356761808,0.9931092167698673,0.628449061444776,54.378667361108455,0.2235529611956
Adrenal_Ki67_Seg_002,1-26.dcm,E:\Computer vision\Projects\dataset\manifest-1788901441878\Adrenal-ACC-Ki67-Seg\Adrenal_Ki67_Seg_002\09-25-2001-NA-CT ABDOMEN-85015\8.000000-10 min delayFC12ORG-83584\1-26.dcm,2.1752712344085694,0.9930090946161262,0.6212171099442663,59.312966019584785,0.22347376338761216
Adrenal_Ki67_Seg_002,1-27.dcm,E:\Computer vision\Projects\dataset\manifest-1788901441878\Adrenal-ACC-Ki67-Seg\Adrenal_Ki67_Seg_002\09-25-2001-NA-CT ABDOMEN-85015\8.000000-10 min delayFC12ORG-83584\1-27.dcm,2.0994328299906946,0.992959516447228,0.6270806603700005,55.01779634728727,0.22423166742019032
Adrenal_Ki67_Seg_002,1-28.dcm,E:\Computer vision\Projects\dataset\manifest-1788901441878\Adrenal-ACC-Ki67-Seg\Adrenal_Ki67_Seg_002\09-25-2001-NA-CT ABDOMEN-85015\8.000000-10 min delayFC12ORG-83584\1-28.dcm,2.1939369104744544,0.9929325646511991,0.6207414794808709,60.59041976708116,0.2236330220120336
Adrenal_Ki67_Seg_002,1-29.dcm,E:\Computer vision\Projects\dataset\manifest-1788901441878\Adrenal-ACC-Ki67-Seg\Adrenal_Ki67_Seg_002\09-25-2001-NA-CT ABDOMEN-85015\8.000000-10 min delayFC12ORG-83584\1-29.dcm,2.1823943688941143,0.9929589904012099,0.6218421073513891,59.83205870075559,0.22341446784670044
Adrenal_Ki67_Seg_002,1-30.dcm,E:\Computer vision\Projects\dataset\manifest-1788901441878\Adrenal-ACC-Ki67-Seg\Adrenal_Ki67_Seg_002\09-25-2001-NA-CT ABDOMEN-85015\8.000000-10 min delayFC12ORG-83584\1-30.dcm,2.1230042777103337,0.9930232403660882,0.624090278011817,56.64156080897362,0.22235409287658553
Adrenal_Ki67_Seg_002,1-31.dcm,E:\Computer vision\Projects\dataset\manifest-1788901441878\Adrenal-ACC-Ki67-Seg\Adrenal_Ki67_Seg_002\09-25-2001-NA-CT ABDOMEN-85015\8.000000-10 min delayFC12ORG-83584\1-31.dcm,2.0880702815935908,0.9930179750696974,0.6208520772729265,52.02674239145837,0.2219073877986806
Adrenal_Ki67_Seg_002,1-32.dcm,E:\Computer vision\Projects\dataset\manifest-1788901441878\Adrenal-ACC-Ki67-Seg\Adrenal_Ki67_Seg_002\09-25-2001-NA-CT ABDOMEN-85015\8.000000-10 min delayFC12ORG-83584\1-32.dcm,2.125378655872182,0.9931122652638652,0.6179014333632709,53.30300129058942,0.22154329939424902
Adrenal_Ki67_Seg_002,1-33.dcm,E:\Computer vision\Projects\dataset\manifest-1788901441878\Adrenal-ACC-Ki67-Seg\Adrenal_Ki67_Seg_002\09-25-2001-NA-CT ABDOMEN-85015\8.000000-10 min delayFC12ORG-83584\1-33.dcm,2.026926214283799,0.9932265789850424,0.6266323034501406,49.389290788561624,0.2236003409698087
Adrenal_Ki67_Seg_002,1-34.dcm,E:\Computer vision\Projects\dataset\manifest-1788901441878\Adrenal-ACC-Ki67-Seg\Adrenal_Ki67_Seg_002\09-25-2001-NA-CT ABDOMEN-85015\8.000000-10 min delayFC12ORG-83584\1-34.dcm,2.022250221161837,0.9933962646019532,0.6268973673091265,51.94808537038385,0.22375797522139315
Adrenal_Ki67_Seg_002,1-35.dcm,E:\Computer vision\Projects\dataset\manifest-1788901441878\Adrenal-ACC-Ki67-Seg\Adrenal_Ki67_Seg_002\09-25-2001-NA-CT ABDOMEN-85015\8.000000-10 min delayFC12ORG-83584\1-35.dcm,2.0540745478149978,0.9932049126221858,0.6216858220507232,53.47820359143845,0.22321967811539997
Adrenal_Ki67_Seg_002,1-36.dcm,E:\Computer vision\Projects\dataset\manifest-1788901441878\Adrenal-ACC-Ki67-Seg\Adrenal_Ki67_Seg_002\09-25-2001-NA-CT ABDOMEN-85015\8.000000-10 min delayFC12ORG-83584\1-36.dcm,2.1449825942762173,0.9930202709923336,0.6140628904503679,58.555075999249404,0.22367498116615425
Adrenal_Ki67_Seg_002,1-37.dcm,E:\Computer vision\Projects\dataset\manifest-1788901441878\Adrenal-ACC-Ki67-Seg\Adrenal_Ki67_Seg_002\09-25-2001-NA-CT ABDOMEN-85015\8.000000-10 min delayFC12ORG-83584\1-37.dcm,2.0966984654623717,0.9928168022497329,0.6192031235354932,56.261319464922394,0.22506241638493651
Adrenal_Ki67_Seg_002,1-38.dcm,E:\Computer vision\Projects\dataset\manifest-1788901441878\Adrenal-ACC-Ki67-Seg\Adrenal_Ki67_Seg_002\09-25-2001-NA-CT ABDOMEN-85015\8.000000-10 min delayFC12ORG-83584\1-38.dcm,2.1105081552230573,0.9923753202242763,0.6201874372197974,59.868804117631285,0.2257312562708497
Adrenal_Ki67_Seg_002,1-39.dcm,E:\Computer vision\Projects\dataset\manifest-1788901441878\Adrenal-ACC-Ki67-Seg\Adrenal_Ki67_Seg_002\09-25-2001-NA-CT ABDOMEN-85015\8.000000-10 min delayFC12ORG-83584\1-39.dcm,2.011649771561843,0.9921059508370118,0.6270095567782835,57.1348531906664,0.22773882509832596
Adrenal_Ki67_Seg_002,1-40.dcm,E:\Computer vision\Projects\dataset\manifest-1788901441878\Adrenal-ACC-Ki67-Seg\Adrenal_Ki67_Seg_002\09-25-2001-NA-CT ABDOMEN-85015\8.000000-10 min delayFC12ORG-83584\1-40.dcm,2.029580156325994,0.9920680549902672,0.6215783229016774,59.31429490542698,0.22698623218947112
Adrenal_Ki67_Seg_002,1-41.dcm,E:\Computer vision\Projects\dataset\manifest-1788901441878\Adrenal-ACC-Ki67-Seg\Adrenal_Ki67_Seg_002\09-25-2001-NA-CT ABDOMEN-85015\8.000000-10 min delayFC12ORG-83584\1-41.dcm,2.127925367932874,0.9918897988332849,0.6116743132320693,64.65632407964122,0.2264780451982534
Adrenal_Ki67_Seg_002,1-42.dcm,E:\Computer vision\Projects\dataset\manifest-1788901441878\Adrenal-ACC-Ki67-Seg\Adrenal_Ki67_Seg_002\09-25-2001-NA-CT ABDOMEN-85015\8.000000-10 min delayFC12ORG-83584\1-42.dcm,2.2191512746964053,0.9918473114784545,0.6025652251689515,70.65156383439096,0.22627865687866633
Adrenal_Ki67_Seg_002,1-43.dcm,E:\Computer vision\Projects\dataset\manifest-1788901441878\Adrenal-ACC-Ki67-Seg\Adrenal_Ki67_Seg_002\09-25-2001-NA-CT ABDOMEN-85015\8.000000-10 min delayFC12ORG-83584\1-43.dcm,2.0917965234508142,0.9918722862054207,0.6099202453911179,62.66056732319498,0.2280932424460085
Adrenal_Ki67_Seg_002,1-44.dcm,E:\Computer vision\Projects\dataset\manifest-1788901441878\Adrenal-ACC-Ki67-Seg\Adrenal_Ki67_Seg_002\09-25-2001-NA-CT ABDOMEN-85015\8.000000-10 min delayFC12ORG-83584\1-44.dcm,2.1430141581872,0.9917081020761255,0.6085131734671713,66.09760992030515,0.22813260745665814
Adrenal_Ki67_Seg_002,1-45.dcm,E:\Computer vision\Projects\dataset\manifest-1788901441878\Adrenal-ACC-Ki67-Seg\Adrenal_Ki67_Seg_002\09-25-2001-NA-CT ABDOMEN-85015\8.000000-10 min delayFC12ORG-83584\1-45.dcm,2.0709326327641207,0.9915650113017258,0.6154050507374119,60.423657997633285,0.22988335380008681
Adrenal_Ki67_Seg_002,1-46.dcm,E:\Computer vision\Projects\dataset\manifest-1788901441878\Adrenal-ACC-Ki67-Seg\Adrenal_Ki67_Seg_002\09-25-2001-NA-CT ABDOMEN-85015\8.000000-10 min delayFC12ORG-83584\1-46.dcm,2.0628137913074784,0.9914636947719714,0.6169947955501693,60.86801904098101,0.23132062054741354
Adrenal_Ki67_Seg_002,1-47.dcm,E:\Computer vision\Projects\dataset\manifest-1788901441878\Adrenal-ACC-Ki67-Seg\Adrenal_Ki67_Seg_002\09-25-2001-NA-CT ABDOMEN-85015\8.000000-10 min delayFC12ORG-83584\1-47.dcm,2.22050313839178,0.9913243098046098,0.6014812501701738,69.02267531144565,0.22880597513140052
Adrenal_Ki67_Seg_002,1-48.dcm,E:\Computer vision\Projects\dataset\manifest-1788901441878\Adrenal-ACC-Ki67-Seg\Adrenal_Ki67_Seg_002\09-25-2001-NA-CT ABDOMEN-85015\8.000000-10 min delayFC12ORG-83584\1-48.dcm,2.212353659797565,0.9913008253237737,0.6021860306880737,70.88678428774399,0.22894012972316058
Adrenal_Ki67_Seg_002,1-49.dcm,E:\Computer vision\Projects\dataset\manifest-1788901441878\Adrenal-ACC-Ki67-Seg\Adrenal_Ki67_Seg_002\09-25-2001-NA-CT ABDOMEN-85015\8.000000-10 min delayFC12ORG-83584\1-49.dcm,2.1815250401155017,0.9913707484534235,0.5978603096948107,65.74429479053771,0.2277069380692077
Adrenal_Ki67_Seg_002,1-50.dcm,E:\Computer vision\Projects\dataset\manifest-1788901441878\Adrenal-ACC-Ki67-Seg\Adrenal_Ki67_Seg_002\09-25-2001-NA-CT ABDOMEN-85015\8.000000-10 min delayFC12ORG-83584\1-50.dcm,2.2509143270744216,0.9913237556752287,0.5880093068424008,66.24240486211374,0.22653681503873022
Adrenal_Ki67_Seg_002,1-51.dcm,E:\Computer vision\Projects\dataset\manifest-1788901441878\Adrenal-ACC-Ki67-Seg\Adrenal_Ki67_Seg_002\09-25-2001-NA-CT ABDOMEN-85015\8.000000-10 min delayFC12ORG-83584\1-51.dcm,2.285924916035095,0.9911868270387073,0.583499360959031,65.57430080307597,0.22545331884006106
Adrenal_Ki67_Seg_002,1-52.dcm,E:\Computer vision\Projects\dataset\manifest-1788901441878\Adrenal-ACC-Ki67-Seg\Adrenal_Ki67_Seg_002\09-25-2001-NA-CT ABDOMEN-85015\8.000000-10 min delayFC12ORG-83584\1-52.dcm,2.4059382431899388,0.9910154861021275,0.5756047183180749,74.18895837561897,0.22448649135035173
Adrenal_Ki67_Seg_002,1-53.dcm,E:\Computer vision\Projects\dataset\manifest-1788901441878\Adrenal-ACC-Ki67-Seg\Adrenal_Ki67_Seg_002\09-25-2001-NA-CT ABDOMEN-85015\8.000000-10 min delayFC12ORG-83584\1-53.dcm,2.4376974659257584,0.9909814783156855,0.571858951225743,74.50063380578352,0.2236992983285924
Adrenal_Ki67_Seg_003,1-01.dcm,E:\Computer vision\Projects\dataset\manifest-1788901441878\Adrenal-ACC-Ki67-Seg\Adrenal_Ki67_Seg_003\10-14-2003-NA-CT ABDOMEN-08445\2.000000-NA-81322\1-01.dcm,2.6951566515140493,0.9882004342781597,0.6117778304632102,73.57023755270545,0.220575401103785
Adrenal_Ki67_Seg_003,1-02.dcm,E:\Computer vision\Projects\dataset\manifest-1788901441878\Adrenal-ACC-Ki67-Seg\Adrenal_Ki67_Seg_003\10-14-2003-NA-CT ABDOMEN-08445\2.000000-NA-81322\1-02.dcm,2.682078423412901,0.9880894658775232,0.609997683370516,72.99226412276303,0.22030817329243566
Adrenal_Ki67_Seg_003,1-03.dcm,E:\Computer vision\Projects\dataset\manifest-1788901441878\Adrenal-ACC-Ki67-Seg\Adrenal_Ki67_Seg_003\10-14-2003-NA-CT ABDOMEN-08445\2.000000-NA-81322\1-03.dcm,2.742935267557952,0.9883577512067625,0.6138532244859161,78.83676150137292,0.21955197776008087
Adrenal_Ki67_Seg_003,1-04.dcm,E:\Computer vision\Projects\dataset\manifest-1788901441878\Adrenal-ACC-Ki67-Seg\Adrenal_Ki67_Seg_003\10-14-2003-NA-CT ABDOMEN-08445\2.000000-NA-81322\1-04.dcm,2.594670669919309,0.9887326252734221,0.6312407238509143,73.03682583936182,0.22222104004739587
Adrenal_Ki67_Seg_003,1-05.dcm,E:\Computer vision\Projects\dataset\manifest-1788901441878\Adrenal-ACC-Ki67-Seg\Adrenal_Ki67_Seg_003\10-14-2003-NA-CT ABDOMEN-08445\2.000000-NA-81322\1-05.dcm,2.469621363276029,0.9885959778361254,0.6346231949169266,66.62598565416032,0.22313694230830694
Adrenal_Ki67_Seg_003,1-06.dcm,E:\Computer vision\Projects\dataset\manifest-1788901441878\Adrenal-ACC-Ki67-Seg\Adrenal_Ki67_Seg_003\10-14-2003-NA-CT ABDOMEN-08445\2.000000-NA-81322\1-06.dcm,2.544379808594483,0.9886429368863447,0.6297205830115997,70.40746244078414,0.22291003378125454
Adrenal_Ki67_Seg_003,1-07.dcm,E:\Computer vision\Projects\dataset\manifest-1788901441878\Adrenal-ACC-Ki67-Seg\Adrenal_Ki67_Seg_003\10-14-2003-NA-CT ABDOMEN-08445\2.000000-NA-81322\1-07.dcm,2.441741568085294,0.9888370763754118,0.6412890076284898,64.75077071549205,0.22482986152956375
Adrenal_Ki67_Seg_003,1-08.dcm,E:\Computer vision\Projects\dataset\manifest-1788901441878\Adrenal-ACC-Ki67-Seg\Adrenal_Ki67_Seg_003\10-14-2003-NA-CT ABDOMEN-08445\2.000000-NA-81322\1-08.dcm,2.544739794960957,0.9890705460226081,0.6309085893335289,69.71737623553832,0.22617264394701148
Adrenal_Ki67_Seg_003,1-09.dcm,E:\Computer vision\Projects\dataset\manifest-1788901441878\Adrenal-ACC-Ki67-Seg\Adrenal_Ki67_Seg_003\10-14-2003-NA-CT ABDOMEN-08445\2.000000-NA-81322\1-09.dcm,2.4753734858552163,0.9892070114844624,0.6292444102465199,65.67427361261637,0.22640408348379654
Adrenal_Ki67_Seg_003,1-10.dcm,E:\Computer vision\Projects\dataset\manifest-1788901441878\Adrenal-ACC-Ki67-Seg\Adrenal_Ki67_Seg_003\10-14-2003-NA-CT ABDOMEN-08445\2.000000-NA-81322\1-10.dcm,2.580933743360358,0.9893984530474268,0.6324897661407126,73.8036772224371,0.22503548127584624
Adrenal_Ki67_Seg_003,1-11.dcm,E:\Computer vision\Projects\dataset\manifest-1788901441878\Adrenal-ACC-Ki67-Seg\Adrenal_Ki67_Seg_003\10-14-2003-NA-CT ABDOMEN-08445\2.000000-NA-81322\1-11.dcm,2.521225791874265,0.9899715522215314,0.6342751556886369,71.23851777528425,0.22646357032631478
Adrenal_Ki67_Seg_003,1-12.dcm,E:\Computer vision\Projects\dataset\manifest-1788901441878\Adrenal-ACC-Ki67-Seg\Adrenal_Ki67_Seg_003\10-14-2003-NA-CT ABDOMEN-08445\2.000000-NA-81322\1-12.dcm,2.4308194285407914,0.9902241477695908,0.6352939651188818,66.38863209010383,0.23183832633598736
Adrenal_Ki67_Seg_003,1-13.dcm,E:\Computer vision\Projects\dataset\manifest-1788901441878\Adrenal-ACC-Ki67-Seg\Adrenal_Ki67_Seg_003\10-14-2003-NA-CT ABDOMEN-08445\2.000000-NA-81322\1-13.dcm,2.4365830400465684,0.9903961168733394,0.6279791771578338,66.7514945178672,0.22963754195455324
Adrenal_Ki67_Seg_003,1-14.dcm,E:\Computer vision\Projects\dataset\manifest-1788901441878\Adrenal-ACC-Ki67-Seg\Adrenal_Ki67_Seg_003\10-14-2003-NA-CT ABDOMEN-08445\2.000000-NA-81322\1-14.dcm,2.342703191240842,0.9905774985544138,0.6412896255519994,64.54640951895864,0.22941967799446764
Adrenal_Ki67_Seg_003,1-15.dcm,E:\Computer vision\Projects\dataset\manifest-1788901441878\Adrenal-ACC-Ki67-Seg\Adrenal_Ki67_Seg_003\10-14-2003-NA-CT ABDOMEN-08445\2.000000-NA-81322\1-15.dcm,2.331849985255878,0.9907553308168734,0.6341589426548768,63.457619264632115,0.2289672776453411
Adrenal_Ki67_Seg_003,1-16.dcm,E:\Computer vision\Projects\dataset\manifest-1788901441878\Adrenal-ACC-Ki67-Seg\Adrenal_Ki67_Seg_003\10-14-2003-NA-CT ABDOMEN-08445\2.000000-NA-81322\1-16.dcm,2.486613485702031,0.9909634150619349,0.6113716300426374,72.24690852133685,0.22744918893583824
Adrenal_Ki67_Seg_003,1-17.dcm,E:\Computer vision\Projects\dataset\manifest-1788901441878\Adrenal-ACC-Ki67-Seg\Adrenal_Ki67_Seg_003\10-14-2003-NA-CT ABDOMEN-08445\2.000000-NA-81322\1-17.dcm,2.329598155644318,0.991116179797076,0.6255881038168452,65.92666618157865,0.2286640333078574
Adrenal_Ki67_Seg_003,1-18.dcm,E:\Computer vision\Projects\dataset\manifest-1788901441878\Adrenal-ACC-Ki67-Seg\Adrenal_Ki67_Seg_003\10-14-2003-NA-CT ABDOMEN-08445\2.000000-NA-81322\1-18.dcm,2.253281045951877,0.9913486062540887,0.6375913760158889,63.66612796366436,0.23014058175794583
Adrenal_Ki67_Seg_003,1-19.dcm,E:\Computer vision\Projects\dataset\manifest-1788901441878\Adrenal-ACC-Ki67-Seg\Adrenal_Ki67_Seg_003\10-14-2003-NA-CT ABDOMEN-08445\2.000000-NA-81322\1-19.dcm,2.2211694961339763,0.9915715593760477,0.6303293563083335,60.51339417358237,0.22968417842323421
Adrenal_Ki67_Seg_003,1-20.dcm,E:\Computer vision\Projects\dataset\manifest-1788901441878\Adrenal-ACC-Ki67-Seg\Adrenal_Ki67_Seg_003\10-14-2003-NA-CT ABDOMEN-08445\2.000000-NA-81322\1-20.dcm,2.2675502927761455,0.9916088809116278,0.6195279246337048,62.68316604179671,0.230656721300234
Adrenal_Ki67_Seg_003,1-21.dcm,E:\Computer vision\Projects\dataset\manifest-1788901441878\Adrenal-ACC-Ki67-Seg\Adrenal_Ki67_Seg_003\10-14-2003-NA-CT ABDOMEN-08445\2.000000-NA-81322\1-21.dcm,2.209944814855948,0.9917154910260232,0.6326722755672325,63.365501051236784,0.22961798494226218
Adrenal_Ki67_Seg_003,1-22.dcm,E:\Computer vision\Projects\dataset\manifest-1788901441878\Adrenal-ACC-Ki67-Seg\Adrenal_Ki67_Seg_003\10-14-2003-NA-CT ABDOMEN-08445\2.000000-NA-81322\1-22.dcm,2.1203656542369247,0.9918517569891975,0.639528505807644,59.95593613688673,0.23061441159951038
Adrenal_Ki67_Seg_003,1-23.dcm,E:\Computer vision\Projects\dataset\manifest-1788901441878\Adrenal-ACC-Ki67-Seg\Adrenal_Ki67_Seg_003\10-14-2003-NA-CT ABDOMEN-08445\2.000000-NA-81322\1-23.dcm,2.155452836041529,0.9918508690236021,0.6304415575355267,60.84623603616714,0.23291320639899818
Adrenal_Ki67_Seg_003,1-24.dcm,E:\Computer vision\Projects\dataset\manifest-1788901441878\Adrenal-ACC-Ki67-Seg\Adrenal_Ki67_Seg_003\10-14-2003-NA-CT ABDOMEN-08445\2.000000-NA-81322\1-24.dcm,2.198942252825319,0.9918073991233359,0.6224152258792236,62.40087162656394,0.2293797050165178
Adrenal_Ki67_Seg_003,1-25.dcm,E:\Computer vision\Projects\dataset\manifest-1788901441878\Adrenal-ACC-Ki67-Seg\Adrenal_Ki67_Seg_003\10-14-2003-NA-CT ABDOMEN-08445\2.000000-NA-81322\1-25.dcm,2.1401763933195728,0.9916994675367031,0.6440617293413101,62.14613531657737,0.230480161671139
Adrenal_Ki67_Seg_003,1-26.dcm,E:\Computer vision\Projects\dataset\manifest-1788901441878\Adrenal-ACC-Ki67-Seg\Adrenal_Ki67_Seg_003\10-14-2003-NA-CT ABDOMEN-08445\2.000000-NA-81322\1-26.dcm,2.135894853343852,0.9918563477576752,0.6390605161138198,60.42030706071132,0.23070288772982703
Adrenal_Ki67_Seg_003,1-27.dcm,E:\Computer vision\Projects\dataset\manifest-1788901441878\Adrenal-ACC-Ki67-Seg\Adrenal_Ki67_Seg_003\10-14-2003-NA-CT ABDOMEN-08445\2.000000-NA-81322\1-27.dcm,2.181735670436311,0.9918391894058601,0.625761725418579,60.887148103752665,0.22989576782593318
Adrenal_Ki67_Seg_003,1-28.dcm,E:\Computer vision\Projects\dataset\manifest-1788901441878\Adrenal-ACC-Ki67-Seg\Adrenal_Ki67_Seg_003\10-14-2003-NA-CT ABDOMEN-08445\2.000000-NA-81322\1-28.dcm,2.1376028737635044,0.9917981654843976,0.6328753779765304,58.8644842812336,0.228629037294451
Adrenal_Ki67_Seg_003,1-29.dcm,E:\Computer vision\Projects\dataset\manifest-1788901441878\Adrenal-ACC-Ki67-Seg\Adrenal_Ki67_Seg_003\10-14-2003-NA-CT ABDOMEN-08445\2.000000-NA-81322\1-29.dcm,2.1091371433167,0.9917953269027886,0.646732366023825,59.533250868371375,0.23122763568437812
Adrenal_Ki67_Seg_003,1-30.dcm,E:\Computer vision\Projects\dataset\manifest-1788901441878\Adrenal-ACC-Ki67-Seg\Adrenal_Ki67_Seg_003\10-14-2003-NA-CT ABDOMEN-08445\2.000000-NA-81322\1-30.dcm,2.1287142742253593,0.9916236561728488,0.6415341707868281,58.69092872652908,0.2337540075290254
Adrenal_Ki67_Seg_003,1-31.dcm,E:\Computer vision\Projects\dataset\manifest-1788901441878\Adrenal-ACC-Ki67-Seg\Adrenal_Ki67_Seg_003\10-14-2003-NA-CT ABDOMEN-08445\2.000000-NA-81322\1-31.dcm,2.1829152002328422,0.9915082154248889,0.6315739524945023,59.6563623760632,0.23376378274046297
Adrenal_Ki67_Seg_003,1-32.dcm,E:\Computer vision\Projects\dataset\manifest-1788901441878\Adrenal-ACC-Ki67-Seg\Adrenal_Ki67_Seg_003\10-14-2003-NA-CT ABDOMEN-08445\2.000000-NA-81322\1-32.dcm,2.1635065735808303,0.9914583419888966,0.6379783743335624,59.87313544295557,0.22905877134353286
Adrenal_Ki67_Seg_003,1-33.dcm,E:\Computer vision\Projects\dataset\manifest-1788901441878\Adrenal-ACC-Ki67-Seg\Adrenal_Ki67_Seg_003\10-14-2003-NA-CT ABDOMEN-08445\2.000000-NA-81322\1-33.dcm,2.1358488976374934,0.9916336877853621,0.6433649938682868,59.83494625097177,0.23125187931708396
Adrenal_Ki67_Seg_003,1-34.dcm,E:\Computer vision\Projects\dataset\manifest-1788901441878\Adrenal-ACC-Ki67-Seg\Adrenal_Ki67_Seg_003\10-14-2003-NA-CT ABDOMEN-08445\2.000000-NA-81322\1-34.dcm,2.1131238008432875,0.9916634536664545,0.6347934769579304,58.12790621972191,0.23077530641774577
Adrenal_Ki67_Seg_003,1-35.dcm,E:\Computer vision\Projects\dataset\manifest-1788901441878\Adrenal-ACC-Ki67-Seg\Adrenal_Ki67_Seg_003\10-14-2003-NA-CT ABDOMEN-08445\2.000000-NA-81322\1-35.dcm,2.075371188069899,0.9916034764157824,0.6408558017029636,57.46565385396042,0.23458451954062837
Adrenal_Ki67_Seg_003,1-36.dcm,E:\Computer vision\Projects\dataset\manifest-1788901441878\Adrenal-ACC-Ki67-Seg\Adrenal_Ki67_Seg_003\10-14-2003-NA-CT ABDOMEN-08445\2.000000-NA-81322\1-36.dcm,2.0385913044144286,0.9915838305957604,0.6537150816508288,58.82993324933652,0.23195597057108422
Adrenal_Ki67_Seg_003,1-37.dcm,E:\Computer vision\Projects\dataset\manifest-1788901441878\Adrenal-ACC-Ki67-Seg\Adrenal_Ki67_Seg_003\10-14-2003-NA-CT ABDOMEN-08445\2.000000-NA-81322\1-37.dcm,2.0549553655201995,0.991620003143179,0.6542183857816428,59.78213931472382,0.2361698090096805
Adrenal_Ki67_Seg_003,1-38.dcm,E:\Computer vision\Projects\dataset\manifest-1788901441878\Adrenal-ACC-Ki67-Seg\Adrenal_Ki67_Seg_003\10-14-2003-NA-CT ABDOMEN-08445\2.000000-NA-81322\1-38.dcm,2.0982341519831804,0.9914510952149889,0.642447912017766,59.20210553727966,0.23390350604077345
Adrenal_Ki67_Seg_003,1-39.dcm,E:\Computer vision\Projects\dataset\manifest-1788901441878\Adrenal-ACC-Ki67-Seg\Adrenal_Ki67_Seg_003\10-14-2003-NA-CT ABDOMEN-08445\2.000000-NA-81322\1-39.dcm,2.085692073789546,0.9911757368835458,0.6509485573167774,58.384825425760475,0.23363372135869806
Adrenal_Ki67_Seg_003,1-40.dcm,E:\Computer vision\Projects\dataset\manifest-1788901441878\Adrenal-ACC-Ki67-Seg\Adrenal_Ki67_Seg_003\10-14-2003-NA-CT ABDOMEN-08445\2.000000-NA-81322\1-40.dcm,2.0884609050976373,0.9911318965048893,0.6611200177906836,59.82075359699144,0.235923394335887
Adrenal_Ki67_Seg_003,1-41.dcm,E:\Computer vision\Projects\dataset\manifest-1788901441878\Adrenal-ACC-Ki67-Seg\Adrenal_Ki67_Seg_003\10-14-2003-NA-CT ABDOMEN-08445\2.000000-NA-81322\1-41.dcm,2.156406416948464,0.9911363918750021,0.6445702606569529,59.91465642365032,0.232669443510515
Adrenal_Ki67_Seg_003,1-42.dcm,E:\Computer vision\Projects\dataset\manifest-1788901441878\Adrenal-ACC-Ki67-Seg\Adrenal_Ki67_Seg_003\10-14-2003-NA-CT ABDOMEN-08445\2.000000-NA-81322\1-42.dcm,2.22385790495594,0.9908689994850035,0.6331390560608205,61.59314647232509,0.23129918021227344
Adrenal_Ki67_Seg_003,1-43.dcm,E:\Computer vision\Projects\dataset\manifest-1788901441878\Adrenal-ACC-Ki67-Seg\Adrenal_Ki67_Seg_003\10-14-2003-NA-CT ABDOMEN-08445\2.000000-NA-81322\1-43.dcm,2.129273401986053,0.9908149271741853,0.6564665276362848,59.77421961466142,0.23799918227847508
Adrenal_Ki67_Seg_003,1-44.dcm,E:\Computer vision\Projects\dataset\manifest-1788901441878\Adrenal-ACC-Ki67-Seg\Adrenal_Ki67_Seg_003\10-14-2003-NA-CT ABDOMEN-08445\2.000000-NA-81322\1-44.dcm,2.160515623025341,0.9909744762377964,0.6513381185111908,61.47380716219684,0.2336680527991999
Adrenal_Ki67_Seg_003,1-45.dcm,E:\Computer vision\Projects\dataset\manifest-1788901441878\Adrenal-ACC-Ki67-Seg\Adrenal_Ki67_Seg_003\10-14-2003-NA-CT ABDOMEN-08445\2.000000-NA-81322\1-45.dcm,2.2668035125478223,0.9908599436088755,0.631873819461195,63.69447114556087,0.23188113587121134
Adrenal_Ki67_Seg_003,1-46.dcm,E:\Computer vision\Projects\dataset\manifest-1788901441878\Adrenal-ACC-Ki67-Seg\Adrenal_Ki67_Seg_003\10-14-2003-NA-CT ABDOMEN-08445\2.000000-NA-81322\1-46.dcm,2.3271854810605044,0.9907109675959953,0.631230412278596,65.84026179434055,0.23401971289601006
Adrenal_Ki67_Seg_003,1-47.dcm,E:\Computer vision\Projects\dataset\manifest-1788901441878\Adrenal-ACC-Ki67-Seg\Adrenal_Ki67_Seg_003\10-14-2003-NA-CT ABDOMEN-08445\2.000000-NA-81322\1-47.dcm,2.2566664496536086,0.9907458528045459,0.6458617393539613,64.55395391408581,0.23162863785362728
Adrenal_Ki67_Seg_003,1-48.dcm,E:\Computer vision\Projects\dataset\manifest-1788901441878\Adrenal-ACC-Ki67-Seg\Adrenal_Ki67_Seg_003\10-14-2003-NA-CT ABDOMEN-08445\2.000000-NA-81322\1-48.dcm,2.1761443928293778,0.9909003514684118,0.6535263512455911,60.76921044266834,0.2374334068977037
Adrenal_Ki67_Seg_003,1-49.dcm,E:\Computer vision\Projects\dataset\manifest-1788901441878\Adrenal-ACC-Ki67-Seg\Adrenal_Ki67_Seg_003\10-14-2003-NA-CT ABDOMEN-08445\2.000000-NA-81322\1-49.dcm,2.229678961094665,0.9909152113162784,0.6403528477191499,62.533829144343045,0.2356833476784078
Adrenal_Ki67_Seg_003,1-50.dcm,E:\Computer vision\Projects\dataset\manifest-1788901441878\Adrenal-ACC-Ki67-Seg\Adrenal_Ki67_Seg_003\10-14-2003-NA-CT ABDOMEN-08445\2.000000-NA-81322\1-50.dcm,2.186553360319545,0.9908039353997458,0.6516696065025674,61.94801260718209,0.23804459568481484
Adrenal_Ki67_Seg_003,1-51.dcm,E:\Computer vision\Projects\dataset\manifest-1788901441878\Adrenal-ACC-Ki67-Seg\Adrenal_Ki67_Seg_003\10-14-2003-NA-CT ABDOMEN-08445\2.000000-NA-81322\1-51.dcm,2.1799816943103005,0.9907852027559857,0.6576353858330538,61.983980606691915,0.23694898581627957
Adrenal_Ki67_Seg_003,1-52.dcm,E:\Computer vision\Projects\dataset\manifest-1788901441878\Adrenal-ACC-Ki67-Seg\Adrenal_Ki67_Seg_003\10-14-2003-NA-CT ABDOMEN-08445\2.000000-NA-81322\1-52.dcm,2.1899157861680987,0.9908306139725827,0.6509313026026657,61.18725418484151,0.23933728314231656
Adrenal_Ki67_Seg_003,1-53.dcm,E:\Computer vision\Projects\dataset\manifest-1788901441878\Adrenal-ACC-Ki67-Seg\Adrenal_Ki67_Seg_003\10-14-2003-NA-CT ABDOMEN-08445\2.000000-NA-81322\1-53.dcm,2.3033306398183218,0.9906505442576791,0.6322774573520114,65.20886485575653,0.23216583956359924
Adrenal_Ki67_Seg_003,1-54.dcm,E:\Computer vision\Projects\dataset\manifest-1788901441878\Adrenal-ACC-Ki67-Seg\Adrenal_Ki67_Seg_003\10-14-2003-NA-CT ABDOMEN-08445\2.000000-NA-81322\1-54.dcm,2.318136036550105,0.9907542022997199,0.6428792479179107,68.13512509526235,0.23201817200230263
Adrenal_Ki67_Seg_003,1-55.dcm,E:\Computer vision\Projects\dataset\manifest-1788901441878\Adrenal-ACC-Ki67-Seg\Adrenal_Ki67_Seg_003\10-14-2003-NA-CT ABDOMEN-08445\2.000000-NA-81322\1-55.dcm,2.2091329307102834,0.9910347927325917,0.64968675402787,61.84543947059027,0.23320611340986738
Adrenal_Ki67_Seg_003,1-56.dcm,E:\Computer vision\Projects\dataset\manifest-1788901441878\Adrenal-ACC-Ki67-Seg\Adrenal_Ki67_Seg_003\10-14-2003-NA-CT ABDOMEN-08445\2.000000-NA-81322\1-56.dcm,2.234125175684836,0.9910544203780068,0.6362598953555045,61.4512314214483,0.23242558707390615
Adrenal_Ki67_Seg_003,1-57.dcm,E:\Computer vision\Projects\dataset\manifest-1788901441878\Adrenal-ACC-Ki67-Seg\Adrenal_Ki67_Seg_003\10-14-2003-NA-CT ABDOMEN-08445\2.000000-NA-81322\1-57.dcm,2.2890537337096593,0.9910057557327342,0.6339104001271713,64.380275810831,0.23493638817358603
Adrenal_Ki67_Seg_003,1-58.dcm,E:\Computer vision\Projects\dataset\manifest-1788901441878\Adrenal-ACC-Ki67-Seg\Adrenal_Ki67_Seg_003\10-14-2003-NA-CT ABDOMEN-08445\2.000000-NA-81322\1-58.dcm,2.2325014073935074,0.9910020404925592,0.6487226445562728,62.601893375101966,0.23376962552472957
Adrenal_Ki67_Seg_003,1-59.dcm,E:\Computer vision\Projects\dataset\manifest-1788901441878\Adrenal-ACC-Ki67-Seg\Adrenal_Ki67_Seg_003\10-14-2003-NA-CT ABDOMEN-08445\2.000000-NA-81322\1-59.dcm,2.1852589412571186,0.9909980426553703,0.6521678817932531,59.62395594379616,0.23889007944455912
Adrenal_Ki67_Seg_003,1-001.dcm,E:\Computer vision\Projects\dataset\manifest-1788901441878\Adrenal-ACC-Ki67-Seg\Adrenal_Ki67_Seg_003\10-14-2003-NA-CT ABDOMEN-08445\3.000000-NA-60885\1-001.dcm,2.7842954032804714,0.9882263921763593,0.5950374100108657,72.82773120507352,0.2180394079003595
Adrenal_Ki67_Seg_003,1-002.dcm,E:\Computer vision\Projects\dataset\manifest-1788901441878\Adrenal-ACC-Ki67-Seg\Adrenal_Ki67_Seg_003\10-14-2003-NA-CT ABDOMEN-08445\3.000000-NA-60885\1-002.dcm,2.869616001776954,0.988218424668697,0.5886431265420918,79.02172173053872,0.21701949645333862
Adrenal_Ki67_Seg_003,1-003.dcm,E:\Computer vision\Projects\dataset\manifest-1788901441878\Adrenal-ACC-Ki67-Seg\Adrenal_Ki67_Seg_003\10-14-2003-NA-CT ABDOMEN-08445\3.000000-NA-60885\1-003.dcm,2.797714469537111,0.9884282359091972,0.6014657433763525,77.66217960255972,0.21729628568670725
Adrenal_Ki67_Seg_003,1-004.dcm,E:\Computer vision\Projects\dataset\manifest-1788901441878\Adrenal-ACC-Ki67-Seg\Adrenal_Ki67_Seg_003\10-14-2003-NA-CT ABDOMEN-08445\3.000000-NA-60885\1-004.dcm,2.770355505685105,0.9887413300590662,0.6109784685959485,77.51829994523614,0.2191011030999938
Adrenal_Ki67_Seg_003,1-005.dcm,E:\Computer vision\Projects\dataset\manifest-1788901441878\Adrenal-ACC-Ki67-Seg\Adrenal_Ki67_Seg_003\10-14-2003-NA-CT ABDOMEN-08445\3.000000-NA-60885\1-005.dcm,2.6364980219898055,0.9886669387788103,0.6189514171492599,71.17616354104035,0.2223622509783063
Adrenal_Ki67_Seg_003,1-006.dcm,E:\Computer vision\Projects\dataset\manifest-1788901441878\Adrenal-ACC-Ki67-Seg\Adrenal_Ki67_Seg_003\10-14-2003-NA-CT ABDOMEN-08445\3.000000-NA-60885\1-006.dcm,2.7110381777030574,0.9885922340315098,0.6131592216376361,76.03176688202021,0.22073750376909312
Adrenal_Ki67_Seg_003,1-007.dcm,E:\Computer vision\Projects\dataset\manifest-1788901441878\Adrenal-ACC-Ki67-Seg\Adrenal_Ki67_Seg_003\10-14-2003-NA-CT ABDOMEN-08445\3.000000-NA-60885\1-007.dcm,2.569720551008919,0.9887097178085676,0.6259050724340295,68.83389692900991,0.22260068728455795
Adrenal_Ki67_Seg_003,1-008.dcm,E:\Computer vision\Projects\dataset\manifest-1788901441878\Adrenal-ACC-Ki67-Seg\Adrenal_Ki67_Seg_003\10-14-2003-NA-CT ABDOMEN-08445\3.000000-NA-60885\1-008.dcm,2.582569000578276,0.9887318458525156,0.6293825081314383,69.75021924701575,0.22744925323954238
Adrenal_Ki67_Seg_003,1-009.dcm,E:\Computer vision\Projects\dataset\manifest-1788901441878\Adrenal-ACC-Ki67-Seg\Adrenal_Ki67_Seg_003\10-14-2003-NA-CT ABDOMEN-08445\3.000000-NA-60885\1-009.dcm,2.5879304996534174,0.9886901733287508,0.6202993308217702,69.28541557362296,0.2227570462622337
Adrenal_Ki67_Seg_003,1-010.dcm,E:\Computer vision\Projects\dataset\manifest-1788901441878\Adrenal-ACC-Ki67-Seg\Adrenal_Ki67_Seg_003\10-14-2003-NA-CT ABDOMEN-08445\3.000000-NA-60885\1-010.dcm,2.587145423003129,0.9888939353835021,0.628174684054994,70.9639286001509,0.2254983554902699
Adrenal_Ki67_Seg_003,1-011.dcm,E:\Computer vision\Projects\dataset\manifest-1788901441878\Adrenal-ACC-Ki67-Seg\Adrenal_Ki67_Seg_003\10-14-2003-NA-CT ABDOMEN-08445\3.000000-NA-60885\1-011.dcm,2.659234607710602,0.9894222782020773,0.627110398572551,75.59601870397249,0.22679910446811652
Adrenal_Ki67_Seg_003,1-012.dcm,E:\Computer vision\Projects\dataset\manifest-1788901441878\Adrenal-ACC-Ki67-Seg\Adrenal_Ki67_Seg_003\10-14-2003-NA-CT ABDOMEN-08445\3.000000-NA-60885\1-012.dcm,2.541741185121074,0.9896229149340364,0.6299338176453688,69.52983482753206,0.23057014738149154
Adrenal_Ki67_Seg_003,1-013.dcm,E:\Computer vision\Projects\dataset\manifest-1788901441878\Adrenal-ACC-Ki67-Seg\Adrenal_Ki67_Seg_003\10-14-2003-NA-CT ABDOMEN-08445\3.000000-NA-60885\1-013.dcm,2.4711034348060865,0.9897648763172314,0.630276224889329,66.43804596336564,0.22951417414248193
Adrenal_Ki67_Seg_003,1-014.dcm,E:\Computer vision\Projects\dataset\manifest-1788901441878\Adrenal-ACC-Ki67-Seg\Adrenal_Ki67_Seg_003\10-14-2003-NA-CT ABDOMEN-08445\3.000000-NA-60885\1-014.dcm,2.495414003469656,0.9900268871932058,0.6331597453885975,69.8165869462816,0.22627818465524288
Adrenal_Ki67_Seg_003,1-015.dcm,E:\Computer vision\Projects\dataset\manifest-1788901441878\Adrenal-ACC-Ki67-Seg\Adrenal_Ki67_Seg_003\10-14-2003-NA-CT ABDOMEN-08445\3.000000-NA-60885\1-015.dcm,2.42993861083559,0.9902349452821044,0.631486798420471,65.62772814135977,0.22775810401551275
Adrenal_Ki67_Seg_003,1-016.dcm,E:\Computer vision\Projects\dataset\manifest-1788901441878\Adrenal-ACC-Ki67-Seg\Adrenal_Ki67_Seg_003\10-14-2003-NA-CT ABDOMEN-08445\3.000000-NA-60885\1-016.dcm,2.503831557017628,0.9905233238653751,0.6159940227034498,69.62280705113722,0.22759871154736086
Adrenal_Ki67_Seg_003,1-017.dcm,E:\Computer vision\Projects\dataset\manifest-1788901441878\Adrenal-ACC-Ki67-Seg\Adrenal_Ki67_Seg_003\10-14-2003-NA-CT ABDOMEN-08445\3.000000-NA-60885\1-017.dcm,2.467415489370828,0.9907158814662108,0.6179307500302512,70.08179349803348,0.2256370224827993
Adrenal_Ki67_Seg_003,1-018.dcm,E:\Computer vision\Projects\dataset\manifest-1788901441878\Adrenal-ACC-Ki67-Seg\Adrenal_Ki67_Seg_003\10-14-2003-NA-CT ABDOMEN-08445\3.000000-NA-60885\1-018.dcm,2.3710080767153925,0.9911249850127235,0.6301999830480609,67.21977933601664,0.227118383971349
Adrenal_Ki67_Seg_003,1-019.dcm,E:\Computer vision\Projects\dataset\manifest-1788901441878\Adrenal-ACC-Ki67-Seg\Adrenal_Ki67_Seg_003\10-14-2003-NA-CT ABDOMEN-08445\3.000000-NA-60885\1-019.dcm,2.3576004993853426,0.9914040896682634,0.6169389630155335,64.20194852194959,0.2262842785188784
Adrenal_Ki67_Seg_003,1-020.dcm,E:\Computer vision\Projects\dataset\manifest-1788901441878\Adrenal-ACC-Ki67-Seg\Adrenal_Ki67_Seg_003\10-14-2003-NA-CT ABDOMEN-08445\3.000000-NA-60885\1-020.dcm,2.3998835788772253,0.9915168345225825,0.6030057917792404,65.58837473814822,0.2251506255169224
Adrenal_Ki67_Seg_003,1-021.dcm,E:\Computer vision\Projects\dataset\manifest-1788901441878\Adrenal-ACC-Ki67-Seg\Adrenal_Ki67_Seg_003\10-14-2003-NA-CT ABDOMEN-08445\3.000000-NA-60885\1-021.dcm,2.362318618571467,0.9916630123227963,0.6140455294666736,67.0881813412173,0.22534530811976528
Adrenal_Ki67_Seg_003,1-022.dcm,E:\Computer vision\Projects\dataset\manifest-1788901441878\Adrenal-ACC-Ki67-Seg\Adrenal_Ki67_Seg_003\10-14-2003-NA-CT ABDOMEN-08445\3.000000-NA-60885\1-022.dcm,2.2563371004247075,0.9917690216011954,0.6225558113546477,62.44836301944309,0.22550103091356027
Adrenal_Ki67_Seg_003,1-023.dcm,E:\Computer vision\Projects\dataset\manifest-1788901441878\Adrenal-ACC-Ki67-Seg\Adrenal_Ki67_Seg_003\10-14-2003-NA-CT ABDOMEN-08445\3.000000-NA-60885\1-023.dcm,2.3120430758154265,0.9917324623017375,0.6090325180002056,63.076416680389556,0.22653990345813846
Adrenal_Ki67_Seg_003,1-024.dcm,E:\Computer vision\Projects\dataset\manifest-1788901441878\Adrenal-ACC-Ki67-Seg\Adrenal_Ki67_Seg_003\10-14-2003-NA-CT ABDOMEN-08445\3.000000-NA-60885\1-024.dcm,2.332236779117727,0.991794032520423,0.6024546705020457,64.22521359829352,0.22459193137382422
Adrenal_Ki67_Seg_003,1-025.dcm,E:\Computer vision\Projects\dataset\manifest-1788901441878\Adrenal-ACC-Ki67-Seg\Adrenal_Ki67_Seg_003\10-14-2003-NA-CT ABDOMEN-08445\3.000000-NA-60885\1-025.dcm,2.334637964774951,0.9918853350115705,0.6137409923580314,68.77867731817817,0.22413876891971338
Adrenal_Ki67_Seg_003,1-026.dcm,E:\Computer vision\Projects\dataset\manifest-1788901441878\Adrenal-ACC-Ki67-Seg\Adrenal_Ki67_Seg_003\10-14-2003-NA-CT ABDOMEN-08445\3.000000-NA-60885\1-026.dcm,2.2290317515634515,0.992153962939074,0.6149970530337493,61.827271648009926,0.22518011043170216
Adrenal_Ki67_Seg_003,1-027.dcm,E:\Computer vision\Projects\dataset\manifest-1788901441878\Adrenal-ACC-Ki67-Seg\Adrenal_Ki67_Seg_003\10-14-2003-NA-CT ABDOMEN-08445\3.000000-NA-60885\1-027.dcm,2.2543954718310673,0.9921544355971418,0.6053852876484874,61.64590362322448,0.2253814489292653
Adrenal_Ki67_Seg_003,1-028.dcm,E:\Computer vision\Projects\dataset\manifest-1788901441878\Adrenal-ACC-Ki67-Seg\Adrenal_Ki67_Seg_003\10-14-2003-NA-CT ABDOMEN-08445\3.000000-NA-60885\1-028.dcm,2.216049264517216,0.992072949271266,0.6139845522048517,60.63001826739328,0.22420619392242155
Adrenal_Ki67_Seg_003,1-029.dcm,E:\Computer vision\Projects\dataset\manifest-1788901441878\Adrenal-ACC-Ki67-Seg\Adrenal_Ki67_Seg_003\10-14-2003-NA-CT ABDOMEN-08445\3.000000-NA-60885\1-029.dcm,2.176454593847297,0.992082793587711,0.6265749354658263,60.40129288720554,0.22540734503927323
Adrenal_Ki67_Seg_003,1-030.dcm,E:\Computer vision\Projects\dataset\manifest-1788901441878\Adrenal-ACC-Ki67-Seg\Adrenal_Ki67_Seg_003\10-14-2003-NA-CT ABDOMEN-08445\3.000000-NA-60885\1-030.dcm,2.2072104503276258,0.9919086206297154,0.6223051501402483,60.0685314471069,0.22786934978795806
Adrenal_Ki67_Seg_003,1-031.dcm,E:\Computer vision\Projects\dataset\manifest-1788901441878\Adrenal-ACC-Ki67-Seg\Adrenal_Ki67_Seg_003\10-14-2003-NA-CT ABDOMEN-08445\3.000000-NA-60885\1-031.dcm,2.2644904086611186,0.9917438018837258,0.6103632513342083,61.23497535625247,0.22632657963630867
Adrenal_Ki67_Seg_003,1-032.dcm,E:\Computer vision\Projects\dataset\manifest-1788901441878\Adrenal-ACC-Ki67-Seg\Adrenal_Ki67_Seg_003\10-14-2003-NA-CT ABDOMEN-08445\3.000000-NA-60885\1-032.dcm,2.2295066271958213,0.991682801297747,0.6237972583314725,61.36995875475354,0.22505642255595246
Adrenal_Ki67_Seg_003,1-033.dcm,E:\Computer vision\Projects\dataset\manifest-1788901441878\Adrenal-ACC-Ki67-Seg\Adrenal_Ki67_Seg_003\10-14-2003-NA-CT ABDOMEN-08445\3.000000-NA-60885\1-033.dcm,2.2165203105073896,0.9918282770808844,0.6271668330871868,60.11791468323115,0.22718706979427608
Adrenal_Ki67_Seg_003,1-034.dcm,E:\Computer vision\Projects\dataset\manifest-1788901441878\Adrenal-ACC-Ki67-Seg\Adrenal_Ki67_Seg_003\10-14-2003-NA-CT ABDOMEN-08445\3.000000-NA-60885\1-034.dcm,2.3052224830634076,0.9918015880209737,0.6070700975354824,62.34546436326454,0.224273215134568
Adrenal_Ki67_Seg_003,1-035.dcm,E:\Computer vision\Projects\dataset\manifest-1788901441878\Adrenal-ACC-Ki67-Seg\Adrenal_Ki67_Seg_003\10-14-2003-NA-CT ABDOMEN-08445\3.000000-NA-60885\1-035.dcm,2.2205299458871557,0.9917314177257786,0.614107645479548,59.42282313563444,0.22570879283654485
Adrenal_Ki67_Seg_003,1-036.dcm,E:\Computer vision\Projects\dataset\manifest-1788901441878\Adrenal-ACC-Ki67-Seg\Adrenal_Ki67_Seg_003\10-14-2003-NA-CT ABDOMEN-08445\3.000000-NA-60885\1-036.dcm,2.165574580366956,0.9917220695908132,0.6301028494049653,59.87312012438679,0.22675481191756064
Adrenal_Ki67_Seg_003,1-037.dcm,E:\Computer vision\Projects\dataset\manifest-1788901441878\Adrenal-ACC-Ki67-Seg\Adrenal_Ki67_Seg_003\10-14-2003-NA-CT ABDOMEN-08445\3.000000-NA-60885\1-037.dcm,2.1885792410415092,0.9917361634599112,0.6301391679237087,61.36688355206973,0.2287541654072656
Adrenal_Ki67_Seg_003,1-038.dcm,E:\Computer vision\Projects\dataset\manifest-1788901441878\Adrenal-ACC-Ki67-Seg\Adrenal_Ki67_Seg_003\10-14-2003-NA-CT ABDOMEN-08445\3.000000-NA-60885\1-038.dcm,2.2177343070836892,0.9916251031872779,0.6209255928046348,61.30104817306919,0.22910795912232806
Adrenal_Ki67_Seg_003,1-039.dcm,E:\Computer vision\Projects\dataset\manifest-1788901441878\Adrenal-ACC-Ki67-Seg\Adrenal_Ki67_Seg_003\10-14-2003-NA-CT ABDOMEN-08445\3.000000-NA-60885\1-039.dcm,2.1793612922744625,0.9915000437972626,0.6295325857739853,61.19698913530509,0.22850788195154406
Adrenal_Ki67_Seg_003,1-040.dcm,E:\Computer vision\Projects\dataset\manifest-1788901441878\Adrenal-ACC-Ki67-Seg\Adrenal_Ki67_Seg_003\10-14-2003-NA-CT ABDOMEN-08445\3.000000-NA-60885\1-040.dcm,2.104212223451963,0.9915410277765041,0.6440221855747101,58.466825724472564,0.2286584568816508
Adrenal_Ki67_Seg_003,1-041.dcm,E:\Computer vision\Projects\dataset\manifest-1788901441878\Adrenal-ACC-Ki67-Seg\Adrenal_Ki67_Seg_003\10-14-2003-NA-CT ABDOMEN-08445\3.000000-NA-60885\1-041.dcm,2.1625261851785185,0.9915990707949457,0.6303195748414334,58.53868130100605,0.22867049224835753
Adrenal_Ki67_Seg_003,1-042.dcm,E:\Computer vision\Projects\dataset\manifest-1788901441878\Adrenal-ACC-Ki67-Seg\Adrenal_Ki67_Seg_003\10-14-2003-NA-CT ABDOMEN-08445\3.000000-NA-60885\1-042.dcm,2.217937278120105,0.9914778836997267,0.6192203783109409,60.36253690817668,0.22920168594054607
Adrenal_Ki67_Seg_003,1-043.dcm,E:\Computer vision\Projects\dataset\manifest-1788901441878\Adrenal-ACC-Ki67-Seg\Adrenal_Ki67_Seg_003\10-14-2003-NA-CT ABDOMEN-08445\3.000000-NA-60885\1-043.dcm,2.138747936780266,0.9914736040778499,0.6335808062732662,58.75361231000188,0.22808320528536974
Adrenal_Ki67_Seg_003,1-044.dcm,E:\Computer vision\Projects\dataset\manifest-1788901441878\Adrenal-ACC-Ki67-Seg\Adrenal_Ki67_Seg_003\10-14-2003-NA-CT ABDOMEN-08445\3.000000-NA-60885\1-044.dcm,2.1430179878293973,0.9914942386734626,0.6390956969574808,59.58806453713029,0.2300092439483956
Adrenal_Ki67_Seg_003,1-045.dcm,E:\Computer vision\Projects\dataset\manifest-1788901441878\Adrenal-ACC-Ki67-Seg\Adrenal_Ki67_Seg_003\10-14-2003-NA-CT ABDOMEN-08445\3.000000-NA-60885\1-045.dcm,2.274485774794061,0.9912651890656002,0.6217297413113954,62.84367017589547,0.22984794622556348
Adrenal_Ki67_Seg_003,1-046.dcm,E:\Computer vision\Projects\dataset\manifest-1788901441878\Adrenal-ACC-Ki67-Seg\Adrenal_Ki67_Seg_003\10-14-2003-NA-CT ABDOMEN-08445\3.000000-NA-60885\1-046.dcm,2.368978366351232,0.9911351357772663,0.611862803187132,66.04332091252714,0.22854171657504055
Adrenal_Ki67_Seg_003,1-047.dcm,E:\Computer vision\Projects\dataset\manifest-1788901441878\Adrenal-ACC-Ki67-Seg\Adrenal_Ki67_Seg_003\10-14-2003-NA-CT ABDOMEN-08445\3.000000-NA-60885\1-047.dcm,2.3315780806599244,0.9911168136610753,0.626899085142917,66.20253445720569,0.22760902543239211
Adrenal_Ki67_Seg_003,1-048.dcm,E:\Computer vision\Projects\dataset\manifest-1788901441878\Adrenal-ACC-Ki67-Seg\Adrenal_Ki67_Seg_003\10-14-2003-NA-CT ABDOMEN-08445\3.000000-NA-60885\1-048.dcm,2.241895519701594,0.9911187493948309,0.6367430478116821,60.97565496455667,0.23169097826233434
Adrenal_Ki67_Seg_003,1-049.dcm,E:\Computer vision\Projects\dataset\manifest-1788901441878\Adrenal-ACC-Ki67-Seg\Adrenal_Ki67_Seg_003\10-14-2003-NA-CT ABDOMEN-08445\3.000000-NA-60885\1-049.dcm,2.3132034574009754,0.9910550906361513,0.6223849588416435,63.534721450974835,0.228652168763607
Adrenal_Ki67_Seg_003,1-050.dcm,E:\Computer vision\Projects\dataset\manifest-1788901441878\Adrenal-ACC-Ki67-Seg\Adrenal_Ki67_Seg_003\10-14-2003-NA-CT ABDOMEN-08445\3.000000-NA-60885\1-050.dcm,2.2467208688692213,0.9909561733535077,0.6366612070491865,62.60622470042624,0.23039961447895568
Adrenal_Ki67_Seg_003,1-051.dcm,E:\Computer vision\Projects\dataset\manifest-1788901441878\Adrenal-ACC-Ki67-Seg\Adrenal_Ki67_Seg_003\10-14-2003-NA-CT ABDOMEN-08445\3.000000-NA-60885\1-051.dcm,2.1921982529172297,0.9910311400927238,0.6486569138928706,61.33837186591657,0.2331719525918527
Adrenal_Ki67_Seg_003,1-052.dcm,E:\Computer vision\Projects\dataset\manifest-1788901441878\Adrenal-ACC-Ki67-Seg\Adrenal_Ki67_Seg_003\10-14-2003-NA-CT ABDOMEN-08445\3.000000-NA-60885\1-052.dcm,2.2295410939755897,0.9910336379332537,0.6384518734617121,61.47001581642227,0.23236181610852205
Adrenal_Ki67_Seg_003,1-053.dcm,E:\Computer vision\Projects\dataset\manifest-1788901441878\Adrenal-ACC-Ki67-Seg\Adrenal_Ki67_Seg_003\10-14-2003-NA-CT ABDOMEN-08445\3.000000-NA-60885\1-053.dcm,2.3362387552131008,0.9907556402010912,0.6263873667190847,65.27883624832933,0.22987383761326216
Adrenal_Ki67_Seg_003,1-054.dcm,E:\Computer vision\Projects\dataset\manifest-1788901441878\Adrenal-ACC-Ki67-Seg\Adrenal_Ki67_Seg_003\10-14-2003-NA-CT ABDOMEN-08445\3.000000-NA-60885\1-054.dcm,2.378709487172613,0.9906889222392586,0.6349180354156877,69.35219687424603,0.23115494945615056
Adrenal_Ki67_Seg_003,1-055.dcm,E:\Computer vision\Projects\dataset\manifest-1788901441878\Adrenal-ACC-Ki67-Seg\Adrenal_Ki67_Seg_003\10-14-2003-NA-CT ABDOMEN-08445\3.000000-NA-60885\1-055.dcm,2.2897277507362483,0.9910071929483975,0.638430945965275,64.65478456347823,0.23017739116989566
Adrenal_Ki67_Seg_003,1-056.dcm,E:\Computer vision\Projects\dataset\manifest-1788901441878\Adrenal-ACC-Ki67-Seg\Adrenal_Ki67_Seg_003\10-14-2003-NA-CT ABDOMEN-08445\3.000000-NA-60885\1-056.dcm,2.2702961462310576,0.9911551928043555,0.6269243930894807,61.58875770236787,0.22954448798351348
Adrenal_Ki67_Seg_003,1-057.dcm,E:\Computer vision\Projects\dataset\manifest-1788901441878\Adrenal-ACC-Ki67-Seg\Adrenal_Ki67_Seg_003\10-14-2003-NA-CT ABDOMEN-08445\3.000000-NA-60885\1-057.dcm,2.295181161224107,0.9911548251273313,0.6242557908615517,63.6083807889829,0.22974081514588116
Adrenal_Ki67_Seg_003,1-058.dcm,E:\Computer vision\Projects\dataset\manifest-1788901441878\Adrenal-ACC-Ki67-Seg\Adrenal_Ki67_Seg_003\10-14-2003-NA-CT ABDOMEN-08445\3.000000-NA-60885\1-058.dcm,2.2605765143362655,0.9912456828167319,0.6396601965320822,63.79388865698277,0.23210753676817128
Adrenal_Ki67_Seg_003,1-059.dcm,E:\Computer vision\Projects\dataset\manifest-1788901441878\Adrenal-ACC-Ki67-Seg\Adrenal_Ki67_Seg_003\10-14-2003-NA-CT ABDOMEN-08445\3.000000-NA-60885\1-059.dcm,2.197310825249597,0.9913264759797051,0.6411923418569401,58.66618157865511,0.234002761713812
Adrenal_Ki67_Seg_003,1-060.dcm,E:\Computer vision\Projects\dataset\manifest-1788901441878\Adrenal-ACC-Ki67-Seg\Adrenal_Ki67_Seg_003\10-14-2003-NA-CT ABDOMEN-08445\3.000000-NA-60885\1-060.dcm,2.264547853294067,0.9914102387525999,0.6235033786259035,61.48233577536852,0.2311328023501361
Adrenal_Ki67_Seg_003,1-061.dcm,E:\Computer vision\Projects\dataset\manifest-1788901441878\Adrenal-ACC-Ki67-Seg\Adrenal_Ki67_Seg_003\10-14-2003-NA-CT ABDOMEN-08445\3.000000-NA-60885\1-061.dcm,2.2969657744876897,0.9911796964141136,0.6309483198829829,64.93432546597171,0.23142178438330185
Adrenal_Ki67_Seg_003,1-062.dcm,E:\Computer vision\Projects\dataset\manifest-1788901441878\Adrenal-ACC-Ki67-Seg\Adrenal_Ki67_Seg_003\10-14-2003-NA-CT ABDOMEN-08445\3.000000-NA-60885\1-062.dcm,2.257497482010256,0.991210372584225,0.6459938222027529,64.42917268239628,0.23319418051254528
Adrenal_Ki67_Seg_003,1-063.dcm,E:\Computer vision\Projects\dataset\manifest-1788901441878\Adrenal-ACC-Ki67-Seg\Adrenal_Ki67_Seg_003\10-14-2003-NA-CT ABDOMEN-08445\3.000000-NA-60885\1-063.dcm,2.2882878052703535,0.9913954540780376,0.6356547403385577,63.49909045997832,0.23286174524850264
Adrenal_Ki67_Seg_003,1-064.dcm,E:\Computer vision\Projects\dataset\manifest-1788901441878\Adrenal-ACC-Ki67-Seg\Adrenal_Ki67_Seg_003\10-14-2003-NA-CT ABDOMEN-08445\3.000000-NA-60885\1-064.dcm,2.312843471034501,0.9914567376561308,0.6221402198796402,62.331509147100384,0.23141561260920618
Adrenal_Ki67_Seg_003,1-065.dcm,E:\Computer vision\Projects\dataset\manifest-1788901441878\Adrenal-ACC-Ki67-Seg\Adrenal_Ki67_Seg_003\10-14-2003-NA-CT ABDOMEN-08445\3.000000-NA-60885\1-065.dcm,2.305582469429881,0.9913333860925073,0.6364372274172161,63.90900770141045,0.23233472854912296
Adrenal_Ki67_Seg_003,1-066.dcm,E:\Computer vision\Projects\dataset\manifest-1788901441878\Adrenal-ACC-Ki67-Seg\Adrenal_Ki67_Seg_003\10-14-2003-NA-CT ABDOMEN-08445\3.000000-NA-60885\1-066.dcm,2.164379732001639,0.9914802022479572,0.6459695687256843,54.981610058172265,0.23696895806966276
Adrenal_Ki67_Seg_003,1-067.dcm,E:\Computer vision\Projects\dataset\manifest-1788901441878\Adrenal-ACC-Ki67-Seg\Adrenal_Ki67_Seg_003\10-14-2003-NA-CT ABDOMEN-08445\3.000000-NA-60885\1-067.dcm,2.1282700357305617,0.9914512660475258,0.6436424806766224,50.83359055763421,0.24070534009169
Adrenal_Ki67_Seg_003,1-068.dcm,E:\Computer vision\Projects\dataset\manifest-1788901441878\Adrenal-ACC-Ki67-Seg\Adrenal_Ki67_Seg_003\10-14-2003-NA-CT ABDOMEN-08445\3.000000-NA-60885\1-068.dcm,2.0737589087051598,0.9912315113257913,0.6470153274841554,47.776632289245214,0.2381798846197383
Adrenal_Ki67_Seg_003,1-069.dcm,E:\Computer vision\Projects\dataset\manifest-1788901441878\Adrenal-ACC-Ki67-Seg\Adrenal_Ki67_Seg_003\10-14-2003-NA-CT ABDOMEN-08445\3.000000-NA-60885\1-069.dcm,2.2079457416293597,0.9913004905470412,0.6479678278156639,55.67032525151175,0.23675190715591096
Adrenal_Ki67_Seg_003,1-070.dcm,E:\Computer vision\Projects\dataset\manifest-1788901441878\Adrenal-ACC-Ki67-Seg\Adrenal_Ki67_Seg_003\10-14-2003-NA-CT ABDOMEN-08445\3.000000-NA-60885\1-070.dcm,2.1612011289785196,0.9915742189009265,0.6468402255682637,52.27900858222816,0.23841359420539496
Adrenal_Ki67_Seg_003,1-071.dcm,E:\Computer vision\Projects\dataset\manifest-1788901441878\Adrenal-ACC-Ki67-Seg\Adrenal_Ki67_Seg_003\10-14-2003-NA-CT ABDOMEN-08445\3.000000-NA-60885\1-071.dcm,2.3528479134194495,0.9914813178956999,0.6190719581812072,59.82479386950877,0.23184465801922283
Adrenal_Ki67_Seg_003,1-072.dcm,E:\Computer vision\Projects\dataset\manifest-1788901441878\Adrenal-ACC-Ki67-Seg\Adrenal_Ki67_Seg_003\10-14-2003-NA-CT ABDOMEN-08445\3.000000-NA-60885\1-072.dcm,2.416278277120569,0.9912201735027955,0.6221972360987861,65.84811256084345,0.2315635414875243
Adrenal_Ki67_Seg_003,2-001.dcm,E:\Computer vision\Projects\dataset\manifest-1788901441878\Adrenal-ACC-Ki67-Seg\Adrenal_Ki67_Seg_003\10-14-2003-NA-CT ABDOMEN-08445\3.000000-NA-60885\2-001.dcm,2.573496578214698,0.9889235680200698,0.62506197299949,70.39885723476857,0.22064198620058315
Adrenal_Ki67_Seg_003,2-002.dcm,E:\Computer vision\Projects\dataset\manifest-1788901441878\Adrenal-ACC-Ki67-Seg\Adrenal_Ki67_Seg_003\10-14-2003-NA-CT ABDOMEN-08445\3.000000-NA-60885\2-002.dcm,2.6861608219944015,0.9887840725370428,0.6230739656416141,78.50716334572863,0.22209853325178666
Adrenal_Ki67_Seg_003,2-003.dcm,E:\Computer vision\Projects\dataset\manifest-1788901441878\Adrenal-ACC-Ki67-Seg\Adrenal_Ki67_Seg_003\10-14-2003-NA-CT ABDOMEN-08445\3.000000-NA-60885\2-003.dcm,2.5037856013112694,0.9888050210402539,0.6514185508817727,72.18720439949296,0.22513085387084558
Adrenal_Ki67_Seg_003,2-004.dcm,E:\Computer vision\Projects\dataset\manifest-1788901441878\Adrenal-ACC-Ki67-Seg\Adrenal_Ki67_Seg_003\10-14-2003-NA-CT ABDOMEN-08445\3.000000-NA-60885\2-004.dcm,2.483120852018796,0.9885935809066378,0.6552035408005938,72.3828225228917,0.22931002089406213
Adrenal_Ki67_Seg_003,2-005.dcm,E:\Computer vision\Projects\dataset\manifest-1788901441878\Adrenal-ACC-Ki67-Seg\Adrenal_Ki67_Seg_003\10-14-2003-NA-CT ABDOMEN-08445\3.000000-NA-60885\2-005.dcm,2.4384404165118854,0.9885924438950363,0.6539436534533162,67.55766100773204,0.2258780541437054
Adrenal_Ki67_Seg_003,2-006.dcm,E:\Computer vision\Projects\dataset\manifest-1788901441878\Adrenal-ACC-Ki67-Seg\Adrenal_Ki67_Seg_003\10-14-2003-NA-CT ABDOMEN-08445\3.000000-NA-60885\2-006.dcm,2.463444150413027,0.9890183470105303,0.6505511095127189,68.79375078986371,0.23116381872798622
Adrenal_Ki67_Seg_003,2-007.dcm,E:\Computer vision\Projects\dataset\manifest-1788901441878\Adrenal-ACC-Ki67-Seg\Adrenal_Ki67_Seg_003\10-14-2003-NA-CT ABDOMEN-08445\3.000000-NA-60885\2-007.dcm,2.4667529612708288,0.989185086264292,0.6444394059839376,68.8023674848059,0.22685953141822504
Adrenal_Ki67_Seg_003,2-008.dcm,E:\Computer vision\Projects\dataset\manifest-1788901441878\Adrenal-ACC-Ki67-Seg\Adrenal_Ki67_Seg_003\10-14-2003-NA-CT ABDOMEN-08445\3.000000-NA-60885\2-008.dcm,2.534709962048246,0.9894986330497022,0.6557172652085942,76.58726031226902,0.23153512012404803
Adrenal_Ki67_Seg_003,2-009.dcm,E:\Computer vision\Projects\dataset\manifest-1788901441878\Adrenal-ACC-Ki67-Seg\Adrenal_Ki67_Seg_003\10-14-2003-NA-CT ABDOMEN-08445\3.000000-NA-60885\2-009.dcm,2.43616177940495,0.9898241691560172,0.656724464718935,71.5708388065303,0.23142918730062575
Adrenal_Ki67_Seg_003,2-010.dcm,E:\Computer vision\Projects\dataset\manifest-1788901441878\Adrenal-ACC-Ki67-Seg\Adrenal_Ki67_Seg_003\10-14-2003-NA-CT ABDOMEN-08445\3.000000-NA-60885\2-010.dcm,2.3934957356934143,0.9900689094720486,0.6580050911382299,69.75792831675739,0.23384188660392055
Adrenal_Ki67_Seg_003,2-011.dcm,E:\Computer vision\Projects\dataset\manifest-1788901441878\Adrenal-ACC-Ki67-Seg\Adrenal_Ki67_Seg_003\10-14-2003-NA-CT ABDOMEN-08445\3.000000-NA-60885\2-011.dcm,2.2298781024888843,0.990532727769919,0.6705880677301908,62.28971243216746,0.23382371970717208
Adrenal_Ki67_Seg_003,2-012.dcm,E:\Computer vision\Projects\dataset\manifest-1788901441878\Adrenal-ACC-Ki67-Seg\Adrenal_Ki67_Seg_003\10-14-2003-NA-CT ABDOMEN-08445\3.000000-NA-60885\2-012.dcm,2.366129112557014,0.9911252738748532,0.6403036173791603,69.72529976524294,0.23096649356252008
Adrenal_Ki67_Seg_003,2-013.dcm,E:\Computer vision\Projects\dataset\manifest-1788901441878\Adrenal-ACC-Ki67-Seg\Adrenal_Ki67_Seg_003\10-14-2003-NA-CT ABDOMEN-08445\3.000000-NA-60885\2-013.dcm,2.2742368480512862,0.9913387948706261,0.6466641320818397,65.79929228212208,0.2299510748873991
Adrenal_Ki67_Seg_003,2-014.dcm,E:\Computer vision\Projects\dataset\manifest-1788901441878\Adrenal-ACC-Ki67-Seg\Adrenal_Ki67_Seg_003\10-14-2003-NA-CT ABDOMEN-08445\3.000000-NA-60885\2-014.dcm,2.175386123674465,0.9915655889857672,0.6560718102141972,62.419433902290514,0.23235622298637287
Adrenal_Ki67_Seg_003,2-015.dcm,E:\Computer vision\Projects\dataset\manifest-1788901441878\Adrenal-ACC-Ki67-Seg\Adrenal_Ki67_Seg_003\10-14-2003-NA-CT ABDOMEN-08445\3.000000-NA-60885\2-015.dcm,2.2653099520911764,0.9915243413602001,0.6386714645842728,66.07039648285661,0.23161661879318338
Adrenal_Ki67_Seg_003,2-016.dcm,E:\Computer vision\Projects\dataset\manifest-1788901441878\Adrenal-ACC-Ki67-Seg\Adrenal_Ki67_Seg_003\10-14-2003-NA-CT ABDOMEN-08445\3.000000-NA-60885\2-016.dcm,2.232903519824143,0.9915218489607557,0.6502570058678374,66.98097050792546,0.22953207487857613
Adrenal_Ki67_Seg_003,2-017.dcm,E:\Computer vision\Projects\dataset\manifest-1788901441878\Adrenal-ACC-Ki67-Seg\Adrenal_Ki67_Seg_003\10-14-2003-NA-CT ABDOMEN-08445\3.000000-NA-60885\2-017.dcm,2.1398661923016533,0.9918428021003591,0.6503639990585862,60.96848587436477,0.23105828409932225
Adrenal_Ki67_Seg_003,2-018.dcm,E:\Computer vision\Projects\dataset\manifest-1788901441878\Adrenal-ACC-Ki67-Seg\Adrenal_Ki67_Seg_003\10-14-2003-NA-CT ABDOMEN-08445\3.000000-NA-60885\2-018.dcm,2.262809195736842,0.9919426719083693,0.6294266068967732,66.98207727452024,0.22839034381574128
Adrenal_Ki67_Seg_003,2-019.dcm,E:\Computer vision\Projects\dataset\manifest-1788901441878\Adrenal-ACC-Ki67-Seg\Adrenal_Ki67_Seg_003\10-14-2003-NA-CT ABDOMEN-08445\3.000000-NA-60885\2-019.dcm,2.110707296617277,0.992070465102083,0.6525738331617866,62.99420575135665,0.2296864469065962
Adrenal_Ki67_Seg_003,2-020.dcm,E:\Computer vision\Projects\dataset\manifest-1788901441878\Adrenal-ACC-Ki67-Seg\Adrenal_Ki67_Seg_003\10-14-2003-NA-CT ABDOMEN-08445\3.000000-NA-60885\2-020.dcm,2.1186997598814346,0.99200394214101,0.648138841056025,61.74184764917415,0.2324382573622049
Adrenal_Ki67_Seg_003,2-021.dcm,E:\Computer vision\Projects\dataset\manifest-1788901441878\Adrenal-ACC-Ki67-Seg\Adrenal_Ki67_Seg_003\10-14-2003-NA-CT ABDOMEN-08445\3.000000-NA-60885\2-021.dcm,2.1231076780496396,0.9918307023088684,0.6495477698911447,60.68412728198804,0.232290636876789
Adrenal_Ki67_Seg_003,2-022.dcm,E:\Computer vision\Projects\dataset\manifest-1788901441878\Adrenal-ACC-Ki67-Seg\Adrenal_Ki67_Seg_003\10-14-2003-NA-CT ABDOMEN-08445\3.000000-NA-60885\2-022.dcm,2.106774254081441,0.9919235777213775,0.656454908013828,60.99673714484856,0.2317090768831648
Adrenal_Ki67_Seg_003,2-023.dcm,E:\Computer vision\Projects\dataset\manifest-1788901441878\Adrenal-ACC-Ki67-Seg\Adrenal_Ki67_Seg_003\10-14-2003-NA-CT ABDOMEN-08445\3.000000-NA-60885\2-023.dcm,2.125011010221315,0.9918496632753283,0.6426510666776147,58.990931407278616,0.22949089829416694
Adrenal_Ki67_Seg_003,2-024.dcm,E:\Computer vision\Projects\dataset\manifest-1788901441878\Adrenal-ACC-Ki67-Seg\Adrenal_Ki67_Seg_003\10-14-2003-NA-CT ABDOMEN-08445\3.000000-NA-60885\2-024.dcm,2.1267879642005045,0.9917810413593008,0.6507526621568106,60.26413425193684,0.23149043230033323
Adrenal_Ki67_Seg_003,2-025.dcm,E:\Computer vision\Projects\dataset\manifest-1788901441878\Adrenal-ACC-Ki67-Seg\Adrenal_Ki67_Seg_003\10-14-2003-NA-CT ABDOMEN-08445\3.000000-NA-60885\2-025.dcm,2.069159508427128,0.9918324325851408,0.6569399334728052,59.65499136415685,0.23212067202426293
Adrenal_Ki67_Seg_003,2-026.dcm,E:\Computer vision\Projects\dataset\manifest-1788901441878\Adrenal-ACC-Ki67-Seg\Adrenal_Ki67_Seg_003\10-14-2003-NA-CT ABDOMEN-08445\3.000000-NA-60885\2-026.dcm,2.0588041559277115,0.9917869686532189,0.6523835982530444,58.91905668253415,0.23470296418678294
Adrenal_Ki67_Seg_003,2-027.dcm,E:\Computer vision\Projects\dataset\manifest-1788901441878\Adrenal-ACC-Ki67-Seg\Adrenal_Ki67_Seg_003\10-14-2003-NA-CT ABDOMEN-08445\3.000000-NA-60885\2-027.dcm,2.033157042137553,0.9916072465017078,0.6712378075806613,60.08187009087741,0.23734245268692278
Adrenal_Ki67_Seg_003,2-028.dcm,E:\Computer vision\Projects\dataset\manifest-1788901441878\Adrenal-ACC-Ki67-Seg\Adrenal_Ki67_Seg_003\10-14-2003-NA-CT ABDOMEN-08445\3.000000-NA-60885\2-028.dcm,2.053760517154882,0.9917571353540393,0.6610423243893627,59.013093546669936,0.23141773966697943
Adrenal_Ki67_Seg_003,2-029.dcm,E:\Computer vision\Projects\dataset\manifest-1788901441878\Adrenal-ACC-Ki67-Seg\Adrenal_Ki67_Seg_003\10-14-2003-NA-CT ABDOMEN-08445\3.000000-NA-60885\2-029.dcm,2.080839917126543,0.9915689353717524,0.6584697952967685,59.529057410166175,0.2345783282557247
Adrenal_Ki67_Seg_003,2-030.dcm,E:\Computer vision\Projects\dataset\manifest-1788901441878\Adrenal-ACC-Ki67-Seg\Adrenal_Ki67_Seg_003\10-14-2003-NA-CT ABDOMEN-08445\3.000000-NA-60885\2-030.dcm,2.044676605864714,0.9915279114226806,0.670027956556573,59.41032701314715,0.23371686485250204
Adrenal_Ki67_Seg_003,2-031.dcm,E:\Computer vision\Projects\dataset\manifest-1788901441878\Adrenal-ACC-Ki67-Seg\Adrenal_Ki67_Seg_003\10-14-2003-NA-CT ABDOMEN-08445\3.000000-NA-60885\2-031.dcm,2.099620482458324,0.9915241432938253,0.6526902327322167,60.30675816958422,0.23135245609589844
Adrenal_Ki67_Seg_003,2-032.dcm,E:\Computer vision\Projects\dataset\manifest-1788901441878\Adrenal-ACC-Ki67-Seg\Adrenal_Ki67_Seg_003\10-14-2003-NA-CT ABDOMEN-08445\3.000000-NA-60885\2-032.dcm,2.0789940295878155,0.9913650868603594,0.6577460634647383,58.24180743793108,0.23207295794885438
Adrenal_Ki67_Seg_003,2-033.dcm,E:\Computer vision\Projects\dataset\manifest-1788901441878\Adrenal-ACC-Ki67-Seg\Adrenal_Ki67_Seg_003\10-14-2003-NA-CT ABDOMEN-08445\3.000000-NA-60885\2-033.dcm,2.1697144235814045,0.9913367059740901,0.6585054877510061,63.045438704661834,0.2312002495361586
Adrenal_Ki67_Seg_003,2-034.dcm,E:\Computer vision\Projects\dataset\manifest-1788901441878\Adrenal-ACC-Ki67-Seg\Adrenal_Ki67_Seg_003\10-14-2003-NA-CT ABDOMEN-08445\3.000000-NA-60885\2-034.dcm,2.2951505240865346,0.9912403954001403,0.6423529613064256,66.89785195369197,0.2315462836382895
Adrenal_Ki67_Seg_003,2-035.dcm,E:\Computer vision\Projects\dataset\manifest-1788901441878\Adrenal-ACC-Ki67-Seg\Adrenal_Ki67_Seg_003\10-14-2003-NA-CT ABDOMEN-08445\3.000000-NA-60885\2-035.dcm,2.231785264302756,0.9912272829307429,0.6507088613233213,64.47762531546678,0.2313086958545534
Adrenal_Ki67_Seg_003,2-036.dcm,E:\Computer vision\Projects\dataset\manifest-1788901441878\Adrenal-ACC-Ki67-Seg\Adrenal_Ki67_Seg_003\10-14-2003-NA-CT ABDOMEN-08445\3.000000-NA-60885\2-036.dcm,2.1251067512762285,0.9913094941627579,0.6632457808903184,60.43187640978702,0.23337464883104486
Adrenal_Ki67_Seg_003,2-037.dcm,E:\Computer vision\Projects\dataset\manifest-1788901441878\Adrenal-ACC-Ki67-Seg\Adrenal_Ki67_Seg_003\10-14-2003-NA-CT ABDOMEN-08445\3.000000-NA-60885\2-037.dcm,2.156054089866384,0.991248227861363,0.6583390544848269,61.517239134347676,0.23826693225079312
Adrenal_Ki67_Seg_003,2-038.dcm,E:\Computer vision\Projects\dataset\manifest-1788901441878\Adrenal-ACC-Ki67-Seg\Adrenal_Ki67_Seg_003\10-14-2003-NA-CT ABDOMEN-08445\3.000000-NA-60885\2-038.dcm,2.11845083313866,0.9912328344640513,0.6718205047168653,61.055870650005176,0.23762967301914484
Adrenal_Ki67_Seg_003,2-039.dcm,E:\Computer vision\Projects\dataset\manifest-1788901441878\Adrenal-ACC-Ki67-Seg\Adrenal_Ki67_Seg_003\10-14-2003-NA-CT ABDOMEN-08445\3.000000-NA-60885\2-039.dcm,2.104618165524795,0.9914950903355078,0.6647911527321224,60.18232160569238,0.23682928059919675
Adrenal_Ki67_Seg_003,2-040.dcm,E:\Computer vision\Projects\dataset\manifest-1788901441878\Adrenal-ACC-Ki67-Seg\Adrenal_Ki67_Seg_003\10-14-2003-NA-CT ABDOMEN-08445\3.000000-NA-60885\2-040.dcm,2.2378629064686484,0.9914376154549154,0.6418478823401506,65.47397183681129,0.23243337074702344
Adrenal_Ki67_Seg_003,2-041.dcm,E:\Computer vision\Projects\dataset\manifest-1788901441878\Adrenal-ACC-Ki67-Seg\Adrenal_Ki67_Seg_003\10-14-2003-NA-CT ABDOMEN-08445\3.000000-NA-60885\2-041.dcm,2.175703983976777,0.9912465879573044,0.666310433955932,63.79108535889492,0.23735120926100464
Adrenal_Ki67_Seg_003,2-042.dcm,E:\Computer vision\Projects\dataset\manifest-1788901441878\Adrenal-ACC-Ki67-Seg\Adrenal_Ki67_Seg_003\10-14-2003-NA-CT ABDOMEN-08445\3.000000-NA-60885\2-042.dcm,2.199869026236879,0.9912155026513986,0.6563456890563264,63.06793402292425,0.23546753090004888
Adrenal_Ki67_Seg_003,2-043.dcm,E:\Computer vision\Projects\dataset\manifest-1788901441878\Adrenal-ACC-Ki67-Seg\Adrenal_Ki67_Seg_003\10-14-2003-NA-CT ABDOMEN-08445\3.000000-NA-60885\2-043.dcm,2.173050041934582,0.9913108800958287,0.6603307737108125,61.79215382906775,0.23901521664050215
Adrenal_Ki67_Seg_003,2-044.dcm,E:\Computer vision\Projects\dataset\manifest-1788901441878\Adrenal-ACC-Ki67-Seg\Adrenal_Ki67_Seg_003\10-14-2003-NA-CT ABDOMEN-08445\3.000000-NA-60885\2-044.dcm,2.0642077810670147,0.9914707630887086,0.6782784437326663,58.55340627525171,0.2407307932901637
Adrenal_Ki67_Seg_003,2-045.dcm,E:\Computer vision\Projects\dataset\manifest-1788901441878\Adrenal-ACC-Ki67-Seg\Adrenal_Ki67_Seg_003\10-14-2003-NA-CT ABDOMEN-08445\3.000000-NA-60885\2-045.dcm,2.1966865935715627,0.9916778374004392,0.6475819679388666,63.17059524128661,0.2349249034437235
Adrenal_Ki67_Seg_003,2-046.dcm,E:\Computer vision\Projects\dataset\manifest-1788901441878\Adrenal-ACC-Ki67-Seg\Adrenal_Ki67_Seg_003\10-14-2003-NA-CT ABDOMEN-08445\3.000000-NA-60885\2-046.dcm,2.19276121032012,0.9915557662977188,0.653659618240401,64.48788875655347,0.23383297688011276
Adrenal_Ki67_Seg_003,2-047.dcm,E:\Computer vision\Projects\dataset\manifest-1788901441878\Adrenal-ACC-Ki67-Seg\Adrenal_Ki67_Seg_003\10-14-2003-NA-CT ABDOMEN-08445\3.000000-NA-60885\2-047.dcm,2.1688948801513472,0.9915257946404593,0.6603114603483178,61.68302051539325,0.23537162027787106
Adrenal_Ki67_Seg_003,2-048.dcm,E:\Computer vision\Projects\dataset\manifest-1788901441878\Adrenal-ACC-Ki67-Seg\Adrenal_Ki67_Seg_003\10-14-2003-NA-CT ABDOMEN-08445\3.000000-NA-60885\2-048.dcm,2.0179954886814926,0.9913355034702123,0.6708352084911273,50.47281145522574,0.24389016737104358
Adrenal_Ki67_Seg_003,2-049.dcm,E:\Computer vision\Projects\dataset\manifest-1788901441878\Adrenal-ACC-Ki67-Seg\Adrenal_Ki67_Seg_003\10-14-2003-NA-CT ABDOMEN-08445\3.000000-NA-60885\2-049.dcm,1.971645329176895,0.991590389814133,0.6838941415877224,48.87130487398562,0.24700664226500474
Adrenal_Ki67_Seg_003,2-050.dcm,E:\Computer vision\Projects\dataset\manifest-1788901441878\Adrenal-ACC-Ki67-Seg\Adrenal_Ki67_Seg_003\10-14-2003-NA-CT ABDOMEN-08445\3.000000-NA-60885\2-050.dcm,2.111756618579126,0.9917313998325338,0.6637189163945405,54.41741568085294,0.24289191156504789
Adrenal_Ki67_Seg_003,2-051.dcm,E:\Computer vision\Projects\dataset\manifest-1788901441878\Adrenal-ACC-Ki67-Seg\Adrenal_Ki67_Seg_003\10-14-2003-NA-CT ABDOMEN-08445\3.000000-NA-60885\2-051.dcm,2.2497386269200867,0.9917964090717055,0.6453321997046918,60.91792693808617,0.23902259103363482
Adrenal_Ki67_Seg_003,2-052.dcm,E:\Computer vision\Projects\dataset\manifest-1788901441878\Adrenal-ACC-Ki67-Seg\Adrenal_Ki67_Seg_003\10-14-2003-NA-CT ABDOMEN-08445\3.000000-NA-60885\2-052.dcm,2.233244357979634,0.9919490223045238,0.6554206690459324,61.62098414145167,0.23997819741176593
Adrenal_Ki67_Seg_003,2-053.dcm,E:\Computer vision\Projects\dataset\manifest-1788901441878\Adrenal-ACC-Ki67-Seg\Adrenal_Ki67_Seg_003\10-14-2003-NA-CT ABDOMEN-08445\3.000000-NA-60885\2-053.dcm,2.297149597313123,0.9917831734581968,0.6388855240036153,62.50308477678931,0.23453140272474693
Adrenal_Ki67_Seg_003,2-054.dcm,E:\Computer vision\Projects\dataset\manifest-1788901441878\Adrenal-ACC-Ki67-Seg\Adrenal_Ki67_Seg_003\10-14-2003-NA-CT ABDOMEN-08445\3.000000-NA-60885\2-054.dcm,2.352644942383033,0.9915998583798089,0.6347026084839352,67.14916456355483,0.23362446851617588
Adrenal_Ki67_Seg_003,2-055.dcm,E:\Computer vision\Projects\dataset\manifest-1788901441878\Adrenal-ACC-Ki67-Seg\Adrenal_Ki67_Seg_003\10-14-2003-NA-CT ABDOMEN-08445\3.000000-NA-60885\2-055.dcm,2.2275343614646084,0.9914452539572681,0.6558396094335918,65.50193971377254,0.2424556841885531
Adrenal_Ki67_Seg_003,2-056.dcm,E:\Computer vision\Projects\dataset\manifest-1788901441878\Adrenal-ACC-Ki67-Seg\Adrenal_Ki67_Seg_003\10-14-2003-NA-CT ABDOMEN-08445\3.000000-NA-60885\2-056.dcm,2.315263804902708,0.9912142222639251,0.6300543381303574,69.68299753754007,0.23299326997166106
Adrenal_Ki67_Seg_003,2-057.dcm,E:\Computer vision\Projects\dataset\manifest-1788901441878\Adrenal-ACC-Ki67-Seg\Adrenal_Ki67_Seg_003\10-14-2003-NA-CT ABDOMEN-08445\3.000000-NA-60885\2-057.dcm,2.256884739258811,0.990997933723685,0.6504892095155801,69.63426151094704,0.24206111326604965
Adrenal_Ki67_Seg_003,2-058.dcm,E:\Computer vision\Projects\dataset\manifest-1788901441878\Adrenal-ACC-Ki67-Seg\Adrenal_Ki67_Seg_003\10-14-2003-NA-CT ABDOMEN-08445\3.000000-NA-60885\2-058.dcm,2.2349945044634483,0.9909559166498417,0.6466830799595698,67.71477590848689,0.23790883212251943
Adrenal_Ki67_Seg_003,2-059.dcm,E:\Computer vision\Projects\dataset\manifest-1788901441878\Adrenal-ACC-Ki67-Seg\Adrenal_Ki67_Seg_003\10-14-2003-NA-CT ABDOMEN-08445\3.000000-NA-60885\2-059.dcm,2.2753474442882804,0.990753182815011,0.6313303296532016,68.77795734544522,0.2328284234845
Adrenal_Ki67_Seg_003,2-060.dcm,E:\Computer vision\Projects\dataset\manifest-1788901441878\Adrenal-ACC-Ki67-Seg\Adrenal_Ki67_Seg_003\10-14-2003-NA-CT ABDOMEN-08445\3.000000-NA-60885\2-060.dcm,2.182582021361744,0.9906932443060581,0.6607513454003995,69.01239655179018,0.24329045552161407
Adrenal_Ki67_Seg_003,2-061.dcm,E:\Computer vision\Projects\dataset\manifest-1788901441878\Adrenal-ACC-Ki67-Seg\Adrenal_Ki67_Seg_003\10-14-2003-NA-CT ABDOMEN-08445\3.000000-NA-60885\2-061.dcm,2.2282888009773245,0.9907129689073343,0.648189846390059,69.6540569314609,0.24560897353968508
Adrenal_Ki67_Seg_003,2-062.dcm,E:\Computer vision\Projects\dataset\manifest-1788901441878\Adrenal-ACC-Ki67-Seg\Adrenal_Ki67_Seg_003\10-14-2003-NA-CT ABDOMEN-08445\3.000000-NA-60885\2-062.dcm,2.183233060535154,0.9906877047132936,0.6458203212673403,67.80968210140126,0.24502533005480345
Adrenal_Ki67_Seg_003,2-063.dcm,E:\Computer vision\Projects\dataset\manifest-1788901441878\Adrenal-ACC-Ki67-Seg\Adrenal_Ki67_Seg_003\10-14-2003-NA-CT ABDOMEN-08445\3.000000-NA-60885\2-063.dcm,2.1140390853282582,0.9907655047361653,0.6584506063863207,66.97731702926995,0.23617818468440294
Adrenal_Ki67_Seg_003,2-064.dcm,E:\Computer vision\Projects\dataset\manifest-1788901441878\Adrenal-ACC-Ki67-Seg\Adrenal_Ki67_Seg_003\10-14-2003-NA-CT ABDOMEN-08445\3.000000-NA-60885\2-064.dcm,2.0682174164467813,0.990752599659268,0.661827383470804,63.81530018650357,0.2490628463857796
Adrenal_Ki67_Seg_003,2-065.dcm,E:\Computer vision\Projects\dataset\manifest-1788901441878\Adrenal-ACC-Ki67-Seg\Adrenal_Ki67_Seg_003\10-14-2003-NA-CT ABDOMEN-08445\3.000000-NA-60885\2-065.dcm,2.0523473791843627,0.9905662330346293,0.6720687540919518,65.32535108244836,0.2510822008642667
Adrenal_Ki67_Seg_003,2-066.dcm,E:\Computer vision\Projects\dataset\manifest-1788901441878\Adrenal-ACC-Ki67-Seg\Adrenal_Ki67_Seg_003\10-14-2003-NA-CT ABDOMEN-08445\3.000000-NA-60885\2-066.dcm,2.0294576077757056,0.9906446185947486,0.6638332077622155,64.99244411594626,0.2364449163917928
Adrenal_Ki67_Seg_003,2-067.dcm,E:\Computer vision\Projects\dataset\manifest-1788901441878\Adrenal-ACC-Ki67-Seg\Adrenal_Ki67_Seg_003\10-14-2003-NA-CT ABDOMEN-08445\3.000000-NA-60885\2-067.dcm,2.0339650966410208,0.9907132801671784,0.6598845994083504,65.33317121181368,0.24339612074638742
Adrenal_Ki67_Seg_003,2-068.dcm,E:\Computer vision\Projects\dataset\manifest-1788901441878\Adrenal-ACC-Ki67-Seg\Adrenal_Ki67_Seg_003\10-14-2003-NA-CT ABDOMEN-08445\3.000000-NA-60885\2-068.dcm,2.14899605929818,0.9909268393185356,0.6543857386822138,77.17084416802938,0.23661055841276213
Adrenal_Ki67_Seg_003,2-069.dcm,E:\Computer vision\Projects\dataset\manifest-1788901441878\Adrenal-ACC-Ki67-Seg\Adrenal_Ki67_Seg_003\10-14-2003-NA-CT ABDOMEN-08445\3.000000-NA-60885\2-069.dcm,2.1179031943045565,0.9910060143523896,0.6520012580818421,75.8284205406689,0.2331889945300034
Adrenal_Ki67_Seg_003,2-070.dcm,E:\Computer vision\Projects\dataset\manifest-1788901441878\Adrenal-ACC-Ki67-Seg\Adrenal_Ki67_Seg_003\10-14-2003-NA-CT ABDOMEN-08445\3.000000-NA-60885\2-070.dcm,2.1357493269403838,0.9910105027424106,0.6511534252074891,77.14883521432593,0.24168111626567373
Adrenal_Ki67_Seg_003,2-071.dcm,E:\Computer vision\Projects\dataset\manifest-1788901441878\Adrenal-ACC-Ki67-Seg\Adrenal_Ki67_Seg_003\10-14-2003-NA-CT ABDOMEN-08445\3.000000-NA-60885\2-071.dcm,2.0450557404421703,0.9909472132953147,0.6737464361737698,74.65013154820946,0.24546093368984814
Adrenal_Ki67_Seg_003,2-072.dcm,E:\Computer vision\Projects\dataset\manifest-1788901441878\Adrenal-ACC-Ki67-Seg\Adrenal_Ki67_Seg_003\10-14-2003-NA-CT ABDOMEN-08445\3.000000-NA-60885\2-072.dcm,2.128178124317845,0.990894757080393,0.6544268571788753,76.4870921909766,0.23794458932420934
Adrenal_Ki67_Seg_003,2-073.dcm,E:\Computer vision\Projects\dataset\manifest-1788901441878\Adrenal-ACC-Ki67-Seg\Adrenal_Ki67_Seg_003\10-14-2003-NA-CT ABDOMEN-08445\3.000000-NA-60885\2-073.dcm,2.174865292335737,0.9906867132206216,0.6450505137433696,78.69348309787416,0.23522257485713682
Adrenal_Ki67_Seg_003,2-074.dcm,E:\Computer vision\Projects\dataset\manifest-1788901441878\Adrenal-ACC-Ki67-Seg\Adrenal_Ki67_Seg_003\10-14-2003-NA-CT ABDOMEN-08445\3.000000-NA-60885\2-074.dcm,2.05679742341673,0.9906064106684803,0.6682015474450202,73.78035087181804,0.23783017728817435
Adrenal_Ki67_Seg_003,2-075.dcm,E:\Computer vision\Projects\dataset\manifest-1788901441878\Adrenal-ACC-Ki67-Seg\Adrenal_Ki67_Seg_003\10-14-2003-NA-CT ABDOMEN-08445\3.000000-NA-60885\2-075.dcm,2.164460154487766,0.9904330005766728,0.6516535338055878,77.66515140490424,0.23916394179664202
Adrenal_Ki67_Seg_003,2-076.dcm,E:\Computer vision\Projects\dataset\manifest-1788901441878\Adrenal-ACC-Ki67-Seg\Adrenal_Ki67_Seg_003\10-14-2003-NA-CT ABDOMEN-08445\3.000000-NA-60885\2-076.dcm,2.097196318947921,0.9902971384579319,0.6569855009358478,74.10510070044155,0.23762959189009425
Adrenal_Ki67_Seg_003,2-077.dcm,E:\Computer vision\Projects\dataset\manifest-1788901441878\Adrenal-ACC-Ki67-Seg\Adrenal_Ki67_Seg_003\10-14-2003-NA-CT ABDOMEN-08445\3.000000-NA-60885\2-077.dcm,2.100880434740982,0.99038868950461,0.6585775910322101,76.94497953056246,0.23432731576853605
Adrenal_Ki67_Seg_003,2-078.dcm,E:\Computer vision\Projects\dataset\manifest-1788901441878\Adrenal-ACC-Ki67-Seg\Adrenal_Ki67_Seg_003\10-14-2003-NA-CT ABDOMEN-08445\3.000000-NA-60885\2-078.dcm,2.0445195905346565,0.990357239083768,0.6484068101011206,70.12770707832767,0.23457663138824095
Adrenal_Ki67_Seg_003,2-079.dcm,E:\Computer vision\Projects\dataset\manifest-1788901441878\Adrenal-ACC-Ki67-Seg\Adrenal_Ki67_Seg_003\10-14-2003-NA-CT ABDOMEN-08445\3.000000-NA-60885\2-079.dcm,1.951133765572283,0.9902443352554728,0.6720574724613229,68.18455045745077,0.24120776670747482
Adrenal_Ki67_Seg_003,2-080.dcm,E:\Computer vision\Projects\dataset\manifest-1788901441878\Adrenal-ACC-Ki67-Seg\Adrenal_Ki67_Seg_003\10-14-2003-NA-CT ABDOMEN-08445\3.000000-NA-60885\2-080.dcm,1.9682599254751627,0.9900851623680529,0.6719839216085703,69.06153086117163,0.24012346940090046
Adrenal_Ki67_Seg_003,2-081.dcm,E:\Computer vision\Projects\dataset\manifest-1788901441878\Adrenal-ACC-Ki67-Seg\Adrenal_Ki67_Seg_003\10-14-2003-NA-CT ABDOMEN-08445\3.000000-NA-60885\2-081.dcm,2.02039284469652,0.9898784709674578,0.6539183519877492,69.36455895925644,0.23145153343519292
Adrenal_Ki67_Seg_003,2-082.dcm,E:\Computer vision\Projects\dataset\manifest-1788901441878\Adrenal-ACC-Ki67-Seg\Adrenal_Ki67_Seg_003\10-14-2003-NA-CT ABDOMEN-08445\3.000000-NA-60885\2-082.dcm,1.9439531864537893,0.9898428125241445,0.6795400251860366,69.73511513819264,0.23862713894035456
Adrenal_Ki67_Seg_003,2-083.dcm,E:\Computer vision\Projects\dataset\manifest-1788901441878\Adrenal-ACC-Ki67-Seg\Adrenal_Ki67_Seg_003\10-14-2003-NA-CT ABDOMEN-08445\3.000000-NA-60885\2-083.dcm,1.9674442116873023,0.9900487908853107,0.6587841689831566,70.06420395142482,0.23136094979704588
Adrenal_Ki67_Seg_003,2-084.dcm,E:\Computer vision\Projects\dataset\manifest-1788901441878\Adrenal-ACC-Ki67-Seg\Adrenal_Ki67_Seg_003\10-14-2003-NA-CT ABDOMEN-08445\3.000000-NA-60885\2-084.dcm,1.9371096158485916,0.990001376381586,0.6519743194491199,68.67711903676842,0.23075189221759798
Adrenal_Ki67_Seg_003,2-085.dcm,E:\Computer vision\Projects\dataset\manifest-1788901441878\Adrenal-ACC-Ki67-Seg\Adrenal_Ki67_Seg_003\10-14-2003-NA-CT ABDOMEN-08445\3.000000-NA-60885\2-085.dcm,1.859873392028983,0.9899609402077637,0.6752490560042397,69.01381351940289,0.2339131303263916
Adrenal_Ki67_Seg_003,2-086.dcm,E:\Computer vision\Projects\dataset\manifest-1788901441878\Adrenal-ACC-Ki67-Seg\Adrenal_Ki67_Seg_003\10-14-2003-NA-CT ABDOMEN-08445\3.000000-NA-60885\2-086.dcm,1.9287686551445495,0.9897162748685452,0.6607924595009697,69.51920374079447,0.2333321669112445
Adrenal_Ki67_Seg_003,2-087.dcm,E:\Computer vision\Projects\dataset\manifest-1788901441878\Adrenal-ACC-Ki67-Seg\Adrenal_Ki67_Seg_003\10-14-2003-NA-CT ABDOMEN-08445\3.000000-NA-60885\2-087.dcm,1.9406558645225775,0.9894959077801389,0.6681788961654285,71.57617349811007,0.23585677442355762
Adrenal_Ki67_Seg_003,2-088.dcm,E:\Computer vision\Projects\dataset\manifest-1788901441878\Adrenal-ACC-Ki67-Seg\Adrenal_Ki67_Seg_003\10-14-2003-NA-CT ABDOMEN-08445\3.000000-NA-60885\2-088.dcm,1.9081000762098799,0.9895182337065063,0.6748404513401183,70.72957364593425,0.23506704148090593
Adrenal_Ki67_Seg_003,2-089.dcm,E:\Computer vision\Projects\dataset\manifest-1788901441878\Adrenal-ACC-Ki67-Seg\Adrenal_Ki67_Seg_003\10-14-2003-NA-CT ABDOMEN-08445\3.000000-NA-60885\2-089.dcm,1.967957383741637,0.989422911857051,0.6534408406725127,70.8457343530394,0.22963675762398367
Adrenal_Ki67_Seg_004,1-01.dcm,E:\Computer vision\Projects\dataset\manifest-1788901441878\Adrenal-ACC-Ki67-Seg\Adrenal_Ki67_Seg_004\06-28-2004-NA-CT ABDOMEN-75328\10.000000-Delay  7.0  B31f-94043\1-01.dcm,3.8616541756503686,0.990533154929404,0.4053108982939577,79.16540990575251,0.06975357352377327
Adrenal_Ki67_Seg_004,1-02.dcm,E:\Computer vision\Projects\dataset\manifest-1788901441878\Adrenal-ACC-Ki67-Seg\Adrenal_Ki67_Seg_004\06-28-2004-NA-CT ABDOMEN-75328\10.000000-Delay  7.0  B31f-94043\1-02.dcm,3.7252767873897543,0.9911229566860155,0.41614968471838054,75.58505060872164,0.07327581081842373
Adrenal_Ki67_Seg_004,1-03.dcm,E:\Computer vision\Projects\dataset\manifest-1788901441878\Adrenal-ACC-Ki67-Seg\Adrenal_Ki67_Seg_004\06-28-2004-NA-CT ABDOMEN-75328\10.000000-Delay  7.0  B31f-94043\1-03.dcm,3.3561797021304303,0.9911450138602546,0.424410376668206,61.23801992179871,0.06809574119620135
Adrenal_Ki67_Seg_004,1-04.dcm,E:\Computer vision\Projects\dataset\manifest-1788901441878\Adrenal-ACC-Ki67-Seg\Adrenal_Ki67_Seg_004\06-28-2004-NA-CT ABDOMEN-75328\10.000000-Delay  7.0  B31f-94043\1-04.dcm,3.2564749675437823,0.9913114707903966,0.43242990162487116,57.60390776689734,0.0769181063006692
Adrenal_Ki67_Seg_004,1-05.dcm,E:\Computer vision\Projects\dataset\manifest-1788901441878\Adrenal-ACC-Ki67-Seg\Adrenal_Ki67_Seg_004\06-28-2004-NA-CT ABDOMEN-75328\10.000000-Delay  7.0  B31f-94043\1-05.dcm,3.6476575993504925,0.9915504739054517,0.4117420583578012,74.7529306336909,0.07395429180061988
Adrenal_Ki67_Seg_004,1-06.dcm,E:\Computer vision\Projects\dataset\manifest-1788901441878\Adrenal-ACC-Ki67-Seg\Adrenal_Ki67_Seg_004\06-28-2004-NA-CT ABDOMEN-75328\10.000000-Delay  7.0  B31f-94043\1-06.dcm,3.432910413180097,0.9916835704753106,0.4158045820731212,64.52635751241762,0.0661734952948918
Adrenal_Ki67_Seg_004,1-07.dcm,E:\Computer vision\Projects\dataset\manifest-1788901441878\Adrenal-ACC-Ki67-Seg\Adrenal_Ki67_Seg_004\06-28-2004-NA-CT ABDOMEN-75328\10.000000-Delay  7.0  B31f-94043\1-07.dcm,3.2236319560663453,0.9919367106887512,0.4324339416913542,57.532492599216454,0.06995804755115143
Adrenal_Ki67_Seg_004,1-08.dcm,E:\Computer vision\Projects\dataset\manifest-1788901441878\Adrenal-ACC-Ki67-Seg\Adrenal_Ki67_Seg_004\06-28-2004-NA-CT ABDOMEN-75328\10.000000-Delay  7.0  B31f-94043\1-08.dcm,3.134857020308593,0.9921296132973237,0.4455926124925679,56.28652999950215,0.07898768657529288
Adrenal_Ki67_Seg_004,1-09.dcm,E:\Computer vision\Projects\dataset\manifest-1788901441878\Adrenal-ACC-Ki67-Seg\Adrenal_Ki67_Seg_004\06-28-2004-NA-CT ABDOMEN-75328\10.000000-Delay  7.0  B31f-94043\1-09.dcm,3.3383182509258162,0.9922753410448699,0.4154218549996156,61.73642487582385,0.06793905709048313
Adrenal_Ki67_Seg_004,1-10.dcm,E:\Computer vision\Projects\dataset\manifest-1788901441878\Adrenal-ACC-Ki67-Seg\Adrenal_Ki67_Seg_004\06-28-2004-NA-CT ABDOMEN-75328\10.000000-Delay  7.0  B31f-94043\1-10.dcm,3.47190383002516,0.9921777189719779,0.39635625132399543,65.4212070266275,0.06095859326260994
Adrenal_Ki67_Seg_004,1-11.dcm,E:\Computer vision\Projects\dataset\manifest-1788901441878\Adrenal-ACC-Ki67-Seg\Adrenal_Ki67_Seg_004\06-28-2004-NA-CT ABDOMEN-75328\10.000000-Delay  7.0  B31f-94043\1-11.dcm,3.1312456677172658,0.9916089940325074,0.4260623551111936,54.20896825609585,0.07543857373746259
Adrenal_Ki67_Seg_004,1-12.dcm,E:\Computer vision\Projects\dataset\manifest-1788901441878\Adrenal-ACC-Ki67-Seg\Adrenal_Ki67_Seg_004\06-28-2004-NA-CT ABDOMEN-75328\10.000000-Delay  7.0  B31f-94043\1-12.dcm,3.352158577824074,0.9914677773640364,0.3961101858624254,60.66334381378748,0.06793153951596294
Adrenal_Ki67_Seg_004,1-13.dcm,E:\Computer vision\Projects\dataset\manifest-1788901441878\Adrenal-ACC-Ki67-Seg\Adrenal_Ki67_Seg_004\06-28-2004-NA-CT ABDOMEN-75328\10.000000-Delay  7.0  B31f-94043\1-13.dcm,3.7464738569475453,0.9914526184164738,0.3595737039773662,73.96449538719598,0.05587660474339246
Adrenal_Ki67_Seg_004,1-14.dcm,E:\Computer vision\Projects\dataset\manifest-1788901441878\Adrenal-ACC-Ki67-Seg\Adrenal_Ki67_Seg_004\06-28-2004-NA-CT ABDOMEN-75328\10.000000-Delay  7.0  B31f-94043\1-14.dcm,3.6460185124903783,0.9917479373531923,0.3690006447592782,70.63057356551178,0.0614152616495145
Adrenal_Ki67_Seg_004,1-15.dcm,E:\Computer vision\Projects\dataset\manifest-1788901441878\Adrenal-ACC-Ki67-Seg\Adrenal_Ki67_Seg_004\06-28-2004-NA-CT ABDOMEN-75328\10.000000-Delay  7.0  B31f-94043\1-15.dcm,3.259791437685977,0.9918211092165787,0.39602448602499973,57.99375768321966,0.0684708279525434
Adrenal_Ki67_Seg_004,1-16.dcm,E:\Computer vision\Projects\dataset\manifest-1788901441878\Adrenal-ACC-Ki67-Seg\Adrenal_Ki67_Seg_004\06-28-2004-NA-CT ABDOMEN-75328\10.000000-Delay  7.0  B31f-94043\1-16.dcm,3.4057659092910955,0.9916611264655698,0.3749695350972799,62.87880714304863,0.060293419710816726
Adrenal_Ki67_Seg_004,1-17.dcm,E:\Computer vision\Projects\dataset\manifest-1788901441878\Adrenal-ACC-Ki67-Seg\Adrenal_Ki67_Seg_004\06-28-2004-NA-CT ABDOMEN-75328\10.000000-Delay  7.0  B31f-94043\1-17.dcm,3.238690109183099,0.9921917272768564,0.38676443348355305,56.407558181839065,0.0635306923461306
Adrenal_Ki67_Seg_004,1-18.dcm,E:\Computer vision\Projects\dataset\manifest-1788901441878\Adrenal-ACC-Ki67-Seg\Adrenal_Ki67_Seg_004\06-28-2004-NA-CT ABDOMEN-75328\10.000000-Delay  7.0  B31f-94043\1-18.dcm,3.2631576931767263,0.9920928306740391,0.38593913777598354,55.47048686241244,0.0671347990892086
Adrenal_Ki67_Seg_004,1-19.dcm,E:\Computer vision\Projects\dataset\manifest-1788901441878\Adrenal-ACC-Ki67-Seg\Adrenal_Ki67_Seg_004\06-28-2004-NA-CT ABDOMEN-75328\10.000000-Delay  7.0  B31f-94043\1-19.dcm,3.2784149876877002,0.9920146625279338,0.37457751690221175,55.57733387969562,0.060580393070335685
Adrenal_Ki67_Seg_004,1-20.dcm,E:\Computer vision\Projects\dataset\manifest-1788901441878\Adrenal-ACC-Ki67-Seg\Adrenal_Ki67_Seg_004\06-28-2004-NA-CT ABDOMEN-75328\10.000000-Delay  7.0  B31f-94043\1-20.dcm,2.999119182294798,0.9924277552730855,0.3907193066881147,47.57341998537077,0.06257320532434331
Adrenal_Ki67_Seg_004,1-21.dcm,E:\Computer vision\Projects\dataset\manifest-1788901441878\Adrenal-ACC-Ki67-Seg\Adrenal_Ki67_Seg_004\06-28-2004-NA-CT ABDOMEN-75328\10.000000-Delay  7.0  B31f-94043\1-21.dcm,3.184259404643824,0.9922889603140747,0.3813405587905975,51.68420387483197,0.06447473732608701
Adrenal_Ki67_Seg_004,1-22.dcm,E:\Computer vision\Projects\dataset\manifest-1788901441878\Adrenal-ACC-Ki67-Seg\Adrenal_Ki67_Seg_004\06-28-2004-NA-CT ABDOMEN-75328\10.000000-Delay  7.0  B31f-94043\1-22.dcm,3.125183344120159,0.991981381927367,0.38669198733239807,49.08911577391325,0.06484744920193436
Adrenal_Ki67_Seg_004,1-23.dcm,E:\Computer vision\Projects\dataset\manifest-1788901441878\Adrenal-ACC-Ki67-Seg\Adrenal_Ki67_Seg_004\06-28-2004-NA-CT ABDOMEN-75328\10.000000-Delay  7.0  B31f-94043\1-23.dcm,3.1586888836975957,0.9920587696845593,0.3801292516453174,49.2303031927727,0.06039347577395388
Adrenal_Ki67_Seg_004,1-24.dcm,E:\Computer vision\Projects\dataset\manifest-1788901441878\Adrenal-ACC-Ki67-Seg\Adrenal_Ki67_Seg_004\06-28-2004-NA-CT ABDOMEN-75328\10.000000-Delay  7.0  B31f-94043\1-24.dcm,3.0354509978132747,0.9920125666525333,0.39592423348135114,45.08246368541787,0.06829451776385474
Adrenal_Ki67_Seg_004,1-25.dcm,E:\Computer vision\Projects\dataset\manifest-1788901441878\Adrenal-ACC-Ki67-Seg\Adrenal_Ki67_Seg_004\06-28-2004-NA-CT ABDOMEN-75328\10.000000-Delay  7.0  B31f-94043\1-25.dcm,3.392534495502085,0.9919900573546188,0.3673606776620545,56.06636769926586,0.06182784598600566
Adrenal_Ki67_Seg_004,1-26.dcm,E:\Computer vision\Projects\dataset\manifest-1788901441878\Adrenal-ACC-Ki67-Seg\Adrenal_Ki67_Seg_004\06-28-2004-NA-CT ABDOMEN-75328\10.000000-Delay  7.0  B31f-94043\1-26.dcm,2.5877198693326084,0.9920879108306281,0.43275542523058746,32.602111664707174,0.075438328972435
Adrenal_Ki67_Seg_004,1-27.dcm,E:\Computer vision\Projects\dataset\manifest-1788901441878\Adrenal-ACC-Ki67-Seg\Adrenal_Ki67_Seg_004\06-28-2004-NA-CT ABDOMEN-75328\10.000000-Delay  7.0  B31f-94043\1-27.dcm,3.048540714841012,0.9922087734698409,0.39493424569277025,45.98147985033758,0.06777760065813848
Adrenal_Ki67_Seg_004,1-28.dcm,E:\Computer vision\Projects\dataset\manifest-1788901441878\Adrenal-ACC-Ki67-Seg\Adrenal_Ki67_Seg_004\06-28-2004-NA-CT ABDOMEN-75328\10.000000-Delay  7.0  B31f-94043\1-28.dcm,2.9980622010485565,0.9925011274451079,0.40027118683448304,44.64936561977015,0.07357436432989724
Adrenal_Ki67_Seg_004,1-29.dcm,E:\Computer vision\Projects\dataset\manifest-1788901441878\Adrenal-ACC-Ki67-Seg\Adrenal_Ki67_Seg_004\06-28-2004-NA-CT ABDOMEN-75328\10.000000-Delay  7.0  B31f-94043\1-29.dcm,2.9363398577670887,0.9925800447097386,0.40302875532802995,42.690407895190354,0.07126659941475048
Adrenal_Ki67_Seg_004,1-30.dcm,E:\Computer vision\Projects\dataset\manifest-1788901441878\Adrenal-ACC-Ki67-Seg\Adrenal_Ki67_Seg_004\06-28-2004-NA-CT ABDOMEN-75328\10.000000-Delay  7.0  B31f-94043\1-30.dcm,3.1549741307669628,0.9924677545788382,0.38903085865452114,49.21911297827444,0.06877736151210835
Adrenal_Ki67_Seg_004,1-31.dcm,E:\Computer vision\Projects\dataset\manifest-1788901441878\Adrenal-ACC-Ki67-Seg\Adrenal_Ki67_Seg_004\06-28-2004-NA-CT ABDOMEN-75328\10.000000-Delay  7.0  B31f-94043\1-31.dcm,2.8073498493035793,0.9926963952147236,0.4244977188268059,39.74152212958743,0.08515621920797023
Adrenal_Ki67_Seg_004,1-32.dcm,E:\Computer vision\Projects\dataset\manifest-1788901441878\Adrenal-ACC-Ki67-Seg\Adrenal_Ki67_Seg_004\06-28-2004-NA-CT ABDOMEN-75328\10.000000-Delay  7.0  B31f-94043\1-32.dcm,2.759226565461989,0.9930232547490496,0.4222175371397545,38.6090279985141,0.08187272646826485
Adrenal_Ki67_Seg_004,1-33.dcm,E:\Computer vision\Projects\dataset\manifest-1788901441878\Adrenal-ACC-Ki67-Seg\Adrenal_Ki67_Seg_004\06-28-2004-NA-CT ABDOMEN-75328\10.000000-Delay  7.0  B31f-94043\1-33.dcm,2.6155000938262347,0.9935962928549141,0.43155638186963513,33.237426327258255,0.08188825538937393
Adrenal_Ki67_Seg_004,1-34.dcm,E:\Computer vision\Projects\dataset\manifest-1788901441878\Adrenal-ACC-Ki67-Seg\Adrenal_Ki67_Seg_004\06-28-2004-NA-CT ABDOMEN-75328\10.000000-Delay  7.0  B31f-94043\1-34.dcm,2.8302434503544336,0.9936376466236462,0.4209954839615726,38.565959842371925,0.08596633684086126
Adrenal_Ki67_Seg_004,1-35.dcm,E:\Computer vision\Projects\dataset\manifest-1788901441878\Adrenal-ACC-Ki67-Seg\Adrenal_Ki67_Seg_004\06-28-2004-NA-CT ABDOMEN-75328\10.000000-Delay  7.0  B31f-94043\1-35.dcm,2.749564378200145,0.9937982454596321,0.4296839869538954,35.532687910968484,0.08867275638346533
Adrenal_Ki67_Seg_004,1-36.dcm,E:\Computer vision\Projects\dataset\manifest-1788901441878\Adrenal-ACC-Ki67-Seg\Adrenal_Ki67_Seg_004\06-28-2004-NA-CT ABDOMEN-75328\10.000000-Delay  7.0  B31f-94043\1-36.dcm,2.898928083149192,0.9939049383741563,0.40981303591639423,36.93008605206016,0.07881963212637658
Adrenal_Ki67_Seg_004,1-37.dcm,E:\Computer vision\Projects\dataset\manifest-1788901441878\Adrenal-ACC-Ki67-Seg\Adrenal_Ki67_Seg_004\06-28-2004-NA-CT ABDOMEN-75328\10.000000-Delay  7.0  B31f-94043\1-37.dcm,3.128687466729983,0.9939187542527119,0.40462676409690934,43.41335243048242,0.08506696874413454
Adrenal_Ki67_Seg_004,1-38.dcm,E:\Computer vision\Projects\dataset\manifest-1788901441878\Adrenal-ACC-Ki67-Seg\Adrenal_Ki67_Seg_004\06-28-2004-NA-CT ABDOMEN-75328\10.000000-Delay  7.0  B31f-94043\1-38.dcm,2.9079468905220187,0.9938132493984302,0.4347559464233795,39.70452778596896,0.09825608428041352
Adrenal_Ki67_Seg_004,1-01.dcm,E:\Computer vision\Projects\dataset\manifest-1788901441878\Adrenal-ACC-Ki67-Seg\Adrenal_Ki67_Seg_004\06-28-2004-NA-CT ABDOMEN-75328\4.000000-Non-Contrast  3.0  B31f-45272\1-01.dcm,3.9534583583855762,0.9893059524188494,0.38826462774220355,78.88044622990874,0.06727583551582433
Adrenal_Ki67_Seg_004,1-02.dcm,E:\Computer vision\Projects\dataset\manifest-1788901441878\Adrenal-ACC-Ki67-Seg\Adrenal_Ki67_Seg_004\06-28-2004-NA-CT ABDOMEN-75328\4.000000-Non-Contrast  3.0  B31f-45272\1-02.dcm,4.068290179648515,0.9891424199262836,0.3896934701770486,85.92440286304051,0.07000555578781374
Adrenal_Ki67_Seg_004,1-03.dcm,E:\Computer vision\Projects\dataset\manifest-1788901441878\Adrenal-ACC-Ki67-Seg\Adrenal_Ki67_Seg_004\06-28-2004-NA-CT ABDOMEN-75328\4.000000-Non-Contrast  3.0  B31f-45272\1-03.dcm,4.05726081012251,0.989424051405327,0.38310527722003374,85.08715116746643,0.06544430292529861
Adrenal_Ki67_Seg_004,1-04.dcm,E:\Computer vision\Projects\dataset\manifest-1788901441878\Adrenal-ACC-Ki67-Seg\Adrenal_Ki67_Seg_004\06-28-2004-NA-CT ABDOMEN-75328\4.000000-Non-Contrast  3.0  B31f-45272\1-04.dcm,3.5958808368534134,0.9895222050520389,0.4107224521443417,68.88775701686194,0.07302207773767283
Adrenal_Ki67_Seg_004,1-05.dcm,E:\Computer vision\Projects\dataset\manifest-1788901441878\Adrenal-ACC-Ki67-Seg\Adrenal_Ki67_Seg_004\06-28-2004-NA-CT ABDOMEN-75328\4.000000-Non-Contrast  3.0  B31f-45272\1-05.dcm,3.431581527337901,0.9895795781058891,0.4164577197775715,62.608323344349934,0.07059424177260502
Adrenal_Ki67_Seg_004,1-06.dcm,E:\Computer vision\Projects\dataset\manifest-1788901441878\Adrenal-ACC-Ki67-Seg\Adrenal_Ki67_Seg_004\06-28-2004-NA-CT ABDOMEN-75328\4.000000-Non-Contrast  3.0  B31f-45272\1-06.dcm,3.7073310840568166,0.9894075398858949,0.3919943281413574,72.03878661616645,0.062445607000763154
Adrenal_Ki67_Seg_004,1-07.dcm,E:\Computer vision\Projects\dataset\manifest-1788901441878\Adrenal-ACC-Ki67-Seg\Adrenal_Ki67_Seg_004\06-28-2004-NA-CT ABDOMEN-75328\4.000000-Non-Contrast  3.0  B31f-45272\1-07.dcm,3.5219495942494095,0.9891362122307353,0.40884920338276837,65.36366282298245,0.06758183630418135
Adrenal_Ki67_Seg_004,1-08.dcm,E:\Computer vision\Projects\dataset\manifest-1788901441878\Adrenal-ACC-Ki67-Seg\Adrenal_Ki67_Seg_004\06-28-2004-NA-CT ABDOMEN-75328\4.000000-Non-Contrast  3.0  B31f-45272\1-08.dcm,3.654953067734881,0.9891954509167027,0.39980957276366214,69.53296364520664,0.06688708389369175
Adrenal_Ki67_Seg_004,1-09.dcm,E:\Computer vision\Projects\dataset\manifest-1788901441878\Adrenal-ACC-Ki67-Seg\Adrenal_Ki67_Seg_004\06-28-2004-NA-CT ABDOMEN-75328\4.000000-Non-Contrast  3.0  B31f-45272\1-09.dcm,3.7880024969267123,0.9894167467920836,0.39409847218534244,74.50778374776445,0.0682086048842522
Adrenal_Ki67_Seg_004,1-10.dcm,E:\Computer vision\Projects\dataset\manifest-1788901441878\Adrenal-ACC-Ki67-Seg\Adrenal_Ki67_Seg_004\06-28-2004-NA-CT ABDOMEN-75328\4.000000-Non-Contrast  3.0  B31f-45272\1-10.dcm,3.7298532098146064,0.9899076718141856,0.3932289852304445,73.15224359588085,0.06732276602445485
Adrenal_Ki67_Seg_004,1-11.dcm,E:\Computer vision\Projects\dataset\manifest-1788901441878\Adrenal-ACC-Ki67-Seg\Adrenal_Ki67_Seg_004\06-28-2004-NA-CT ABDOMEN-75328\4.000000-Non-Contrast  3.0  B31f-45272\1-11.dcm,3.5961872082291353,0.9900435152799177,0.4020219187870756,68.71053649457531,0.06859270732369722
Adrenal_Ki67_Seg_004,1-12.dcm,E:\Computer vision\Projects\dataset\manifest-1788901441878\Adrenal-ACC-Ki67-Seg\Adrenal_Ki67_Seg_004\06-28-2004-NA-CT ABDOMEN-75328\4.000000-Non-Contrast  3.0  B31f-45272\1-12.dcm,3.6400251224528093,0.9900984546563882,0.3910913764087972,69.28719252760214,0.06203289160946377
Adrenal_Ki67_Seg_004,1-13.dcm,E:\Computer vision\Projects\dataset\manifest-1788901441878\Adrenal-ACC-Ki67-Seg\Adrenal_Ki67_Seg_004\06-28-2004-NA-CT ABDOMEN-75328\4.000000-Non-Contrast  3.0  B31f-45272\1-13.dcm,3.761463076504762,0.9903718796039188,0.3781911311141782,73.44458316259512,0.0575194770568364
Adrenal_Ki67_Seg_004,1-14.dcm,E:\Computer vision\Projects\dataset\manifest-1788901441878\Adrenal-ACC-Ki67-Seg\Adrenal_Ki67_Seg_004\06-28-2004-NA-CT ABDOMEN-75328\4.000000-Non-Contrast  3.0  B31f-45272\1-14.dcm,3.4661900038679385,0.9905477016622902,0.3969923900200655,62.80028415945098,0.06077985526931877
Adrenal_Ki67_Seg_004,1-15.dcm,E:\Computer vision\Projects\dataset\manifest-1788901441878\Adrenal-ACC-Ki67-Seg\Adrenal_Ki67_Seg_004\06-28-2004-NA-CT ABDOMEN-75328\4.000000-Non-Contrast  3.0  B31f-45272\1-15.dcm,3.4860160615193725,0.9905116509912626,0.40056695494687944,64.53999486827946,0.06306870531753446
Adrenal_Ki67_Seg_004,1-16.dcm,E:\Computer vision\Projects\dataset\manifest-1788901441878\Adrenal-ACC-Ki67-Seg\Adrenal_Ki67_Seg_004\06-28-2004-NA-CT ABDOMEN-75328\4.000000-Non-Contrast  3.0  B31f-45272\1-16.dcm,3.1974180552310996,0.9905869368004869,0.4220171702177525,54.09919156253231,0.07010158529184003
Adrenal_Ki67_Seg_004,1-17.dcm,E:\Computer vision\Projects\dataset\manifest-1788901441878\Adrenal-ACC-Ki67-Seg\Adrenal_Ki67_Seg_004\06-28-2004-NA-CT ABDOMEN-75328\4.000000-Non-Contrast  3.0  B31f-45272\1-17.dcm,3.429999885110734,0.9905374226259519,0.4059307233076269,63.35091011446801,0.06900394221608015
Adrenal_Ki67_Seg_004,1-18.dcm,E:\Computer vision\Projects\dataset\manifest-1788901441878\Adrenal-ACC-Ki67-Seg\Adrenal_Ki67_Seg_004\06-28-2004-NA-CT ABDOMEN-75328\4.000000-Non-Contrast  3.0  B31f-45272\1-18.dcm,3.594509824947055,0.990653675514878,0.3916461535119783,69.11238850954156,0.06572817880736771
Adrenal_Ki67_Seg_004,1-19.dcm,E:\Computer vision\Projects\dataset\manifest-1788901441878\Adrenal-ACC-Ki67-Seg\Adrenal_Ki67_Seg_004\06-28-2004-NA-CT ABDOMEN-75328\4.000000-Non-Contrast  3.0  B31f-45272\1-19.dcm,3.4799384193534797,0.9907102908689726,0.39344408405405357,63.829331995511666,0.06625308244634565
Adrenal_Ki67_Seg_004,1-20.dcm,E:\Computer vision\Projects\dataset\manifest-1788901441878\Adrenal-ACC-Ki67-Seg\Adrenal_Ki67_Seg_004\06-28-2004-NA-CT ABDOMEN-75328\4.000000-Non-Contrast  3.0  B31f-45272\1-20.dcm,3.4906154617974043,0.9907407653860772,0.3836419521244026,62.29277997556689,0.06224157110033644
Adrenal_Ki67_Seg_004,1-21.dcm,E:\Computer vision\Projects\dataset\manifest-1788901441878\Adrenal-ACC-Ki67-Seg\Adrenal_Ki67_Seg_004\06-28-2004-NA-CT ABDOMEN-75328\4.000000-Non-Contrast  3.0  B31f-45272\1-21.dcm,3.7703440167585143,0.9908427049485407,0.3591216051215404,71.35187135465932,0.05517463857736536
Adrenal_Ki67_Seg_004,1-22.dcm,E:\Computer vision\Projects\dataset\manifest-1788901441878\Adrenal-ACC-Ki67-Seg\Adrenal_Ki67_Seg_004\06-28-2004-NA-CT ABDOMEN-75328\4.000000-Non-Contrast  3.0  B31f-45272\1-22.dcm,3.720953121349872,0.9906993060407806,0.35909391705429194,68.23745696439582,0.0552864886758479
Adrenal_Ki67_Seg_004,1-23.dcm,E:\Computer vision\Projects\dataset\manifest-1788901441878\Adrenal-ACC-Ki67-Seg\Adrenal_Ki67_Seg_004\06-28-2004-NA-CT ABDOMEN-75328\4.000000-Non-Contrast  3.0  B31f-45272\1-23.dcm,3.3563022506807183,0.9904658008851362,0.3862102515127791,55.95701992562834,0.06395173890222547
Adrenal_Ki67_Seg_004,1-24.dcm,E:\Computer vision\Projects\dataset\manifest-1788901441878\Adrenal-ACC-Ki67-Seg\Adrenal_Ki67_Seg_004\06-28-2004-NA-CT ABDOMEN-75328\4.000000-Non-Contrast  3.0  B31f-45272\1-24.dcm,3.404739565182425,0.9902885107900882,0.3856588441050337,56.92665469265207,0.06611055319856529
Adrenal_Ki67_Seg_004,1-25.dcm,E:\Computer vision\Projects\dataset\manifest-1788901441878\Adrenal-ACC-Ki67-Seg\Adrenal_Ki67_Seg_004\06-28-2004-NA-CT ABDOMEN-75328\4.000000-Non-Contrast  3.0  B31f-45272\1-25.dcm,3.5687018661846426,0.9902503214516684,0.37176514965218554,62.72796519621173,0.06460700570901977
Adrenal_Ki67_Seg_004,1-26.dcm,E:\Computer vision\Projects\dataset\manifest-1788901441878\Adrenal-ACC-Ki67-Seg\Adrenal_Ki67_Seg_004\06-28-2004-NA-CT ABDOMEN-75328\4.000000-Non-Contrast  3.0  B31f-45272\1-26.dcm,3.6294514803481914,0.9904007371353564,0.36091033650069015,63.49541400346966,0.06253497340433536
Adrenal_Ki67_Seg_004,1-27.dcm,E:\Computer vision\Projects\dataset\manifest-1788901441878\Adrenal-ACC-Ki67-Seg\Adrenal_Ki67_Seg_004\06-28-2004-NA-CT ABDOMEN-75328\4.000000-Non-Contrast  3.0  B31f-45272\1-27.dcm,3.855714400603551,0.9904918466192107,0.3399922527287562,70.85818451982031,0.05698468095114007
Adrenal_Ki67_Seg_004,1-28.dcm,E:\Computer vision\Projects\dataset\manifest-1788901441878\Adrenal-ACC-Ki67-Seg\Adrenal_Ki67_Seg_004\06-28-2004-NA-CT ABDOMEN-75328\4.000000-Non-Contrast  3.0  B31f-45272\1-28.dcm,3.9274857250087125,0.9906006358471531,0.3334567462096123,71.74296590469552,0.05448455721658592
Adrenal_Ki67_Seg_004,1-29.dcm,E:\Computer vision\Projects\dataset\manifest-1788901441878\Adrenal-ACC-Ki67-Seg\Adrenal_Ki67_Seg_004\06-28-2004-NA-CT ABDOMEN-75328\4.000000-Non-Contrast  3.0  B31f-45272\1-29.dcm,4.063549082609212,0.9906584553272695,0.32039869130007465,76.85741093209663,0.0514468635060497
Adrenal_Ki67_Seg_004,1-30.dcm,E:\Computer vision\Projects\dataset\manifest-1788901441878\Adrenal-ACC-Ki67-Seg\Adrenal_Ki67_Seg_004\06-28-2004-NA-CT ABDOMEN-75328\4.000000-Non-Contrast  3.0  B31f-45272\1-30.dcm,3.775839553310534,0.9905975709053788,0.33748463353711533,66.79002071836429,0.05644246633370114
Adrenal_Ki67_Seg_004,1-31.dcm,E:\Computer vision\Projects\dataset\manifest-1788901441878\Adrenal-ACC-Ki67-Seg\Adrenal_Ki67_Seg_004\06-28-2004-NA-CT ABDOMEN-75328\4.000000-Non-Contrast  3.0  B31f-45272\1-31.dcm,3.7066340891770473,0.9906547165257589,0.3447790447957359,65.1721539056606,0.05936633427913031
Adrenal_Ki67_Seg_004,1-32.dcm,E:\Computer vision\Projects\dataset\manifest-1788901441878\Adrenal-ACC-Ki67-Seg\Adrenal_Ki67_Seg_004\06-28-2004-NA-CT ABDOMEN-75328\4.000000-Non-Contrast  3.0  B31f-45272\1-32.dcm,3.8290639205579025,0.9904986368794794,0.34142837067938503,70.29619601640618,0.059754452256805236
Adrenal_Ki67_Seg_004,1-33.dcm,E:\Computer vision\Projects\dataset\manifest-1788901441878\Adrenal-ACC-Ki67-Seg\Adrenal_Ki67_Seg_004\06-28-2004-NA-CT ABDOMEN-75328\4.000000-Non-Contrast  3.0  B31f-45272\1-33.dcm,3.4265072514274992,0.9906353365033846,0.3659267012655496,56.90959746630873,0.06688516138400517
Adrenal_Ki67_Seg_004,1-34.dcm,E:\Computer vision\Projects\dataset\manifest-1788901441878\Adrenal-ACC-Ki67-Seg\Adrenal_Ki67_Seg_004\06-28-2004-NA-CT ABDOMEN-75328\4.000000-Non-Contrast  3.0  B31f-45272\1-34.dcm,3.31734713025762,0.9905863356754242,0.3725191081187063,54.14563746309182,0.06794481917895026
Adrenal_Ki67_Seg_004,1-35.dcm,E:\Computer vision\Projects\dataset\manifest-1788901441878\Adrenal-ACC-Ki67-Seg\Adrenal_Ki67_Seg_004\06-28-2004-NA-CT ABDOMEN-75328\4.000000-Non-Contrast  3.0  B31f-45272\1-35.dcm,3.5918099271985016,0.990443847408759,0.3479083468338379,62.916192110171146,0.060036484128688665
Adrenal_Ki67_Seg_004,1-36.dcm,E:\Computer vision\Projects\dataset\manifest-1788901441878\Adrenal-ACC-Ki67-Seg\Adrenal_Ki67_Seg_004\06-28-2004-NA-CT ABDOMEN-75328\4.000000-Non-Contrast  3.0  B31f-45272\1-36.dcm,3.741548937082808,0.9906784072142744,0.33398196080116105,66.50547064387774,0.055771037364219005
Adrenal_Ki67_Seg_004,1-37.dcm,E:\Computer vision\Projects\dataset\manifest-1788901441878\Adrenal-ACC-Ki67-Seg\Adrenal_Ki67_Seg_004\06-28-2004-NA-CT ABDOMEN-75328\4.000000-Non-Contrast  3.0  B31f-45272\1-37.dcm,3.577456428245909,0.9909516606671037,0.3401341749234452,59.42079342527028,0.056726302759191945
Adrenal_Ki67_Seg_004,1-38.dcm,E:\Computer vision\Projects\dataset\manifest-1788901441878\Adrenal-ACC-Ki67-Seg\Adrenal_Ki67_Seg_004\06-28-2004-NA-CT ABDOMEN-75328\4.000000-Non-Contrast  3.0  B31f-45272\1-38.dcm,3.54407343721876,0.991080932007773,0.34478346287473977,58.60620172257306,0.05811111240115967
Adrenal_Ki67_Seg_004,1-39.dcm,E:\Computer vision\Projects\dataset\manifest-1788901441878\Adrenal-ACC-Ki67-Seg\Adrenal_Ki67_Seg_004\06-28-2004-NA-CT ABDOMEN-75328\4.000000-Non-Contrast  3.0  B31f-45272\1-39.dcm,3.5960455114678638,0.9912491332976476,0.33907497904367606,58.76294514803482,0.05825411829400661
Adrenal_Ki67_Seg_004,1-40.dcm,E:\Computer vision\Projects\dataset\manifest-1788901441878\Adrenal-ACC-Ki67-Seg\Adrenal_Ki67_Seg_004\06-28-2004-NA-CT ABDOMEN-75328\4.000000-Non-Contrast  3.0  B31f-45272\1-40.dcm,3.41400346965583,0.9911522044869665,0.3550411846399033,53.59909007701411,0.0627299741623415
Adrenal_Ki67_Seg_004,1-41.dcm,E:\Computer vision\Projects\dataset\manifest-1788901441878\Adrenal-ACC-Ki67-Seg\Adrenal_Ki67_Seg_004\06-28-2004-NA-CT ABDOMEN-75328\4.000000-Non-Contrast  3.0  B31f-45272\1-41.dcm,3.3434231639737897,0.9911084357755873,0.35832075930461454,51.302959164525255,0.06461659235702219
Adrenal_Ki67_Seg_004,1-42.dcm,E:\Computer vision\Projects\dataset\manifest-1788901441878\Adrenal-ACC-Ki67-Seg\Adrenal_Ki67_Seg_004\06-28-2004-NA-CT ABDOMEN-75328\4.000000-Non-Contrast  3.0  B31f-45272\1-42.dcm,3.47424374140724,0.9909654733944278,0.3462241193640355,55.629083834697326,0.06092137293928513
Adrenal_Ki67_Seg_004,1-43.dcm,E:\Computer vision\Projects\dataset\manifest-1788901441878\Adrenal-ACC-Ki67-Seg\Adrenal_Ki67_Seg_004\06-28-2004-NA-CT ABDOMEN-75328\4.000000-Non-Contrast  3.0  B31f-45272\1-43.dcm,3.444874215402055,0.9909318361237776,0.34663259808915636,54.6084727003956,0.05904961751253489
Adrenal_Ki67_Seg_004,1-44.dcm,E:\Computer vision\Projects\dataset\manifest-1788901441878\Adrenal-ACC-Ki67-Seg\Adrenal_Ki67_Seg_004\06-28-2004-NA-CT ABDOMEN-75328\4.000000-Non-Contrast  3.0  B31f-45272\1-44.dcm,3.293048050520639,0.9911617684866002,0.35406334660636324,49.221877979940324,0.06012156119832364
Adrenal_Ki67_Seg_004,1-45.dcm,E:\Computer vision\Projects\dataset\manifest-1788901441878\Adrenal-ACC-Ki67-Seg\Adrenal_Ki67_Seg_004\06-28-2004-NA-CT ABDOMEN-75328\4.000000-Non-Contrast  3.0  B31f-45272\1-45.dcm,3.2841862584778707,0.9913706261370469,0.35223010659817505,49.219641468897564,0.05964395017289202
Adrenal_Ki67_Seg_004,1-46.dcm,E:\Computer vision\Projects\dataset\manifest-1788901441878\Adrenal-ACC-Ki67-Seg\Adrenal_Ki67_Seg_004\06-28-2004-NA-CT ABDOMEN-75328\4.000000-Non-Contrast  3.0  B31f-45272\1-46.dcm,3.4427832307627497,0.9914885425121924,0.3428321202007615,53.48791173440666,0.0582584719103805
Adrenal_Ki67_Seg_004,1-47.dcm,E:\Computer vision\Projects\dataset\manifest-1788901441878\Adrenal-ACC-Ki67-Seg\Adrenal_Ki67_Seg_004\06-28-2004-NA-CT ABDOMEN-75328\4.000000-Non-Contrast  3.0  B31f-45272\1-47.dcm,3.4716510736401895,0.9911994039847799,0.3451285240127893,54.1990762903022,0.06037799349159316
Adrenal_Ki67_Seg_004,1-48.dcm,E:\Computer vision\Projects\dataset\manifest-1788901441878\Adrenal-ACC-Ki67-Seg\Adrenal_Ki67_Seg_004\06-28-2004-NA-CT ABDOMEN-75328\4.000000-Non-Contrast  3.0  B31f-45272\1-48.dcm,3.458101799548868,0.991219148118515,0.34867160825268784,54.05131337579131,0.061857538863360616
Adrenal_Ki67_Seg_004,1-49.dcm,E:\Computer vision\Projects\dataset\manifest-1788901441878\Adrenal-ACC-Ki67-Seg\Adrenal_Ki67_Seg_004\06-28-2004-NA-CT ABDOMEN-75328\4.000000-Non-Contrast  3.0  B31f-45272\1-49.dcm,3.516534480183516,0.9910667198889977,0.3461438023615593,56.10390202243404,0.061296008937508265
Adrenal_Ki67_Seg_004,1-50.dcm,E:\Computer vision\Projects\dataset\manifest-1788901441878\Adrenal-ACC-Ki67-Seg\Adrenal_Ki67_Seg_004\06-28-2004-NA-CT ABDOMEN-75328\4.000000-Non-Contrast  3.0  B31f-45272\1-50.dcm,3.3364493855339097,0.9910880902062399,0.35499927730839204,49.7329552199938,0.06280738329950536
Adrenal_Ki67_Seg_004,1-51.dcm,E:\Computer vision\Projects\dataset\manifest-1788901441878\Adrenal-ACC-Ki67-Seg\Adrenal_Ki67_Seg_004\06-28-2004-NA-CT ABDOMEN-75328\4.000000-Non-Contrast  3.0  B31f-45272\1-51.dcm,3.2431324941310735,0.9909773264938654,0.36091231943018953,46.592660107766136,0.06231637074980233
Adrenal_Ki67_Seg_004,1-52.dcm,E:\Computer vision\Projects\dataset\manifest-1788901441878\Adrenal-ACC-Ki67-Seg\Adrenal_Ki67_Seg_004\06-28-2004-NA-CT ABDOMEN-75328\4.000000-Non-Contrast  3.0  B31f-45272\1-52.dcm,3.3768099846431348,0.9910753472174622,0.34748478741881345,49.62748304425918,0.0584197215889583
Adrenal_Ki67_Seg_004,1-53.dcm,E:\Computer vision\Projects\dataset\manifest-1788901441878\Adrenal-ACC-Ki67-Seg\Adrenal_Ki67_Seg_004\06-28-2004-NA-CT ABDOMEN-75328\4.000000-Non-Contrast  3.0  B31f-45272\1-53.dcm,3.3806243082708782,0.9910777960370591,0.3498684842774545,50.51537026895577,0.05911754585050871
Adrenal_Ki67_Seg_004,1-54.dcm,E:\Computer vision\Projects\dataset\manifest-1788901441878\Adrenal-ACC-Ki67-Seg\Adrenal_Ki67_Seg_004\06-28-2004-NA-CT ABDOMEN-75328\4.000000-Non-Contrast  3.0  B31f-45272\1-54.dcm,3.2251178572385983,0.9911345302017487,0.3615450859729177,45.63547933716553,0.06290302079438986
Adrenal_Ki67_Seg_004,1-55.dcm,E:\Computer vision\Projects\dataset\manifest-1788901441878\Adrenal-ACC-Ki67-Seg\Adrenal_Ki67_Seg_004\06-28-2004-NA-CT ABDOMEN-75328\4.000000-Non-Contrast  3.0  B31f-45272\1-55.dcm,3.2294874789848387,0.9910287070060321,0.3660045077913692,46.4129311698408,0.06546026752992351
Adrenal_Ki67_Seg_004,1-56.dcm,E:\Computer vision\Projects\dataset\manifest-1788901441878\Adrenal-ACC-Ki67-Seg\Adrenal_Ki67_Seg_004\06-28-2004-NA-CT ABDOMEN-75328\4.000000-Non-Contrast  3.0  B31f-45272\1-56.dcm,3.3388352526223475,0.9909713481875762,0.35680926041525557,49.35714860160615,0.06468726383975044
Adrenal_Ki67_Seg_004,1-57.dcm,E:\Computer vision\Projects\dataset\manifest-1788901441878\Adrenal-ACC-Ki67-Seg\Adrenal_Ki67_Seg_004\06-28-2004-NA-CT ABDOMEN-75328\4.000000-Non-Contrast  3.0  B31f-45272\1-57.dcm,3.5037396456049104,0.9909499010807521,0.34518234920962265,54.04360430604968,0.06088551139014497
Adrenal_Ki67_Seg_004,1-58.dcm,E:\Computer vision\Projects\dataset\manifest-1788901441878\Adrenal-ACC-Ki67-Seg\Adrenal_Ki67_Seg_004\06-28-2004-NA-CT ABDOMEN-75328\4.000000-Non-Contrast  3.0  B31f-45272\1-58.dcm,3.5685984658453362,0.9909145225643252,0.33950362559394764,54.93728194974744,0.05877846172033781
Adrenal_Ki67_Seg_004,1-59.dcm,E:\Computer vision\Projects\dataset\manifest-1788901441878\Adrenal-ACC-Ki67-Seg\Adrenal_Ki67_Seg_004\06-28-2004-NA-CT ABDOMEN-75328\4.000000-Non-Contrast  3.0  B31f-45272\1-59.dcm,3.6927401472880383,0.9911817318892667,0.3312199519294648,58.82086082697293,0.055307217739989346
Adrenal_Ki67_Seg_004,1-60.dcm,E:\Computer vision\Projects\dataset\manifest-1788901441878\Adrenal-ACC-Ki67-Seg\Adrenal_Ki67_Seg_004\06-28-2004-NA-CT ABDOMEN-75328\4.000000-Non-Contrast  3.0  B31f-45272\1-60.dcm,3.4458277963089907,0.9911004932822123,0.3430507269989559,51.90550740844283,0.0577719710465945
Adrenal_Ki67_Seg_004,1-61.dcm,E:\Computer vision\Projects\dataset\manifest-1788901441878\Adrenal-ACC-Ki67-Seg\Adrenal_Ki67_Seg_004\06-28-2004-NA-CT ABDOMEN-75328\4.000000-Non-Contrast  3.0  B31f-45272\1-61.dcm,3.4254694183922396,0.9912800309736334,0.3487654538043514,52.34664389306107,0.06022567771997674
Adrenal_Ki67_Seg_004,1-62.dcm,E:\Computer vision\Projects\dataset\manifest-1788901441878\Adrenal-ACC-Ki67-Seg\Adrenal_Ki67_Seg_004\06-28-2004-NA-CT ABDOMEN-75328\4.000000-Non-Contrast  3.0  B31f-45272\1-62.dcm,3.376549568973771,0.9911172822112522,0.3556714415973516,51.0680872086121,0.06366422648913404
Adrenal_Ki67_Seg_004,1-63.dcm,E:\Computer vision\Projects\dataset\manifest-1788901441878\Adrenal-ACC-Ki67-Seg\Adrenal_Ki67_Seg_004\06-28-2004-NA-CT ABDOMEN-75328\4.000000-Non-Contrast  3.0  B31f-45272\1-63.dcm,3.316301637937967,0.9911199725855523,0.36655150600112607,49.90677884965208,0.06955352045252004
Adrenal_Ki67_Seg_004,1-64.dcm,E:\Computer vision\Projects\dataset\manifest-1788901441878\Adrenal-ACC-Ki67-Seg\Adrenal_Ki67_Seg_004\06-28-2004-NA-CT ABDOMEN-75328\4.000000-Non-Contrast  3.0  B31f-45272\1-64.dcm,3.2461004668333837,0.9913221515354288,0.3681676464117353,47.36861072070037,0.07042505145722482
Adrenal_Ki67_Seg_004,1-65.dcm,E:\Computer vision\Projects\dataset\manifest-1788901441878\Adrenal-ACC-Ki67-Seg\Adrenal_Ki67_Seg_004\06-28-2004-NA-CT ABDOMEN-75328\4.000000-Non-Contrast  3.0  B31f-45272\1-65.dcm,3.0711049666629644,0.991558802115362,0.37915310005606506,42.020006050834674,0.07238045437517203
Adrenal_Ki67_Seg_004,1-66.dcm,E:\Computer vision\Projects\dataset\manifest-1788901441878\Adrenal-ACC-Ki67-Seg\Adrenal_Ki67_Seg_004\06-28-2004-NA-CT ABDOMEN-75328\4.000000-Non-Contrast  3.0  B31f-45272\1-66.dcm,3.1955185527016217,0.9912631415412542,0.36948734368170005,45.7865931885984,0.06826848864266893
Adrenal_Ki67_Seg_004,1-67.dcm,E:\Computer vision\Projects\dataset\manifest-1788901441878\Adrenal-ACC-Ki67-Seg\Adrenal_Ki67_Seg_004\06-28-2004-NA-CT ABDOMEN-75328\4.000000-Non-Contrast  3.0  B31f-45272\1-67.dcm,3.432213418300328,0.9911240676363913,0.3521783530149591,53.583560877907175,0.0629947918911214
Adrenal_Ki67_Seg_004,1-68.dcm,E:\Computer vision\Projects\dataset\manifest-1788901441878\Adrenal-ACC-Ki67-Seg\Adrenal_Ki67_Seg_004\06-28-2004-NA-CT ABDOMEN-75328\4.000000-Non-Contrast  3.0  B31f-45272\1-68.dcm,3.3954105567916786,0.9911242680334584,0.3555040521454617,52.79391929412036,0.0638103233517481
Adrenal_Ki67_Seg_004,1-69.dcm,E:\Computer vision\Projects\dataset\manifest-1788901441878\Adrenal-ACC-Ki67-Seg\Adrenal_Ki67_Seg_004\06-28-2004-NA-CT ABDOMEN-75328\4.000000-Non-Contrast  3.0  B31f-45272\1-69.dcm,3.292492752402143,0.9913898832629303,0.36442612791011025,49.42523581021826,0.0676063602202607
Adrenal_Ki67_Seg_004,1-70.dcm,E:\Computer vision\Projects\dataset\manifest-1788901441878\Adrenal-ACC-Ki67-Seg\Adrenal_Ki67_Seg_004\06-28-2004-NA-CT ABDOMEN-75328\4.000000-Non-Contrast  3.0  B31f-45272\1-70.dcm,3.2313027293859937,0.9913874318638315,0.37313190873289,47.82765461222958,0.07273860860439052
Adrenal_Ki67_Seg_004,1-71.dcm,E:\Computer vision\Projects\dataset\manifest-1788901441878\Adrenal-ACC-Ki67-Seg\Adrenal_Ki67_Seg_004\06-28-2004-NA-CT ABDOMEN-75328\4.000000-Non-Contrast  3.0  B31f-45272\1-71.dcm,3.168975302637474,0.9916753272768503,0.3769516510952766,46.272923280777874,0.07562967182890408
Adrenal_Ki67_Seg_004,1-72.dcm,E:\Computer vision\Projects\dataset\manifest-1788901441878\Adrenal-ACC-Ki67-Seg\Adrenal_Ki67_Seg_004\06-28-2004-NA-CT ABDOMEN-75328\4.000000-Non-Contrast  3.0  B31f-45272\1-72.dcm,3.1016004074739296,0.991780942658539,0.38230507765706245,45.159090996128235,0.07747414071819686
Adrenal_Ki67_Seg_004,1-73.dcm,E:\Computer vision\Projects\dataset\manifest-1788901441878\Adrenal-ACC-Ki67-Seg\Adrenal_Ki67_Seg_004\06-28-2004-NA-CT ABDOMEN-75328\4.000000-Non-Contrast  3.0  B31f-45272\1-73.dcm,3.1655171357340084,0.9918769225443343,0.37101899233046043,46.19683977925942,0.07263311202333143
Adrenal_Ki67_Seg_004,1-74.dcm,E:\Computer vision\Projects\dataset\manifest-1788901441878\Adrenal-ACC-Ki67-Seg\Adrenal_Ki67_Seg_004\06-28-2004-NA-CT ABDOMEN-75328\4.000000-Non-Contrast  3.0  B31f-45272\1-74.dcm,3.040218902347954,0.9919062337050485,0.3811054412847237,42.85833387586598,0.07352526497547125
Adrenal_Ki67_Seg_004,1-75.dcm,E:\Computer vision\Projects\dataset\manifest-1788901441878\Adrenal-ACC-Ki67-Seg\Adrenal_Ki67_Seg_004\06-28-2004-NA-CT ABDOMEN-75328\4.000000-Non-Contrast  3.0  B31f-45272\1-75.dcm,2.929174597217382,0.9923060907307664,0.3843225366053887,38.433841016233856,0.07334717605434748
Adrenal_Ki67_Seg_004,1-76.dcm,E:\Computer vision\Projects\dataset\manifest-1788901441878\Adrenal-ACC-Ki67-Seg\Adrenal_Ki67_Seg_004\06-28-2004-NA-CT ABDOMEN-75328\4.000000-Non-Contrast  3.0  B31f-45272\1-76.dcm,2.877796117508741,0.9925260921020189,0.3938400855867494,37.39116731323793,0.07624214305367691
Adrenal_Ki67_Seg_004,1-77.dcm,E:\Computer vision\Projects\dataset\manifest-1788901441878\Adrenal-ACC-Ki67-Seg\Adrenal_Ki67_Seg_004\06-28-2004-NA-CT ABDOMEN-75328\4.000000-Non-Contrast  3.0  B31f-45272\1-77.dcm,3.084535521846194,0.9923226980661288,0.38163192193652756,42.63850475450079,0.07510178378247374
Adrenal_Ki67_Seg_004,1-78.dcm,E:\Computer vision\Projects\dataset\manifest-1788901441878\Adrenal-ACC-Ki67-Seg\Adrenal_Ki67_Seg_004\06-28-2004-NA-CT ABDOMEN-75328\4.000000-Non-Contrast  3.0  B31f-45272\1-78.dcm,3.156360461242106,0.9921292891024855,0.38248973226186084,44.5441385411361,0.07828166199479765
Adrenal_Ki67_Seg_004,1-79.dcm,E:\Computer vision\Projects\dataset\manifest-1788901441878\Adrenal-ACC-Ki67-Seg\Adrenal_Ki67_Seg_004\06-28-2004-NA-CT ABDOMEN-75328\4.000000-Non-Contrast  3.0  B31f-45272\1-79.dcm,3.1062419338161247,0.9922722258644274,0.3864334375158316,42.97486222862199,0.08040247453193987
Adrenal_Ki67_Seg_004,1-80.dcm,E:\Computer vision\Projects\dataset\manifest-1788901441878\Adrenal-ACC-Ki67-Seg\Adrenal_Ki67_Seg_004\06-28-2004-NA-CT ABDOMEN-75328\4.000000-Non-Contrast  3.0  B31f-45272\1-80.dcm,3.08988170235255,0.9924855436768544,0.38735089853550075,41.467246985114194,0.08153615411460166
Adrenal_Ki67_Seg_004,1-01.dcm,E:\Computer vision\Projects\dataset\manifest-1788901441878\Adrenal-ACC-Ki67-Seg\Adrenal_Ki67_Seg_004\06-28-2004-NA-CT ABDOMEN-75328\6.000000-Venous  3.0  B31f-19134\1-01.dcm,4.043037519004599,0.9887841905222751,0.3794533011803691,81.90275006606133,0.0627725836287684
Adrenal_Ki67_Seg_004,1-02.dcm,E:\Computer vision\Projects\dataset\manifest-1788901441878\Adrenal-ACC-Ki67-Seg\Adrenal_Ki67_Seg_004\06-28-2004-NA-CT ABDOMEN-75328\6.000000-Venous  3.0  B31f-19134\1-02.dcm,4.00449217029653,0.9891922144105354,0.3864247173401558,81.73424963905623,0.06616944263098724
Adrenal_Ki67_Seg_004,1-03.dcm,E:\Computer vision\Projects\dataset\manifest-1788901441878\Adrenal-ACC-Ki67-Seg\Adrenal_Ki67_Seg_004\06-28-2004-NA-CT ABDOMEN-75328\6.000000-Venous  3.0  B31f-19134\1-03.dcm,4.062040203583779,0.989300839049227,0.3808351121054916,84.30761983907846,0.06465589689588679
Adrenal_Ki67_Seg_004,1-04.dcm,E:\Computer vision\Projects\dataset\manifest-1788901441878\Adrenal-ACC-Ki67-Seg\Adrenal_Ki67_Seg_004\06-28-2004-NA-CT ABDOMEN-75328\6.000000-Venous  3.0  B31f-19134\1-04.dcm,4.013533955522536,0.9893364404063075,0.3814842978677555,82.79616729408971,0.06469730070221968
Adrenal_Ki67_Seg_004,1-05.dcm,E:\Computer vision\Projects\dataset\manifest-1788901441878\Adrenal-ACC-Ki67-Seg\Adrenal_Ki67_Seg_004\06-28-2004-NA-CT ABDOMEN-75328\6.000000-Venous  3.0  B31f-19134\1-05.dcm,3.601751678340692,0.98927366247627,0.39693700568204965,65.35663925919403,0.06429242726768901
Adrenal_Ki67_Seg_004,1-06.dcm,E:\Computer vision\Projects\dataset\manifest-1788901441878\Adrenal-ACC-Ki67-Seg\Adrenal_Ki67_Seg_004\06-28-2004-NA-CT ABDOMEN-75328\6.000000-Venous  3.0  B31f-19134\1-06.dcm,3.771167389830768,0.9894022728593334,0.37803537671301346,70.0905978454433,0.057404963944345674
Adrenal_Ki67_Seg_004,1-07.dcm,E:\Computer vision\Projects\dataset\manifest-1788901441878\Adrenal-ACC-Ki67-Seg\Adrenal_Ki67_Seg_004\06-28-2004-NA-CT ABDOMEN-75328\6.000000-Venous  3.0  B31f-19134\1-07.dcm,3.6161090069354818,0.9895384257485428,0.3892904072602663,64.8541327583764,0.06023813497767528
Adrenal_Ki67_Seg_004,1-08.dcm,E:\Computer vision\Projects\dataset\manifest-1788901441878\Adrenal-ACC-Ki67-Seg\Adrenal_Ki67_Seg_004\06-28-2004-NA-CT ABDOMEN-75328\6.000000-Venous  3.0  B31f-19134\1-08.dcm,3.741380432826161,0.9896703236993228,0.38305089469213816,69.57551097001009,0.06227336652288315
Adrenal_Ki67_Seg_004,1-09.dcm,E:\Computer vision\Projects\dataset\manifest-1788901441878\Adrenal-ACC-Ki67-Seg\Adrenal_Ki67_Seg_004\06-28-2004-NA-CT ABDOMEN-75328\6.000000-Venous  3.0  B31f-19134\1-09.dcm,3.7969332225290198,0.9900007779799666,0.37732501650994227,72.28757932146401,0.06202456006441423
Adrenal_Ki67_Seg_004,1-10.dcm,E:\Computer vision\Projects\dataset\manifest-1788901441878\Adrenal-ACC-Ki67-Seg\Adrenal_Ki67_Seg_004\06-28-2004-NA-CT ABDOMEN-75328\6.000000-Venous  3.0  B31f-19134\1-10.dcm,3.99068631017804,0.9900422638700758,0.3692011567365131,81.66335147307187,0.062353469639687575
Adrenal_Ki67_Seg_004,1-11.dcm,E:\Computer vision\Projects\dataset\manifest-1788901441878\Adrenal-ACC-Ki67-Seg\Adrenal_Ki67_Seg_004\06-28-2004-NA-CT ABDOMEN-75328\6.000000-Venous  3.0  B31f-19134\1-11.dcm,3.846473473983326,0.9900365749013271,0.37722186008733316,74.85226772262668,0.0625881790894626
Adrenal_Ki67_Seg_004,1-12.dcm,E:\Computer vision\Projects\dataset\manifest-1788901441878\Adrenal-ACC-Ki67-Seg\Adrenal_Ki67_Seg_004\06-28-2004-NA-CT ABDOMEN-75328\6.000000-Venous  3.0  B31f-19134\1-12.dcm,3.814208738477564,0.9900007623894123,0.37336007951060485,72.61766767130948,0.058322991571204526
Adrenal_Ki67_Seg_004,1-13.dcm,E:\Computer vision\Projects\dataset\manifest-1788901441878\Adrenal-ACC-Ki67-Seg\Adrenal_Ki67_Seg_004\06-28-2004-NA-CT ABDOMEN-75328\6.000000-Venous  3.0  B31f-19134\1-13.dcm,3.935589247896569,0.9900160880044899,0.3617520867504961,77.07359806373292,0.05446582444388223
Adrenal_Ki67_Seg_004,1-14.dcm,E:\Computer vision\Projects\dataset\manifest-1788901441878\Adrenal-ACC-Ki67-Seg\Adrenal_Ki67_Seg_004\06-28-2004-NA-CT ABDOMEN-75328\6.000000-Venous  3.0  B31f-19134\1-14.dcm,3.7951332906966497,0.9902647988689377,0.36483365186992134,71.8000428919926,0.0531138384112474
Adrenal_Ki67_Seg_004,1-15.dcm,E:\Computer vision\Projects\dataset\manifest-1788901441878\Adrenal-ACC-Ki67-Seg\Adrenal_Ki67_Seg_004\06-28-2004-NA-CT ABDOMEN-75328\6.000000-Venous  3.0  B31f-19134\1-15.dcm,3.587233504773649,0.9905068339565892,0.382673831620188,65.60247548071584,0.05813162113717624
Adrenal_Ki67_Seg_004,1-16.dcm,E:\Computer vision\Projects\dataset\manifest-1788901441878\Adrenal-ACC-Ki67-Seg\Adrenal_Ki67_Seg_004\06-28-2004-NA-CT ABDOMEN-75328\6.000000-Venous  3.0  B31f-19134\1-16.dcm,3.4393901677766245,0.9906901372415098,0.3909102049264999,60.074030813301114,0.06166990323743586
Adrenal_Ki67_Seg_004,1-17.dcm,E:\Computer vision\Projects\dataset\manifest-1788901441878\Adrenal-ACC-Ki67-Seg\Adrenal_Ki67_Seg_004\06-28-2004-NA-CT ABDOMEN-75328\6.000000-Venous  3.0  B31f-19134\1-17.dcm,3.6665453946637765,0.9907170691005917,0.3752481803565525,67.86893432546599,0.06157787461137328
Adrenal_Ki67_Seg_004,1-18.dcm,E:\Computer vision\Projects\dataset\manifest-1788901441878\Adrenal-ACC-Ki67-Seg\Adrenal_Ki67_Seg_004\06-28-2004-NA-CT ABDOMEN-75328\6.000000-Venous  3.0  B31f-19134\1-18.dcm,3.5819830653222073,0.9909673954266266,0.3759265225068656,64.17893237234844,0.06194714339796366
Adrenal_Ki67_Seg_004,1-19.dcm,E:\Computer vision\Projects\dataset\manifest-1788901441878\Adrenal-ACC-Ki67-Seg\Adrenal_Ki67_Seg_004\06-28-2004-NA-CT ABDOMEN-75328\6.000000-Venous  3.0  B31f-19134\1-19.dcm,3.679937653425041,0.9911844281474369,0.3626671398171467,65.75322168649784,0.05898501165682862
Adrenal_Ki67_Seg_004,1-20.dcm,E:\Computer vision\Projects\dataset\manifest-1788901441878\Adrenal-ACC-Ki67-Seg\Adrenal_Ki67_Seg_004\06-28-2004-NA-CT ABDOMEN-75328\6.000000-Venous  3.0  B31f-19134\1-20.dcm,3.6247831465106213,0.9910786646655524,0.3595282448656552,61.87253801877291,0.0566083245165784
Adrenal_Ki67_Seg_004,1-21.dcm,E:\Computer vision\Projects\dataset\manifest-1788901441878\Adrenal-ACC-Ki67-Seg\Adrenal_Ki67_Seg_004\06-28-2004-NA-CT ABDOMEN-75328\6.000000-Venous  3.0  B31f-19134\1-21.dcm,3.8579202745087526,0.9909647064106292,0.34336506832008484,68.93157578287462,0.05137672157135273
Adrenal_Ki67_Seg_004,1-22.dcm,E:\Computer vision\Projects\dataset\manifest-1788901441878\Adrenal-ACC-Ki67-Seg\Adrenal_Ki67_Seg_004\06-28-2004-NA-CT ABDOMEN-75328\6.000000-Venous  3.0  B31f-19134\1-22.dcm,3.9755822013549276,0.9907152125573466,0.33406751477184915,73.3219005748293,0.04951985943064119
Adrenal_Ki67_Seg_004,1-23.dcm,E:\Computer vision\Projects\dataset\manifest-1788901441878\Adrenal-ACC-Ki67-Seg\Adrenal_Ki67_Seg_004\06-28-2004-NA-CT ABDOMEN-75328\6.000000-Venous  3.0  B31f-19134\1-23.dcm,3.763619165061408,0.990642653173211,0.3496783428674656,66.26560866418251,0.05385966721327724
Adrenal_Ki67_Seg_004,1-24.dcm,E:\Computer vision\Projects\dataset\manifest-1788901441878\Adrenal-ACC-Ki67-Seg\Adrenal_Ki67_Seg_004\06-28-2004-NA-CT ABDOMEN-75328\6.000000-Venous  3.0  B31f-19134\1-24.dcm,3.515481328579471,0.9906197704406668,0.36508483588840823,57.26620225872297,0.05993212586696536
Adrenal_Ki67_Seg_004,1-25.dcm,E:\Computer vision\Projects\dataset\manifest-1788901441878\Adrenal-ACC-Ki67-Seg\Adrenal_Ki67_Seg_004\06-28-2004-NA-CT ABDOMEN-75328\6.000000-Venous  3.0  B31f-19134\1-25.dcm,3.632725824426224,0.9904594317158332,0.35772784083606024,61.702762320916364,0.060411824361779
Adrenal_Ki67_Seg_004,1-26.dcm,E:\Computer vision\Projects\dataset\manifest-1788901441878\Adrenal-ACC-Ki67-Seg\Adrenal_Ki67_Seg_004\06-28-2004-NA-CT ABDOMEN-75328\6.000000-Venous  3.0  B31f-19134\1-26.dcm,3.673519173103658,0.9904852463866716,0.35014679862021447,62.289455846140314,0.05881382158171658
Adrenal_Ki67_Seg_004,1-27.dcm,E:\Computer vision\Projects\dataset\manifest-1788901441878\Adrenal-ACC-Ki67-Seg\Adrenal_Ki67_Seg_004\06-28-2004-NA-CT ABDOMEN-75328\6.000000-Venous  3.0  B31f-19134\1-27.dcm,3.898970209213353,0.9904167949597293,0.3343710364610144,69.1998537076681,0.054763521200009345
Adrenal_Ki67_Seg_004,1-28.dcm,E:\Computer vision\Projects\dataset\manifest-1788901441878\Adrenal-ACC-Ki67-Seg\Adrenal_Ki67_Seg_004\06-28-2004-NA-CT ABDOMEN-75328\6.000000-Venous  3.0  B31f-19134\1-28.dcm,4.32682549469403,0.9903430805795916,0.30602091571038037,83.68078017470829,0.046610073456982856
Adrenal_Ki67_Seg_004,1-29.dcm,E:\Computer vision\Projects\dataset\manifest-1788901441878\Adrenal-ACC-Ki67-Seg\Adrenal_Ki67_Seg_004\06-28-2004-NA-CT ABDOMEN-75328\6.000000-Venous  3.0  B31f-19134\1-29.dcm,4.162101094894705,0.9906505143648744,0.3117994608583874,76.79023134868511,0.04726814881805975
Adrenal_Ki67_Seg_004,1-30.dcm,E:\Computer vision\Projects\dataset\manifest-1788901441878\Adrenal-ACC-Ki67-Seg\Adrenal_Ki67_Seg_004\06-28-2004-NA-CT ABDOMEN-75328\6.000000-Venous  3.0  B31f-19134\1-30.dcm,4.237276971212579,0.9906890027472326,0.3056060968033434,80.03377744417338,0.04577136260954216
Adrenal_Ki67_Seg_004,1-31.dcm,E:\Computer vision\Projects\dataset\manifest-1788901441878\Adrenal-ACC-Ki67-Seg\Adrenal_Ki67_Seg_004\06-28-2004-NA-CT ABDOMEN-75328\6.000000-Venous  3.0  B31f-19134\1-31.dcm,3.794972445724396,0.9908916163117979,0.33379336813487787,64.75144856216085,0.05310406869539177
Adrenal_Ki67_Seg_004,1-32.dcm,E:\Computer vision\Projects\dataset\manifest-1788901441878\Adrenal-ACC-Ki67-Seg\Adrenal_Ki67_Seg_004\06-28-2004-NA-CT ABDOMEN-75328\6.000000-Venous  3.0  B31f-19134\1-32.dcm,3.836792138510499,0.9908866168250007,0.3314758859534066,66.63206329632622,0.05376842247412984
Adrenal_Ki67_Seg_004,1-33.dcm,E:\Computer vision\Projects\dataset\manifest-1788901441878\Adrenal-ACC-Ki67-Seg\Adrenal_Ki67_Seg_004\06-28-2004-NA-CT ABDOMEN-75328\6.000000-Venous  3.0  B31f-19134\1-33.dcm,3.6824077726418025,0.990805006944125,0.34403906734523,63.26222709012297,0.05703108630170334
Adrenal_Ki67_Seg_004,1-34.dcm,E:\Computer vision\Projects\dataset\manifest-1788901441878\Adrenal-ACC-Ki67-Seg\Adrenal_Ki67_Seg_004\06-28-2004-NA-CT ABDOMEN-75328\6.000000-Venous  3.0  B31f-19134\1-34.dcm,3.496528429348846,0.9907658418748931,0.35512314495369773,57.824583239187966,0.060121553819085016
Adrenal_Ki67_Seg_004,1-35.dcm,E:\Computer vision\Projects\dataset\manifest-1788901441878\Adrenal-ACC-Ki67-Seg\Adrenal_Ki67_Seg_004\06-28-2004-NA-CT ABDOMEN-75328\6.000000-Venous  3.0  B31f-19134\1-35.dcm,3.552992673894478,0.9907216941308452,0.34685666918829494,59.00977324688555,0.05645229285680644
Adrenal_Ki67_Seg_004,1-36.dcm,E:\Computer vision\Projects\dataset\manifest-1788901441878\Adrenal-ACC-Ki67-Seg\Adrenal_Ki67_Seg_004\06-28-2004-NA-CT ABDOMEN-75328\6.000000-Venous  3.0  B31f-19134\1-36.dcm,3.8605512386977683,0.9910369902292671,0.3230015853638477,68.05479069090575,0.05018795455544488
Adrenal_Ki67_Seg_004,1-37.dcm,E:\Computer vision\Projects\dataset\manifest-1788901441878\Adrenal-ACC-Ki67-Seg\Adrenal_Ki67_Seg_004\06-28-2004-NA-CT ABDOMEN-75328\6.000000-Venous  3.0  B31f-19134\1-37.dcm,3.681848644881109,0.9912983245100362,0.3296926368584529,60.078071085818465,0.05101263247722416
Adrenal_Ki67_Seg_004,1-38.dcm,E:\Computer vision\Projects\dataset\manifest-1788901441878\Adrenal-ACC-Ki67-Seg\Adrenal_Ki67_Seg_004\06-28-2004-NA-CT ABDOMEN-75328\6.000000-Venous  3.0  B31f-19134\1-38.dcm,3.663052760980541,0.99131059004194,0.3321817704502596,59.37029959290903,0.05214500638547801
Adrenal_Ki67_Seg_004,1-39.dcm,E:\Computer vision\Projects\dataset\manifest-1788901441878\Adrenal-ACC-Ki67-Seg\Adrenal_Ki67_Seg_004\06-28-2004-NA-CT ABDOMEN-75328\6.000000-Venous  3.0  B31f-19134\1-39.dcm,3.6705703486123293,0.9913351037339039,0.3328136526335062,58.845933494433616,0.05355014640173347
Adrenal_Ki67_Seg_004,1-40.dcm,E:\Computer vision\Projects\dataset\manifest-1788901441878\Adrenal-ACC-Ki67-Seg\Adrenal_Ki67_Seg_004\06-28-2004-NA-CT ABDOMEN-75328\6.000000-Venous  3.0  B31f-19134\1-40.dcm,3.6507021648967335,0.9911859160461773,0.3391421405264917,58.862247770190834,0.056075665424358344
Adrenal_Ki67_Seg_004,1-41.dcm,E:\Computer vision\Projects\dataset\manifest-1788901441878\Adrenal-ACC-Ki67-Seg\Adrenal_Ki67_Seg_004\06-28-2004-NA-CT ABDOMEN-75328\6.000000-Venous  3.0  B31f-19134\1-41.dcm,3.453054331133842,0.9913090227082932,0.34784769074577854,52.05546470793234,0.05975423829371423
Adrenal_Ki67_Seg_004,1-42.dcm,E:\Computer vision\Projects\dataset\manifest-1788901441878\Adrenal-ACC-Ki67-Seg\Adrenal_Ki67_Seg_004\06-28-2004-NA-CT ABDOMEN-75328\6.000000-Venous  3.0  B31f-19134\1-42.dcm,3.534472524232061,0.9915078086717898,0.33939032032722083,55.04816158026355,0.05658932885524272
Adrenal_Ki67_Seg_004,1-43.dcm,E:\Computer vision\Projects\dataset\manifest-1788901441878\Adrenal-ACC-Ki67-Seg\Adrenal_Ki67_Seg_004\06-28-2004-NA-CT ABDOMEN-75328\6.000000-Venous  3.0  B31f-19134\1-43.dcm,3.5967501656320247,0.9913254845421222,0.3321295026420878,57.04555742356992,0.053788258534961095
Adrenal_Ki67_Seg_004,1-44.dcm,E:\Computer vision\Projects\dataset\manifest-1788901441878\Adrenal-ACC-Ki67-Seg\Adrenal_Ki67_Seg_004\06-28-2004-NA-CT ABDOMEN-75328\6.000000-Venous  3.0  B31f-19134\1-44.dcm,3.3804136779500693,0.9914209577295373,0.345106899887426,49.830764281693156,0.05516580861226205
Adrenal_Ki67_Seg_004,1-45.dcm,E:\Computer vision\Projects\dataset\manifest-1788901441878\Adrenal-ACC-Ki67-Seg\Adrenal_Ki67_Seg_004\06-28-2004-NA-CT ABDOMEN-75328\6.000000-Venous  3.0  B31f-19134\1-45.dcm,3.393568498895148,0.9915364109209498,0.3418777445822044,50.239076903044946,0.05414482652709616
Adrenal_Ki67_Seg_004,1-46.dcm,E:\Computer vision\Projects\dataset\manifest-1788901441878\Adrenal-ACC-Ki67-Seg\Adrenal_Ki67_Seg_004\06-28-2004-NA-CT ABDOMEN-75328\6.000000-Venous  3.0  B31f-19134\1-46.dcm,3.566664496536089,0.9915703378204832,0.3329203444466736,55.26592269484262,0.05307396853344757
Adrenal_Ki67_Seg_004,1-47.dcm,E:\Computer vision\Projects\dataset\manifest-1788901441878\Adrenal-ACC-Ki67-Seg\Adrenal_Ki67_Seg_004\06-28-2004-NA-CT ABDOMEN-75328\6.000000-Venous  3.0  B31f-19134\1-47.dcm,3.7921729772787325,0.9913139565507477,0.32322471518586227,61.987905989943364,0.0528004016502948
Adrenal_Ki67_Seg_004,1-48.dcm,E:\Computer vision\Projects\dataset\manifest-1788901441878\Adrenal-ACC-Ki67-Seg\Adrenal_Ki67_Seg_004\06-28-2004-NA-CT ABDOMEN-75328\6.000000-Venous  3.0  B31f-19134\1-48.dcm,3.6094071330915556,0.9911123308639438,0.34017560668507285,56.26416871871662,0.05763748595158842
Adrenal_Ki67_Seg_004,1-49.dcm,E:\Computer vision\Projects\dataset\manifest-1788901441878\Adrenal-ACC-Ki67-Seg\Adrenal_Ki67_Seg_004\06-28-2004-NA-CT ABDOMEN-75328\6.000000-Venous  3.0  B31f-19134\1-49.dcm,3.695742586770119,0.991079585383772,0.33572375244111785,59.369924287973774,0.05758042825088028
Adrenal_Ki67_Seg_004,1-50.dcm,E:\Computer vision\Projects\dataset\manifest-1788901441878\Adrenal-ACC-Ki67-Seg\Adrenal_Ki67_Seg_004\06-28-2004-NA-CT ABDOMEN-75328\6.000000-Venous  3.0  B31f-19134\1-50.dcm,3.618648059711781,0.9910233525093988,0.33706618826789153,56.26084075964783,0.056889591276972205
Adrenal_Ki67_Seg_004,1-51.dcm,E:\Computer vision\Projects\dataset\manifest-1788901441878\Adrenal-ACC-Ki67-Seg\Adrenal_Ki67_Seg_004\06-28-2004-NA-CT ABDOMEN-75328\6.000000-Venous  3.0  B31f-19134\1-51.dcm,3.449056184680666,0.9909064446436407,0.3473887867498403,51.423780546183586,0.057855587297224835
Adrenal_Ki67_Seg_004,1-52.dcm,E:\Computer vision\Projects\dataset\manifest-1788901441878\Adrenal-ACC-Ki67-Seg\Adrenal_Ki67_Seg_004\06-28-2004-NA-CT ABDOMEN-75328\6.000000-Venous  3.0  B31f-19134\1-52.dcm,3.4723289203089753,0.9908048298570836,0.34512087632826544,51.56021920871933,0.05607573434071601
Adrenal_Ki67_Seg_004,1-53.dcm,E:\Computer vision\Projects\dataset\manifest-1788901441878\Adrenal-ACC-Ki67-Seg\Adrenal_Ki67_Seg_004\06-28-2004-NA-CT ABDOMEN-75328\6.000000-Venous  3.0  B31f-19134\1-53.dcm,3.5187709912262894,0.9910189603232435,0.3421619279097192,53.19894225282532,0.054813954717107226
Adrenal_Ki67_Seg_004,1-54.dcm,E:\Computer vision\Projects\dataset\manifest-1788901441878\Adrenal-ACC-Ki67-Seg\Adrenal_Ki67_Seg_004\06-28-2004-NA-CT ABDOMEN-75328\6.000000-Venous  3.0  B31f-19134\1-54.dcm,3.3816391634529586,0.9912969422084417,0.350107228008474,48.60530175665687,0.057757222205381306
Adrenal_Ki67_Seg_004,1-55.dcm,E:\Computer vision\Projects\dataset\manifest-1788901441878\Adrenal-ACC-Ki67-Seg\Adrenal_Ki67_Seg_004\06-28-2004-NA-CT ABDOMEN-75328\6.000000-Venous  3.0  B31f-19134\1-55.dcm,3.318342837228718,0.9913268997174848,0.3590094732601975,47.333531198180154,0.061423067211311556
Adrenal_Ki67_Seg_004,1-56.dcm,E:\Computer vision\Projects\dataset\manifest-1788901441878\Adrenal-ACC-Ki67-Seg\Adrenal_Ki67_Seg_004\06-28-2004-NA-CT ABDOMEN-75328\6.000000-Venous  3.0  B31f-19134\1-56.dcm,3.3686873135442954,0.9915040231434618,0.3537841739475543,48.69353671286492,0.062368122853134776
Adrenal_Ki67_Seg_004,1-57.dcm,E:\Computer vision\Projects\dataset\manifest-1788901441878\Adrenal-ACC-Ki67-Seg\Adrenal_Ki67_Seg_004\06-28-2004-NA-CT ABDOMEN-75328\6.000000-Venous  3.0  B31f-19134\1-57.dcm,3.5163812944956554,0.9915044107839196,0.3421814434178546,52.425683878355244,0.059179972619714125
Adrenal_Ki67_Seg_004,1-58.dcm,E:\Computer vision\Projects\dataset\manifest-1788901441878\Adrenal-ACC-Ki67-Seg\Adrenal_Ki67_Seg_004\06-28-2004-NA-CT ABDOMEN-75328\6.000000-Venous  3.0  B31f-19134\1-58.dcm,3.5412586502043104,0.9913491641996409,0.3405307238748165,53.20847806189467,0.05797303224447457
Adrenal_Ki67_Seg_004,1-59.dcm,E:\Computer vision\Projects\dataset\manifest-1788901441878\Adrenal-ACC-Ki67-Seg\Adrenal_Ki67_Seg_004\06-28-2004-NA-CT ABDOMEN-75328\6.000000-Venous  3.0  B31f-19134\1-59.dcm,3.7719524664810566,0.9914449460252331,0.3268092823350287,60.822760329502415,0.05423299319102209
Adrenal_Ki67_Seg_004,1-60.dcm,E:\Computer vision\Projects\dataset\manifest-1788901441878\Adrenal-ACC-Ki67-Seg\Adrenal_Ki67_Seg_004\06-28-2004-NA-CT ABDOMEN-75328\6.000000-Venous  3.0  B31f-19134\1-60.dcm,3.532607488482351,0.9914902541543992,0.33883526019903143,53.54251094320257,0.056356088569545354
Adrenal_Ki67_Seg_004,1-61.dcm,E:\Computer vision\Projects\dataset\manifest-1788901441878\Adrenal-ACC-Ki67-Seg\Adrenal_Ki67_Seg_004\06-28-2004-NA-CT ABDOMEN-75328\6.000000-Venous  3.0  B31f-19134\1-61.dcm,3.395835647075494,0.9916369593469987,0.3507439003529568,50.60260951819272,0.059647111870680204
Adrenal_Ki67_Seg_004,1-62.dcm,E:\Computer vision\Projects\dataset\manifest-1788901441878\Adrenal-ACC-Ki67-Seg\Adrenal_Ki67_Seg_004\06-28-2004-NA-CT ABDOMEN-75328\6.000000-Venous  3.0  B31f-19134\1-62.dcm,3.4708851452008838,0.9914731135105962,0.34917512097768444,53.431501104851776,0.06101614226644567
Adrenal_Ki67_Seg_004,1-63.dcm,E:\Computer vision\Projects\dataset\manifest-1788901441878\Adrenal-ACC-Ki67-Seg\Adrenal_Ki67_Seg_004\06-28-2004-NA-CT ABDOMEN-75328\6.000000-Venous  3.0  B31f-19134\1-63.dcm,3.346394966318297,0.9913776646100518,0.3656055276339919,50.36501085703563,0.06873921169685411
Adrenal_Ki67_Seg_004,1-64.dcm,E:\Computer vision\Projects\dataset\manifest-1788901441878\Adrenal-ACC-Ki67-Seg\Adrenal_Ki67_Seg_004\06-28-2004-NA-CT ABDOMEN-75328\6.000000-Venous  3.0  B31f-19134\1-64.dcm,3.3567541484599097,0.9914266913754672,0.3640026397571874,51.25014456899292,0.06844293998591885
Adrenal_Ki67_Seg_004,1-65.dcm,E:\Computer vision\Projects\dataset\manifest-1788901441878\Adrenal-ACC-Ki67-Seg\Adrenal_Ki67_Seg_004\06-28-2004-NA-CT ABDOMEN-75328\6.000000-Venous  3.0  B31f-19134\1-65.dcm,3.1357991122889386,0.9916912197260056,0.37846005559246365,44.29994906575879,0.07292024471895413
Adrenal_Ki67_Seg_004,1-66.dcm,E:\Computer vision\Projects\dataset\manifest-1788901441878\Adrenal-ACC-Ki67-Seg\Adrenal_Ki67_Seg_004\06-28-2004-NA-CT ABDOMEN-75328\6.000000-Venous  3.0  B31f-19134\1-66.dcm,3.1500568701866185,0.991746515601447,0.37234809448216355,44.34706515370269,0.06867242901000636
Adrenal_Ki67_Seg_004,1-67.dcm,E:\Computer vision\Projects\dataset\manifest-1788901441878\Adrenal-ACC-Ki67-Seg\Adrenal_Ki67_Seg_004\06-28-2004-NA-CT ABDOMEN-75328\6.000000-Venous  3.0  B31f-19134\1-67.dcm,3.32042616258363,0.9918431534983035,0.3587329669617459,48.952558392469385,0.06402188057314606
Adrenal_Ki67_Seg_004,1-68.dcm,E:\Computer vision\Projects\dataset\manifest-1788901441878\Adrenal-ACC-Ki67-Seg\Adrenal_Ki67_Seg_004\06-28-2004-NA-CT ABDOMEN-75328\6.000000-Venous  3.0  B31f-19134\1-68.dcm,3.3309806564772653,0.9916178970897084,0.3573444490799243,49.77384813936835,0.06319637794583989
Adrenal_Ki67_Seg_004,1-69.dcm,E:\Computer vision\Projects\dataset\manifest-1788901441878\Adrenal-ACC-Ki67-Seg\Adrenal_Ki67_Seg_004\06-28-2004-NA-CT ABDOMEN-75328\6.000000-Venous  3.0  B31f-19134\1-69.dcm,3.3300538830657063,0.9916744082201279,0.36106673153749536,49.813753011056185,0.06501839622812085
Adrenal_Ki67_Seg_004,1-70.dcm,E:\Computer vision\Projects\dataset\manifest-1788901441878\Adrenal-ACC-Ki67-Seg\Adrenal_Ki67_Seg_004\06-28-2004-NA-CT ABDOMEN-75328\6.000000-Venous  3.0  B31f-19134\1-70.dcm,3.2844888002113954,0.9916115985788984,0.36921849184439326,48.741223417496094,0.07087751666933287
Adrenal_Ki67_Seg_004,1-71.dcm,E:\Computer vision\Projects\dataset\manifest-1788901441878\Adrenal-ACC-Ki67-Seg\Adrenal_Ki67_Seg_004\06-28-2004-NA-CT ABDOMEN-75328\6.000000-Venous  3.0  B31f-19134\1-71.dcm,3.1374573473600362,0.991696433433222,0.38390603749110125,45.0099379215,0.07630742149329885
Adrenal_Ki67_Seg_004,1-72.dcm,E:\Computer vision\Projects\dataset\manifest-1788901441878\Adrenal-ACC-Ki67-Seg\Adrenal_Ki67_Seg_004\06-28-2004-NA-CT ABDOMEN-75328\6.000000-Venous  3.0  B31f-19134\1-72.dcm,3.18149440297793,0.9921834998641771,0.3764161118136087,46.339011416163395,0.075270353804328
Adrenal_Ki67_Seg_004,1-73.dcm,E:\Computer vision\Projects\dataset\manifest-1788901441878\Adrenal-ACC-Ki67-Seg\Adrenal_Ki67_Seg_004\06-28-2004-NA-CT ABDOMEN-75328\6.000000-Venous  3.0  B31f-19134\1-73.dcm,3.1737623553831362,0.9921838323853531,0.37334824352818613,45.750820500840604,0.07354921529969828
Adrenal_Ki67_Seg_004,1-74.dcm,E:\Computer vision\Projects\dataset\manifest-1788901441878\Adrenal-ACC-Ki67-Seg\Adrenal_Ki67_Seg_004\06-28-2004-NA-CT ABDOMEN-75328\6.000000-Venous  3.0  B31f-19134\1-74.dcm,3.1315405501663975,0.992186320473612,0.3737903749572923,44.18931836198544,0.0705020529775876
Adrenal_Ki67_Seg_004,1-75.dcm,E:\Computer vision\Projects\dataset\manifest-1788901441878\Adrenal-ACC-Ki67-Seg\Adrenal_Ki67_Seg_004\06-28-2004-NA-CT ABDOMEN-75328\6.000000-Venous  3.0  B31f-19134\1-75.dcm,3.0927960600641082,0.9923763406512709,0.37505216671551994,42.85551142956714,0.06963406102549066
Adrenal_Ki67_Seg_004,1-76.dcm,E:\Computer vision\Projects\dataset\manifest-1788901441878\Adrenal-ACC-Ki67-Seg\Adrenal_Ki67_Seg_004\06-28-2004-NA-CT ABDOMEN-75328\6.000000-Venous  3.0  B31f-19134\1-76.dcm,2.9325178748549527,0.9925782726560689,0.38992724857239985,38.97405417411851,0.07401244192320688
Adrenal_Ki67_Seg_004,1-77.dcm,E:\Computer vision\Projects\dataset\manifest-1788901441878\Adrenal-ACC-Ki67-Seg\Adrenal_Ki67_Seg_004\06-28-2004-NA-CT ABDOMEN-75328\6.000000-Venous  3.0  B31f-19134\1-77.dcm,2.995569103978615,0.9924951996528694,0.3888208092804965,40.59608380788983,0.07605263123497664
Adrenal_Ki67_Seg_004,1-78.dcm,E:\Computer vision\Projects\dataset\manifest-1788901441878\Adrenal-ACC-Ki67-Seg\Adrenal_Ki67_Seg_004\06-28-2004-NA-CT ABDOMEN-75328\6.000000-Venous  3.0  B31f-19134\1-78.dcm,3.1277568636762267,0.992419099695783,0.38370035569092226,43.708591036339485,0.07852800288522328
Adrenal_Ki67_Seg_004,1-79.dcm,E:\Computer vision\Projects\dataset\manifest-1788901441878\Adrenal-ACC-Ki67-Seg\Adrenal_Ki67_Seg_004\06-28-2004-NA-CT ABDOMEN-75328\6.000000-Venous  3.0  B31f-19134\1-79.dcm,3.203993550882541,0.9923652943489168,0.3821369745765157,46.14636126546697,0.0804985941609389
Adrenal_Ki67_Seg_004,1-80.dcm,E:\Computer vision\Projects\dataset\manifest-1788901441878\Adrenal-ACC-Ki67-Seg\Adrenal_Ki67_Seg_004\06-28-2004-NA-CT ABDOMEN-75328\6.000000-Venous  3.0  B31f-19134\1-80.dcm,3.1361820765085917,0.9924946272080859,0.38782172746675525,43.91531512210814,0.0816228941306146
Adrenal_Ki67_Seg_004,1-81.dcm,E:\Computer vision\Projects\dataset\manifest-1788901441878\Adrenal-ACC-Ki67-Seg\Adrenal_Ki67_Seg_004\06-28-2004-NA-CT ABDOMEN-75328\6.000000-Venous  3.0  B31f-19134\1-81.dcm,3.0369215804167418,0.9926203306676291,0.39035164102489167,40.47036431386216,0.08110589193403557
Adrenal_Ki67_Seg_004,1-82.dcm,E:\Computer vision\Projects\dataset\manifest-1788901441878\Adrenal-ACC-Ki67-Seg\Adrenal_Ki67_Seg_004\06-28-2004-NA-CT ABDOMEN-75328\6.000000-Venous  3.0  B31f-19134\1-82.dcm,3.1135871875490673,0.9924549439410111,0.3841694846760041,41.65146809333604,0.0765228607195303
Adrenal_Ki67_Seg_004,1-83.dcm,E:\Computer vision\Projects\dataset\manifest-1788901441878\Adrenal-ACC-Ki67-Seg\Adrenal_Ki67_Seg_004\06-28-2004-NA-CT ABDOMEN-75328\6.000000-Venous  3.0  B31f-19134\1-83.dcm,3.325990632695187,0.992418444378347,0.3675289597277033,46.67996063127823,0.0706838549989809
Adrenal_Ki67_Seg_004,1-84.dcm,E:\Computer vision\Projects\dataset\manifest-1788901441878\Adrenal-ACC-Ki67-Seg\Adrenal_Ki67_Seg_004\06-28-2004-NA-CT ABDOMEN-75328\6.000000-Venous  3.0  B31f-19134\1-84.dcm,3.2881422788668853,0.9925921090427522,0.3749695727952728,45.57782407389678,0.07372821969871386
Adrenal_Ki67_Seg_004,1-85.dcm,E:\Computer vision\Projects\dataset\manifest-1788901441878\Adrenal-ACC-Ki67-Seg\Adrenal_Ki67_Seg_004\06-28-2004-NA-CT ABDOMEN-75328\6.000000-Venous  3.0  B31f-19134\1-85.dcm,3.3650683016685754,0.992419866532139,0.37750014575681723,48.08988170235256,0.07867328264719893
Adrenal_Ki67_Seg_004,1-86.dcm,E:\Computer vision\Projects\dataset\manifest-1788901441878\Adrenal-ACC-Ki67-Seg\Adrenal_Ki67_Seg_004\06-28-2004-NA-CT ABDOMEN-75328\6.000000-Venous  3.0  B31f-19134\1-86.dcm,3.4114529279529417,0.9920613450133291,0.38334047934702226,51.06365248294853,0.08402732630291906
Adrenal_Ki67_Seg_004,1-87.dcm,E:\Computer vision\Projects\dataset\manifest-1788901441878\Adrenal-ACC-Ki67-Seg\Adrenal_Ki67_Seg_004\06-28-2004-NA-CT ABDOMEN-75328\6.000000-Venous  3.0  B31f-19134\1-87.dcm,3.298915062365723,0.992099187460772,0.3942141949665681,48.58761263935111,0.0883761794694704
Adrenal_Ki67_Seg_004,1-88.dcm,E:\Computer vision\Projects\dataset\manifest-1788901441878\Adrenal-ACC-Ki67-Seg\Adrenal_Ki67_Seg_004\06-28-2004-NA-CT ABDOMEN-75328\6.000000-Venous  3.0  B31f-19134\1-88.dcm,3.40450212736624,0.9921108481136034,0.386420528918298,51.307321126987105,0.08631280470364923
Adrenal_Ki67_Seg_005,1-001.dcm,E:\Computer vision\Projects\dataset\manifest-1788901441878\Adrenal-ACC-Ki67-Seg\Adrenal_Ki67_Seg_005\01-04-2005-NA-CT THORAX WCONTRAST-84166\3.000000-Recon 2 PRE-24760\1-001.dcm,2.681025271808855,0.9877429683061919,0.5685271556665501,94.42790890047144,0.22290540668270384
Adrenal_Ki67_Seg_005,1-002.dcm,E:\Computer vision\Projects\dataset\manifest-1788901441878\Adrenal-ACC-Ki67-Seg\Adrenal_Ki67_Seg_005\01-04-2005-NA-CT THORAX WCONTRAST-84166\3.000000-Recon 2 PRE-24760\1-002.dcm,2.739059669655064,0.9876831325401004,0.5634035390467005,97.10804569529068,0.22185776310971797
Adrenal_Ki67_Seg_005,1-003.dcm,E:\Computer vision\Projects\dataset\manifest-1788901441878\Adrenal-ACC-Ki67-Seg\Adrenal_Ki67_Seg_005\01-04-2005-NA-CT THORAX WCONTRAST-84166\3.000000-Recon 2 PRE-24760\1-003.dcm,2.6140792965713215,0.9877683015467257,0.568706250297822,87.68584296169209,0.22354705028413316
Adrenal_Ki67_Seg_005,1-004.dcm,E:\Computer vision\Projects\dataset\manifest-1788901441878\Adrenal-ACC-Ki67-Seg\Adrenal_Ki67_Seg_005\01-04-2005-NA-CT THORAX WCONTRAST-84166\3.000000-Recon 2 PRE-24760\1-004.dcm,2.5964169867609272,0.9878586415456307,0.574050996069162,88.12067585525486,0.2244538481285494
Adrenal_Ki67_Seg_005,1-005.dcm,E:\Computer vision\Projects\dataset\manifest-1788901441878\Adrenal-ACC-Ki67-Seg\Adrenal_Ki67_Seg_005\01-04-2005-NA-CT THORAX WCONTRAST-84166\3.000000-Recon 2 PRE-24760\1-005.dcm,2.633468775012351,0.9878738718669086,0.5752930242450898,91.84575733089258,0.22380230254310063
Adrenal_Ki67_Seg_005,1-006.dcm,E:\Computer vision\Projects\dataset\manifest-1788901441878\Adrenal-ACC-Ki67-Seg\Adrenal_Ki67_Seg_005\01-04-2005-NA-CT THORAX WCONTRAST-84166\3.000000-Recon 2 PRE-24760\1-006.dcm,2.6181999915747873,0.9878269834166017,0.5776355997316824,90.21277109079699,0.22452125562371586
Adrenal_Ki67_Seg_005,1-007.dcm,E:\Computer vision\Projects\dataset\manifest-1788901441878\Adrenal-ACC-Ki67-Seg\Adrenal_Ki67_Seg_005\01-04-2005-NA-CT THORAX WCONTRAST-84166\3.000000-Recon 2 PRE-24760\1-007.dcm,2.6785436636655033,0.9878138423901067,0.5680448833346272,93.0450174440202,0.22332348139840563
Adrenal_Ki67_Seg_005,1-008.dcm,E:\Computer vision\Projects\dataset\manifest-1788901441878\Adrenal-ACC-Ki67-Seg\Adrenal_Ki67_Seg_005\01-04-2005-NA-CT THORAX WCONTRAST-84166\3.000000-Recon 2 PRE-24760\1-008.dcm,2.6240057291447267,0.9879077579812305,0.5760765520855637,91.61197682300545,0.22400193133698948
Adrenal_Ki67_Seg_005,1-009.dcm,E:\Computer vision\Projects\dataset\manifest-1788901441878\Adrenal-ACC-Ki67-Seg\Adrenal_Ki67_Seg_005\01-04-2005-NA-CT THORAX WCONTRAST-84166\3.000000-Recon 2 PRE-24760\1-009.dcm,2.434128239398593,0.9879410211889748,0.5979403105240801,80.29269955308075,0.2262519954287432
Adrenal_Ki67_Seg_005,1-010.dcm,E:\Computer vision\Projects\dataset\manifest-1788901441878\Adrenal-ACC-Ki67-Seg\Adrenal_Ki67_Seg_005\01-04-2005-NA-CT THORAX WCONTRAST-84166\3.000000-Recon 2 PRE-24760\1-010.dcm,2.5387387456389954,0.9879181766796667,0.5856115868243191,86.062239344978,0.22452786229975008
Adrenal_Ki67_Seg_005,1-011.dcm,E:\Computer vision\Projects\dataset\manifest-1788901441878\Adrenal-ACC-Ki67-Seg\Adrenal_Ki67_Seg_005\01-04-2005-NA-CT THORAX WCONTRAST-84166\3.000000-Recon 2 PRE-24760\1-011.dcm,2.6091237395690126,0.9878772336206773,0.5776066191176086,91.56211488160662,0.22377934981647674
Adrenal_Ki67_Seg_005,1-012.dcm,E:\Computer vision\Projects\dataset\manifest-1788901441878\Adrenal-ACC-Ki67-Seg\Adrenal_Ki67_Seg_005\01-04-2005-NA-CT THORAX WCONTRAST-84166\3.000000-Recon 2 PRE-24760\1-012.dcm,2.4574890567974235,0.9879434803748851,0.5912227817087026,80.51960585322514,0.22434943170283853
Adrenal_Ki67_Seg_005,1-013.dcm,E:\Computer vision\Projects\dataset\manifest-1788901441878\Adrenal-ACC-Ki67-Seg\Adrenal_Ki67_Seg_005\01-04-2005-NA-CT THORAX WCONTRAST-84166\3.000000-Recon 2 PRE-24760\1-013.dcm,2.460204273114763,0.9881705639596814,0.5950300777837424,81.01076895385664,0.2254166455668668
Adrenal_Ki67_Seg_005,1-014.dcm,E:\Computer vision\Projects\dataset\manifest-1788901441878\Adrenal-ACC-Ki67-Seg\Adrenal_Ki67_Seg_005\01-04-2005-NA-CT THORAX WCONTRAST-84166\3.000000-Recon 2 PRE-24760\1-014.dcm,2.4409718100037914,0.9882919517929909,0.5976892168784773,78.96042447754107,0.227818793027175
Adrenal_Ki67_Seg_005,1-015.dcm,E:\Computer vision\Projects\dataset\manifest-1788901441878\Adrenal-ACC-Ki67-Seg\Adrenal_Ki67_Seg_005\01-04-2005-NA-CT THORAX WCONTRAST-84166\3.000000-Recon 2 PRE-24760\1-015.dcm,2.520321996315884,0.9885693732618067,0.5905271024830792,83.51402989418696,0.22550362169152435
Adrenal_Ki67_Seg_005,1-016.dcm,E:\Computer vision\Projects\dataset\manifest-1788901441878\Adrenal-ACC-Ki67-Seg\Adrenal_Ki67_Seg_005\01-04-2005-NA-CT THORAX WCONTRAST-84166\3.000000-Recon 2 PRE-24760\1-016.dcm,2.5438053622650036,0.9889015594654653,0.5938851962986166,84.60711700705804,0.22475996312311602
Adrenal_Ki67_Seg_005,1-017.dcm,E:\Computer vision\Projects\dataset\manifest-1788901441878\Adrenal-ACC-Ki67-Seg\Adrenal_Ki67_Seg_005\01-04-2005-NA-CT THORAX WCONTRAST-84166\3.000000-Recon 2 PRE-24760\1-017.dcm,2.2773541767992613,0.9892832742915605,0.6119829955486099,66.93653516951912,0.2276520514821915
Adrenal_Ki67_Seg_005,1-018.dcm,E:\Computer vision\Projects\dataset\manifest-1788901441878\Adrenal-ACC-Ki67-Seg\Adrenal_Ki67_Seg_005\01-04-2005-NA-CT THORAX WCONTRAST-84166\3.000000-Recon 2 PRE-24760\1-018.dcm,2.3982444920171107,0.9894638747440627,0.5950931456159964,72.25010627257095,0.22533440105975644
Adrenal_Ki67_Seg_005,1-019.dcm,E:\Computer vision\Projects\dataset\manifest-1788901441878\Adrenal-ACC-Ki67-Seg\Adrenal_Ki67_Seg_005\01-04-2005-NA-CT THORAX WCONTRAST-84166\3.000000-Recon 2 PRE-24760\1-019.dcm,2.406727149482424,0.9896422766670552,0.5969038700405228,72.32158654416918,0.22462583840841682
Adrenal_Ki67_Seg_005,1-020.dcm,E:\Computer vision\Projects\dataset\manifest-1788901441878\Adrenal-ACC-Ki67-Seg\Adrenal_Ki67_Seg_005\01-04-2005-NA-CT THORAX WCONTRAST-84166\3.000000-Recon 2 PRE-24760\1-020.dcm,2.386755565427522,0.9897597913110631,0.6041063901638077,71.5958884961378,0.22407491167216828
Adrenal_Ki67_Seg_005,1-021.dcm,E:\Computer vision\Projects\dataset\manifest-1788901441878\Adrenal-ACC-Ki67-Seg\Adrenal_Ki67_Seg_005\01-04-2005-NA-CT THORAX WCONTRAST-84166\3.000000-Recon 2 PRE-24760\1-021.dcm,2.35059608380789,0.9899544951959873,0.6005856480921921,67.43106835528356,0.22364449189903282
Adrenal_Ki67_Seg_005,1-022.dcm,E:\Computer vision\Projects\dataset\manifest-1788901441878\Adrenal-ACC-Ki67-Seg\Adrenal_Ki67_Seg_005\01-04-2005-NA-CT THORAX WCONTRAST-84166\3.000000-Recon 2 PRE-24760\1-022.dcm,2.3633832591021022,0.9901952283194443,0.5940704507656053,66.23921859980622,0.22349052102688585
Adrenal_Ki67_Seg_005,1-023.dcm,E:\Computer vision\Projects\dataset\manifest-1788901441878\Adrenal-ACC-Ki67-Seg\Adrenal_Ki67_Seg_005\01-04-2005-NA-CT THORAX WCONTRAST-84166\3.000000-Recon 2 PRE-24760\1-023.dcm,2.355601426158754,0.9903183141448882,0.5940901615293996,64.69444816770769,0.22332277574877923
Adrenal_Ki67_Seg_005,1-024.dcm,E:\Computer vision\Projects\dataset\manifest-1788901441878\Adrenal-ACC-Ki67-Seg\Adrenal_Ki67_Seg_005\01-04-2005-NA-CT THORAX WCONTRAST-84166\3.000000-Recon 2 PRE-24760\1-024.dcm,2.447317527123441,0.9903359593502981,0.5887975956798921,68.57962400572916,0.2231132209175429
Adrenal_Ki67_Seg_005,1-025.dcm,E:\Computer vision\Projects\dataset\manifest-1788901441878\Adrenal-ACC-Ki67-Seg\Adrenal_Ki67_Seg_005\01-04-2005-NA-CT THORAX WCONTRAST-84166\3.000000-Recon 2 PRE-24760\1-025.dcm,2.584391910263824,0.9904133892989084,0.5684894061648326,72.97140023207632,0.22152902777714287
Adrenal_Ki67_Seg_005,1-026.dcm,E:\Computer vision\Projects\dataset\manifest-1788901441878\Adrenal-ACC-Ki67-Seg\Adrenal_Ki67_Seg_005\01-04-2005-NA-CT THORAX WCONTRAST-84166\3.000000-Recon 2 PRE-24760\1-026.dcm,2.5224244698817793,0.9905864118170056,0.5650675750536632,67.90131012059544,0.22132663332498698
Adrenal_Ki67_Seg_005,1-027.dcm,E:\Computer vision\Projects\dataset\manifest-1788901441878\Adrenal-ACC-Ki67-Seg\Adrenal_Ki67_Seg_005\01-04-2005-NA-CT THORAX WCONTRAST-84166\3.000000-Recon 2 PRE-24760\1-027.dcm,2.555688742000835,0.990823230122418,0.5615013055613763,70.28680956338249,0.21975265332396626
Adrenal_Ki67_Seg_005,1-028.dcm,E:\Computer vision\Projects\dataset\manifest-1788901441878\Adrenal-ACC-Ki67-Seg\Adrenal_Ki67_Seg_005\01-04-2005-NA-CT THORAX WCONTRAST-84166\3.000000-Recon 2 PRE-24760\1-028.dcm,2.542196912542461,0.9910247613430581,0.5597338672453056,68.50288180575289,0.21935338831064316
Adrenal_Ki67_Seg_005,1-029.dcm,E:\Computer vision\Projects\dataset\manifest-1788901441878\Adrenal-ACC-Ki67-Seg\Adrenal_Ki67_Seg_005\01-04-2005-NA-CT THORAX WCONTRAST-84166\3.000000-Recon 2 PRE-24760\1-029.dcm,2.6178055384285446,0.9912193970753191,0.5426592133517463,68.39559437961712,0.21824277467337316
Adrenal_Ki67_Seg_005,1-030.dcm,E:\Computer vision\Projects\dataset\manifest-1788901441878\Adrenal-ACC-Ki67-Seg\Adrenal_Ki67_Seg_005\01-04-2005-NA-CT THORAX WCONTRAST-84166\3.000000-Recon 2 PRE-24760\1-030.dcm,2.6223972794221835,0.9914577131140075,0.5365172266653013,66.75138728788569,0.2176185438050881
Adrenal_Ki67_Seg_005,1-031.dcm,E:\Computer vision\Projects\dataset\manifest-1788901441878\Adrenal-ACC-Ki67-Seg\Adrenal_Ki67_Seg_005\01-04-2005-NA-CT THORAX WCONTRAST-84166\3.000000-Recon 2 PRE-24760\1-031.dcm,2.6276936745799837,0.9916275782446797,0.5371401502614787,67.4204449278304,0.21723816975715504
Adrenal_Ki67_Seg_005,1-032.dcm,E:\Computer vision\Projects\dataset\manifest-1788901441878\Adrenal-ACC-Ki67-Seg\Adrenal_Ki67_Seg_005\01-04-2005-NA-CT THORAX WCONTRAST-84166\3.000000-Recon 2 PRE-24760\1-032.dcm,2.6117853408956,0.9917184332236715,0.5342865700327168,64.66780534694644,0.21727985980026943
Adrenal_Ki67_Seg_005,1-033.dcm,E:\Computer vision\Projects\dataset\manifest-1788901441878\Adrenal-ACC-Ki67-Seg\Adrenal_Ki67_Seg_005\01-04-2005-NA-CT THORAX WCONTRAST-84166\3.000000-Recon 2 PRE-24760\1-033.dcm,2.8121445613336347,0.9917714033518605,0.5107220878743876,70.7989322957556,0.21592418163201033
Adrenal_Ki67_Seg_005,1-034.dcm,E:\Computer vision\Projects\dataset\manifest-1788901441878\Adrenal-ACC-Ki67-Seg\Adrenal_Ki67_Seg_005\01-04-2005-NA-CT THORAX WCONTRAST-84166\3.000000-Recon 2 PRE-24760\1-034.dcm,2.913526679202362,0.991878310565734,0.49994115362290914,75.10787336139185,0.2147736056787313
Adrenal_Ki67_Seg_005,1-035.dcm,E:\Computer vision\Projects\dataset\manifest-1788901441878\Adrenal-ACC-Ki67-Seg\Adrenal_Ki67_Seg_005\01-04-2005-NA-CT THORAX WCONTRAST-84166\3.000000-Recon 2 PRE-24760\1-035.dcm,2.7318522830411958,0.9919792306225705,0.5154424456465794,67.45032379624773,0.21560752771678923
Adrenal_Ki67_Seg_005,1-036.dcm,E:\Computer vision\Projects\dataset\manifest-1788901441878\Adrenal-ACC-Ki67-Seg\Adrenal_Ki67_Seg_005\01-04-2005-NA-CT THORAX WCONTRAST-84166\3.000000-Recon 2 PRE-24760\1-036.dcm,2.709816521842364,0.9920472803636677,0.5111543884259407,63.68761608602908,0.21560564902966203
Adrenal_Ki67_Seg_005,1-037.dcm,E:\Computer vision\Projects\dataset\manifest-1788901441878\Adrenal-ACC-Ki67-Seg\Adrenal_Ki67_Seg_005\01-04-2005-NA-CT THORAX WCONTRAST-84166\3.000000-Recon 2 PRE-24760\1-037.dcm,2.904580635031269,0.9921032990373136,0.4912828669886867,70.11301657086179,0.21450786612053677
Adrenal_Ki67_Seg_005,1-038.dcm,E:\Computer vision\Projects\dataset\manifest-1788901441878\Adrenal-ACC-Ki67-Seg\Adrenal_Ki67_Seg_005\01-04-2005-NA-CT THORAX WCONTRAST-84166\3.000000-Recon 2 PRE-24760\1-038.dcm,2.7744072671290323,0.9922173112921542,0.49895455539838485,63.82213609782437,0.2148718420647024
Adrenal_Ki67_Seg_005,1-039.dcm,E:\Computer vision\Projects\dataset\manifest-1788901441878\Adrenal-ACC-Ki67-Seg\Adrenal_Ki67_Seg_005\01-04-2005-NA-CT THORAX WCONTRAST-84166\3.000000-Recon 2 PRE-24760\1-039.dcm,2.7690917237602495,0.9922501733827083,0.5020416852133459,65.06619536536701,0.21483727583468673
Adrenal_Ki67_Seg_005,1-040.dcm,E:\Computer vision\Projects\dataset\manifest-1788901441878\Adrenal-ACC-Ki67-Seg\Adrenal_Ki67_Seg_005\01-04-2005-NA-CT THORAX WCONTRAST-84166\3.000000-Recon 2 PRE-24760\1-040.dcm,2.8124547623515532,0.9922102783495451,0.4949128006697268,64.89626265218041,0.21483277962846958
Adrenal_Ki67_Seg_005,1-041.dcm,E:\Computer vision\Projects\dataset\manifest-1788901441878\Adrenal-ACC-Ki67-Seg\Adrenal_Ki67_Seg_005\01-04-2005-NA-CT THORAX WCONTRAST-84166\3.000000-Recon 2 PRE-24760\1-041.dcm,2.947311782660146,0.992158910130187,0.48155889129290597,69.41941475407953,0.2141679149167479
Adrenal_Ki67_Seg_005,1-042.dcm,E:\Computer vision\Projects\dataset\manifest-1788901441878\Adrenal-ACC-Ki67-Seg\Adrenal_Ki67_Seg_005\01-04-2005-NA-CT THORAX WCONTRAST-84166\3.000000-Recon 2 PRE-24760\1-042.dcm,2.902945377813351,0.9921986982655069,0.48866078758521714,70.51756082429219,0.21443303583606596
Adrenal_Ki67_Seg_005,1-043.dcm,E:\Computer vision\Projects\dataset\manifest-1788901441878\Adrenal-ACC-Ki67-Seg\Adrenal_Ki67_Seg_005\01-04-2005-NA-CT THORAX WCONTRAST-84166\3.000000-Recon 2 PRE-24760\1-043.dcm,2.7146801674319567,0.9922510153441656,0.5042600929549284,63.479482691932105,0.2155093224649762
Adrenal_Ki67_Seg_005,1-044.dcm,E:\Computer vision\Projects\dataset\manifest-1788901441878\Adrenal-ACC-Ki67-Seg\Adrenal_Ki67_Seg_005\01-04-2005-NA-CT THORAX WCONTRAST-84166\3.000000-Recon 2 PRE-24760\1-044.dcm,2.751984712068351,0.9922607794381784,0.4957099493630015,63.32309925283681,0.21579620362419774
Adrenal_Ki67_Seg_005,1-045.dcm,E:\Computer vision\Projects\dataset\manifest-1788901441878\Adrenal-ACC-Ki67-Seg\Adrenal_Ki67_Seg_005\01-04-2005-NA-CT THORAX WCONTRAST-84166\3.000000-Recon 2 PRE-24760\1-045.dcm,2.7965387693827766,0.9923348170703197,0.49166117927512243,65.88454777670123,0.2158037861918707
Adrenal_Ki67_Seg_005,1-046.dcm,E:\Computer vision\Projects\dataset\manifest-1788901441878\Adrenal-ACC-Ki67-Seg\Adrenal_Ki67_Seg_005\01-04-2005-NA-CT THORAX WCONTRAST-84166\3.000000-Recon 2 PRE-24760\1-046.dcm,2.739963465213445,0.9924307345983929,0.4997993476451984,66.87448347700874,0.2162081723426691
Adrenal_Ki67_Seg_005,1-047.dcm,E:\Computer vision\Projects\dataset\manifest-1788901441878\Adrenal-ACC-Ki67-Seg\Adrenal_Ki67_Seg_005\01-04-2005-NA-CT THORAX WCONTRAST-84166\3.000000-Recon 2 PRE-24760\1-047.dcm,2.768463662440018,0.9924589005912569,0.495640251972739,67.9241884030775,0.21598112522483817
Adrenal_Ki67_Seg_005,1-048.dcm,E:\Computer vision\Projects\dataset\manifest-1788901441878\Adrenal-ACC-Ki67-Seg\Adrenal_Ki67_Seg_005\01-04-2005-NA-CT THORAX WCONTRAST-84166\3.000000-Recon 2 PRE-24760\1-048.dcm,2.7899096587405845,0.9924036342437317,0.48815167180365715,64.9837891245821,0.21608378462785455
Adrenal_Ki67_Seg_005,1-049.dcm,E:\Computer vision\Projects\dataset\manifest-1788901441878\Adrenal-ACC-Ki67-Seg\Adrenal_Ki67_Seg_005\01-04-2005-NA-CT THORAX WCONTRAST-84166\3.000000-Recon 2 PRE-24760\1-049.dcm,2.689936849200179,0.9924175418814638,0.49424093467770785,60.16294744582014,0.21644245124807535
Adrenal_Ki67_Seg_005,1-050.dcm,E:\Computer vision\Projects\dataset\manifest-1788901441878\Adrenal-ACC-Ki67-Seg\Adrenal_Ki67_Seg_005\01-04-2005-NA-CT THORAX WCONTRAST-84166\3.000000-Recon 2 PRE-24760\1-050.dcm,2.725338061664899,0.9925154274656113,0.4958902560188071,64.1693965632791,0.21609901336987777
Adrenal_Ki67_Seg_005,1-051.dcm,E:\Computer vision\Projects\dataset\manifest-1788901441878\Adrenal-ACC-Ki67-Seg\Adrenal_Ki67_Seg_005\01-04-2005-NA-CT THORAX WCONTRAST-84166\3.000000-Recon 2 PRE-24760\1-051.dcm,2.6379571156666834,0.9924752154298832,0.5013560283418853,59.017566568755484,0.21688131384124112
Adrenal_Ki67_Seg_005,1-052.dcm,E:\Computer vision\Projects\dataset\manifest-1788901441878\Adrenal-ACC-Ki67-Seg\Adrenal_Ki67_Seg_005\01-04-2005-NA-CT THORAX WCONTRAST-84166\3.000000-Recon 2 PRE-24760\1-052.dcm,2.6473014426262154,0.9924087018703686,0.49598577740593824,57.68485874364758,0.21720529335054403
Adrenal_Ki67_Seg_005,1-053.dcm,E:\Computer vision\Projects\dataset\manifest-1788901441878\Adrenal-ACC-Ki67-Seg\Adrenal_Ki67_Seg_005\01-04-2005-NA-CT THORAX WCONTRAST-84166\3.000000-Recon 2 PRE-24760\1-053.dcm,2.5876049800667125,0.9924126468687814,0.5030711576029875,56.95680546566534,0.2176902868225842
Adrenal_Ki67_Seg_005,1-054.dcm,E:\Computer vision\Projects\dataset\manifest-1788901441878\Adrenal-ACC-Ki67-Seg\Adrenal_Ki67_Seg_005\01-04-2005-NA-CT THORAX WCONTRAST-84166\3.000000-Recon 2 PRE-24760\1-054.dcm,2.6563049314302565,0.9923974975756007,0.5019897489022505,61.81302537903884,0.21732496340910462
Adrenal_Ki67_Seg_005,1-055.dcm,E:\Computer vision\Projects\dataset\manifest-1788901441878\Adrenal-ACC-Ki67-Seg\Adrenal_Ki67_Seg_005\01-04-2005-NA-CT THORAX WCONTRAST-84166\3.000000-Recon 2 PRE-24760\1-055.dcm,2.7549335365596797,0.9922610729479715,0.4926681816581707,64.11133918757972,0.2171422289614202
Adrenal_Ki67_Seg_005,1-056.dcm,E:\Computer vision\Projects\dataset\manifest-1788901441878\Adrenal-ACC-Ki67-Seg\Adrenal_Ki67_Seg_005\01-04-2005-NA-CT THORAX WCONTRAST-84166\3.000000-Recon 2 PRE-24760\1-056.dcm,2.8506171468399706,0.9921943938562306,0.48231761074042523,66.42652256999628,0.2170234677000859
Adrenal_Ki67_Seg_005,1-057.dcm,E:\Computer vision\Projects\dataset\manifest-1788901441878\Adrenal-ACC-Ki67-Seg\Adrenal_Ki67_Seg_005\01-04-2005-NA-CT THORAX WCONTRAST-84166\3.000000-Recon 2 PRE-24760\1-057.dcm,2.760995860156785,0.9922629068574661,0.4910012479370306,64.69622895132909,0.2177092153856145
Adrenal_Ki67_Seg_005,1-058.dcm,E:\Computer vision\Projects\dataset\manifest-1788901441878\Adrenal-ACC-Ki67-Seg\Adrenal_Ki67_Seg_005\01-04-2005-NA-CT THORAX WCONTRAST-84166\3.000000-Recon 2 PRE-24760\1-058.dcm,2.6819673637892008,0.9923206255144755,0.49712415574922453,62.90329004561104,0.21822784252681696
Adrenal_Ki67_Seg_005,1-059.dcm,E:\Computer vision\Projects\dataset\manifest-1788901441878\Adrenal-ACC-Ki67-Seg\Adrenal_Ki67_Seg_005\01-04-2005-NA-CT THORAX WCONTRAST-84166\3.000000-Recon 2 PRE-24760\1-059.dcm,2.709253564439474,0.9922258618918703,0.4899476944133657,61.56623557661008,0.21855407053570292
Adrenal_Ki67_Seg_005,1-060.dcm,E:\Computer vision\Projects\dataset\manifest-1788901441878\Adrenal-ACC-Ki67-Seg\Adrenal_Ki67_Seg_005\01-04-2005-NA-CT THORAX WCONTRAST-84166\3.000000-Recon 2 PRE-24760\1-060.dcm,2.7047613941429445,0.9920895318570364,0.4883420063227978,60.99716223513236,0.21868745205520015
Adrenal_Ki67_Seg_005,1-061.dcm,E:\Computer vision\Projects\dataset\manifest-1788901441878\Adrenal-ACC-Ki67-Seg\Adrenal_Ki67_Seg_005\01-04-2005-NA-CT THORAX WCONTRAST-84166\3.000000-Recon 2 PRE-24760\1-061.dcm,2.626602226553973,0.9920287067758038,0.49753579411889826,60.45363260710552,0.21904175617085134
Adrenal_Ki67_Seg_005,1-062.dcm,E:\Computer vision\Projects\dataset\manifest-1788901441878\Adrenal-ACC-Ki67-Seg\Adrenal_Ki67_Seg_005\01-04-2005-NA-CT THORAX WCONTRAST-84166\3.000000-Recon 2 PRE-24760\1-062.dcm,2.696068106356823,0.9918944000448378,0.491992564991791,62.90338195702376,0.21832952772138725
Adrenal_Ki67_Seg_005,1-063.dcm,E:\Computer vision\Projects\dataset\manifest-1788901441878\Adrenal-ACC-Ki67-Seg\Adrenal_Ki67_Seg_005\01-04-2005-NA-CT THORAX WCONTRAST-84166\3.000000-Recon 2 PRE-24760\1-063.dcm,2.763776180391466,0.9917840246006395,0.48221939063133645,63.67879259040828,0.2186687551051859
Adrenal_Ki67_Seg_005,1-064.dcm,E:\Computer vision\Projects\dataset\manifest-1788901441878\Adrenal-ACC-Ki67-Seg\Adrenal_Ki67_Seg_005\01-04-2005-NA-CT THORAX WCONTRAST-84166\3.000000-Recon 2 PRE-24760\1-064.dcm,2.709157823384561,0.9916964190494945,0.4875716839761909,63.631343323593285,0.21941553526463825
Adrenal_Ki67_Seg_005,1-065.dcm,E:\Computer vision\Projects\dataset\manifest-1788901441878\Adrenal-ACC-Ki67-Seg\Adrenal_Ki67_Seg_005\01-04-2005-NA-CT THORAX WCONTRAST-84166\3.000000-Recon 2 PRE-24760\1-065.dcm,2.6193144174539773,0.9916747446887147,0.49820473504735724,63.32693272467553,0.21987804856939624
Adrenal_Ki67_Seg_005,1-066.dcm,E:\Computer vision\Projects\dataset\manifest-1788901441878\Adrenal-ACC-Ki67-Seg\Adrenal_Ki67_Seg_005\01-04-2005-NA-CT THORAX WCONTRAST-84166\3.000000-Recon 2 PRE-24760\1-066.dcm,2.62417806304357,0.9915849563475816,0.49651296008096324,61.95914537704742,0.2200908582304922
Adrenal_Ki67_Seg_005,1-067.dcm,E:\Computer vision\Projects\dataset\manifest-1788901441878\Adrenal-ACC-Ki67-Seg\Adrenal_Ki67_Seg_005\01-04-2005-NA-CT THORAX WCONTRAST-84166\3.000000-Recon 2 PRE-24760\1-067.dcm,2.7482929369908966,0.9914844427309389,0.483585640474406,64.86445364409603,0.21962339397276773
Adrenal_Ki67_Seg_005,1-068.dcm,E:\Computer vision\Projects\dataset\manifest-1788901441878\Adrenal-ACC-Ki67-Seg\Adrenal_Ki67_Seg_005\01-04-2005-NA-CT THORAX WCONTRAST-84166\3.000000-Recon 2 PRE-24760\1-068.dcm,2.789262449209371,0.9914057558623294,0.48405880888437014,68.69246441304989,0.21946524987358074
Adrenal_Ki67_Seg_005,1-069.dcm,E:\Computer vision\Projects\dataset\manifest-1788901441878\Adrenal-ACC-Ki67-Seg\Adrenal_Ki67_Seg_005\01-04-2005-NA-CT THORAX WCONTRAST-84166\3.000000-Recon 2 PRE-24760\1-069.dcm,2.791544915958502,0.9912635869878957,0.49082967132143446,70.05827566530459,0.21980695246205265
Adrenal_Ki67_Seg_005,1-070.dcm,E:\Computer vision\Projects\dataset\manifest-1788901441878\Adrenal-ACC-Ki67-Seg\Adrenal_Ki67_Seg_005\01-04-2005-NA-CT THORAX WCONTRAST-84166\3.000000-Recon 2 PRE-24760\1-070.dcm,2.8834793065283915,0.9910864575541917,0.48189815274525943,71.03215367588206,0.21933697298401267
Adrenal_Ki67_Seg_005,1-071.dcm,E:\Computer vision\Projects\dataset\manifest-1788901441878\Adrenal-ACC-Ki67-Seg\Adrenal_Ki67_Seg_005\01-04-2005-NA-CT THORAX WCONTRAST-84166\3.000000-Recon 2 PRE-24760\1-071.dcm,2.8788454394705902,0.9910041474666442,0.4818159581187276,70.37886267286048,0.21978330564191945
Adrenal_Ki67_Seg_005,1-072.dcm,E:\Computer vision\Projects\dataset\manifest-1788901441878\Adrenal-ACC-Ki67-Seg\Adrenal_Ki67_Seg_005\01-04-2005-NA-CT THORAX WCONTRAST-84166\3.000000-Recon 2 PRE-24760\1-072.dcm,2.7459185588290485,0.9910303684583676,0.4941182122987057,66.46257099199221,0.22062973742789643
Adrenal_Ki67_Seg_005,1-073.dcm,E:\Computer vision\Projects\dataset\manifest-1788901441878\Adrenal-ACC-Ki67-Seg\Adrenal_Ki67_Seg_005\01-04-2005-NA-CT THORAX WCONTRAST-84166\3.000000-Recon 2 PRE-24760\1-073.dcm,2.7478486984960995,0.9909901033927002,0.4953172119145757,68.05192611854275,0.22021267759283877
Adrenal_Ki67_Seg_005,1-074.dcm,E:\Computer vision\Projects\dataset\manifest-1788901441878\Adrenal-ACC-Ki67-Seg\Adrenal_Ki67_Seg_005\01-04-2005-NA-CT THORAX WCONTRAST-84166\3.000000-Recon 2 PRE-24760\1-074.dcm,2.849184860658469,0.9909199592602115,0.4848301353009455,69.65092045450196,0.2195783997186829
Adrenal_Ki67_Seg_005,1-075.dcm,E:\Computer vision\Projects\dataset\manifest-1788901441878\Adrenal-ACC-Ki67-Seg\Adrenal_Ki67_Seg_005\01-04-2005-NA-CT THORAX WCONTRAST-84166\3.000000-Recon 2 PRE-24760\1-075.dcm,2.7678432604041805,0.9909398810588274,0.48690943713939466,65.3076466465738,0.22027691409188824
Adrenal_Ki67_Seg_005,1-076.dcm,E:\Computer vision\Projects\dataset\manifest-1788901441878\Adrenal-ACC-Ki67-Seg\Adrenal_Ki67_Seg_005\01-04-2005-NA-CT THORAX WCONTRAST-84166\3.000000-Recon 2 PRE-24760\1-076.dcm,2.7135580822683734,0.9910149546690653,0.4949697142434114,65.5476694712413,0.2207253241509294
Adrenal_Ki67_Seg_005,1-077.dcm,E:\Computer vision\Projects\dataset\manifest-1788901441878\Adrenal-ACC-Ki67-Seg\Adrenal_Ki67_Seg_005\01-04-2005-NA-CT THORAX WCONTRAST-84166\3.000000-Recon 2 PRE-24760\1-077.dcm,2.7908440914365373,0.9909342920385134,0.48950625520668123,67.82350710973074,0.21953369449825838
Adrenal_Ki67_Seg_005,1-078.dcm,E:\Computer vision\Projects\dataset\manifest-1788901441878\Adrenal-ACC-Ki67-Seg\Adrenal_Ki67_Seg_005\01-04-2005-NA-CT THORAX WCONTRAST-84166\3.000000-Recon 2 PRE-24760\1-078.dcm,2.919654106716809,0.9908532557021273,0.4766130800404156,71.02535989062541,0.21873414798757812
Adrenal_Ki67_Seg_005,1-079.dcm,E:\Computer vision\Projects\dataset\manifest-1788901441878\Adrenal-ACC-Ki67-Seg\Adrenal_Ki67_Seg_005\01-04-2005-NA-CT THORAX WCONTRAST-84166\3.000000-Recon 2 PRE-24760\1-079.dcm,2.9074643556052555,0.9908497044308239,0.4769279982349994,70.84173237694402,0.21884722880485433
Adrenal_Ki67_Seg_005,1-080.dcm,E:\Computer vision\Projects\dataset\manifest-1788901441878\Adrenal-ACC-Ki67-Seg\Adrenal_Ki67_Seg_005\01-04-2005-NA-CT THORAX WCONTRAST-84166\3.000000-Recon 2 PRE-24760\1-080.dcm,2.9158206348780835,0.990851140222842,0.4802838284026202,74.02761937952138,0.2186700864448041
Adrenal_Ki67_Seg_005,1-081.dcm,E:\Computer vision\Projects\dataset\manifest-1788901441878\Adrenal-ACC-Ki67-Seg\Adrenal_Ki67_Seg_005\01-04-2005-NA-CT THORAX WCONTRAST-84166\3.000000-Recon 2 PRE-24760\1-081.dcm,2.9940832028063613,0.9908327976737813,0.4720667252896094,75.54562061266614,0.21810525856738455
Adrenal_Ki67_Seg_005,1-082.dcm,E:\Computer vision\Projects\dataset\manifest-1788901441878\Adrenal-ACC-Ki67-Seg\Adrenal_Ki67_Seg_005\01-04-2005-NA-CT THORAX WCONTRAST-84166\3.000000-Recon 2 PRE-24760\1-082.dcm,2.9506167638757512,0.990825916746886,0.4715206948219458,71.83223869393882,0.21915543185153116
Adrenal_Ki67_Seg_005,1-083.dcm,E:\Computer vision\Projects\dataset\manifest-1788901441878\Adrenal-ACC-Ki67-Seg\Adrenal_Ki67_Seg_005\01-04-2005-NA-CT THORAX WCONTRAST-84166\3.000000-Recon 2 PRE-24760\1-083.dcm,2.812665392672363,0.9909420499461314,0.48203235272422196,68.26688010539175,0.2202594274962614
Adrenal_Ki67_Seg_005,1-084.dcm,E:\Computer vision\Projects\dataset\manifest-1788901441878\Adrenal-ACC-Ki67-Seg\Adrenal_Ki67_Seg_005\01-04-2005-NA-CT THORAX WCONTRAST-84166\3.000000-Recon 2 PRE-24760\1-084.dcm,2.748549523018065,0.9910074325095665,0.4894574915572174,67.61119940563955,0.22031868623401507
Adrenal_Ki67_Seg_005,1-085.dcm,E:\Computer vision\Projects\dataset\manifest-1788901441878\Adrenal-ACC-Ki67-Seg\Adrenal_Ki67_Seg_005\01-04-2005-NA-CT THORAX WCONTRAST-84166\3.000000-Recon 2 PRE-24760\1-085.dcm,2.862052458438808,0.9908937256727611,0.4771804873896275,69.82991027148334,0.21960121196492607
Adrenal_Ki67_Seg_005,1-086.dcm,E:\Computer vision\Projects\dataset\manifest-1788901441878\Adrenal-ACC-Ki67-Seg\Adrenal_Ki67_Seg_005\01-04-2005-NA-CT THORAX WCONTRAST-84166\3.000000-Recon 2 PRE-24760\1-086.dcm,2.911860784846872,0.9908739485572633,0.47084581015796284,70.73417304621229,0.21968261923997368
Adrenal_Ki67_Seg_005,1-087.dcm,E:\Computer vision\Projects\dataset\manifest-1788901441878\Adrenal-ACC-Ki67-Seg\Adrenal_Ki67_Seg_005\01-04-2005-NA-CT THORAX WCONTRAST-84166\3.000000-Recon 2 PRE-24760\1-087.dcm,2.813435150753865,0.9909091783530373,0.4797906822479643,68.62048245832392,0.22022735545564767
Adrenal_Ki67_Seg_005,1-088.dcm,E:\Computer vision\Projects\dataset\manifest-1788901441878\Adrenal-ACC-Ki67-Seg\Adrenal_Ki67_Seg_005\01-04-2005-NA-CT THORAX WCONTRAST-84166\3.000000-Recon 2 PRE-24760\1-088.dcm,2.8346628574492287,0.9909966343548537,0.4803668732785421,71.05852842168956,0.2196464811858251
Adrenal_Ki67_Seg_005,1-089.dcm,E:\Computer vision\Projects\dataset\manifest-1788901441878\Adrenal-ACC-Ki67-Seg\Adrenal_Ki67_Seg_005\01-04-2005-NA-CT THORAX WCONTRAST-84166\3.000000-Recon 2 PRE-24760\1-089.dcm,2.8455696784249445,0.9909267480013664,0.4753406892015287,69.19188422225712,0.21964406891295082
Adrenal_Ki67_Seg_005,1-090.dcm,E:\Computer vision\Projects\dataset\manifest-1788901441878\Adrenal-ACC-Ki67-Seg\Adrenal_Ki67_Seg_005\01-04-2005-NA-CT THORAX WCONTRAST-84166\3.000000-Recon 2 PRE-24760\1-090.dcm,2.9401618406792256,0.9908450748536276,0.4704544462314495,75.21118561892763,0.219247624897708
Adrenal_Ki67_Seg_005,1-091.dcm,E:\Computer vision\Projects\dataset\manifest-1788901441878\Adrenal-ACC-Ki67-Seg\Adrenal_Ki67_Seg_005\01-04-2005-NA-CT THORAX WCONTRAST-84166\3.000000-Recon 2 PRE-24760\1-091.dcm,2.826207007479291,0.9908073447966196,0.48126171857666084,72.57839852022626,0.21971487215765315
Adrenal_Ki67_Seg_005,1-092.dcm,E:\Computer vision\Projects\dataset\manifest-1788901441878\Adrenal-ACC-Ki67-Seg\Adrenal_Ki67_Seg_005\01-04-2005-NA-CT THORAX WCONTRAST-84166\3.000000-Recon 2 PRE-24760\1-092.dcm,2.883567388298911,0.9907638143003344,0.47491301344093995,73.22914664082936,0.2189285867497176
Adrenal_Ki67_Seg_005,1-093.dcm,E:\Computer vision\Projects\dataset\manifest-1788901441878\Adrenal-ACC-Ki67-Seg\Adrenal_Ki67_Seg_005\01-04-2005-NA-CT THORAX WCONTRAST-84166\3.000000-Recon 2 PRE-24760\1-093.dcm,2.982567468721397,0.9907291703290576,0.46335171094792116,74.19847120683514,0.21824993150913283
Adrenal_Ki67_Seg_005,1-094.dcm,E:\Computer vision\Projects\dataset\manifest-1788901441878\Adrenal-ACC-Ki67-Seg\Adrenal_Ki67_Seg_005\01-04-2005-NA-CT THORAX WCONTRAST-84166\3.000000-Recon 2 PRE-24760\1-094.dcm,2.951329077324306,0.9907333826696793,0.46587309574161195,74.22444001056982,0.21854990326711746
Adrenal_Ki67_Seg_005,1-095.dcm,E:\Computer vision\Projects\dataset\manifest-1788901441878\Adrenal-ACC-Ki67-Seg\Adrenal_Ki67_Seg_005\01-04-2005-NA-CT THORAX WCONTRAST-84166\3.000000-Recon 2 PRE-24760\1-095.dcm,2.8180460399584866,0.9908140177209782,0.4788272455713446,71.49394725050838,0.21916922363990896
Adrenal_Ki67_Seg_005,1-096.dcm,E:\Computer vision\Projects\dataset\manifest-1788901441878\Adrenal-ACC-Ki67-Seg\Adrenal_Ki67_Seg_005\01-04-2005-NA-CT THORAX WCONTRAST-84166\3.000000-Recon 2 PRE-24760\1-096.dcm,2.83135021694923,0.9907242050450235,0.4745580402863712,70.32272011825935,0.21891325412237017
Adrenal_Ki67_Seg_005,1-097.dcm,E:\Computer vision\Projects\dataset\manifest-1788901441878\Adrenal-ACC-Ki67-Seg\Adrenal_Ki67_Seg_005\01-04-2005-NA-CT THORAX WCONTRAST-84166\3.000000-Recon 2 PRE-24760\1-097.dcm,2.8904607442526644,0.9905701310332401,0.4714262353350827,72.27340581569464,0.21942619965321022
Adrenal_Ki67_Seg_005,1-098.dcm,E:\Computer vision\Projects\dataset\manifest-1788901441878\Adrenal-ACC-Ki67-Seg\Adrenal_Ki67_Seg_005\01-04-2005-NA-CT THORAX WCONTRAST-84166\3.000000-Recon 2 PRE-24760\1-098.dcm,2.8242883567388297,0.9905226936668134,0.4782321581724248,71.33743743322061,0.22028446021946355
Adrenal_Ki67_Seg_005,1-099.dcm,E:\Computer vision\Projects\dataset\manifest-1788901441878\Adrenal-ACC-Ki67-Seg\Adrenal_Ki67_Seg_005\01-04-2005-NA-CT THORAX WCONTRAST-84166\3.000000-Recon 2 PRE-24760\1-099.dcm,2.753371042543495,0.9904389869911645,0.486869648964734,69.4085079331038,0.22038715213043855
Adrenal_Ki67_Seg_005,1-100.dcm,E:\Computer vision\Projects\dataset\manifest-1788901441878\Adrenal-ACC-Ki67-Seg\Adrenal_Ki67_Seg_005\01-04-2005-NA-CT THORAX WCONTRAST-84166\3.000000-Recon 2 PRE-24760\1-100.dcm,2.908693670750342,0.9902985023345157,0.4716400671716938,73.37061745321134,0.2192519953333649
Adrenal_Ki67_Seg_005,1-101.dcm,E:\Computer vision\Projects\dataset\manifest-1788901441878\Adrenal-ACC-Ki67-Seg\Adrenal_Ki67_Seg_005\01-04-2005-NA-CT THORAX WCONTRAST-84166\3.000000-Recon 2 PRE-24760\1-101.dcm,3.0505282991410114,0.9903160112476658,0.46106722306235737,79.62301385181583,0.21881863641022395
Adrenal_Ki67_Seg_005,1-102.dcm,E:\Computer vision\Projects\dataset\manifest-1788901441878\Adrenal-ACC-Ki67-Seg\Adrenal_Ki67_Seg_005\01-04-2005-NA-CT THORAX WCONTRAST-84166\3.000000-Recon 2 PRE-24760\1-102.dcm,2.980495632293075,0.9903724530879433,0.4695863286498972,80.30503866023798,0.2190098699562057
Adrenal_Ki67_Seg_005,1-103.dcm,E:\Computer vision\Projects\dataset\manifest-1788901441878\Adrenal-ACC-Ki67-Seg\Adrenal_Ki67_Seg_005\01-04-2005-NA-CT THORAX WCONTRAST-84166\3.000000-Recon 2 PRE-24760\1-103.dcm,2.8787343798468905,0.9903157398083635,0.48001975828402144,76.05901478624853,0.21949486830071538
Adrenal_Ki67_Seg_005,1-104.dcm,E:\Computer vision\Projects\dataset\manifest-1788901441878\Adrenal-ACC-Ki67-Seg\Adrenal_Ki67_Seg_005\01-04-2005-NA-CT THORAX WCONTRAST-84166\3.000000-Recon 2 PRE-24760\1-104.dcm,2.9837584874445184,0.9902732269717133,0.47014814326028276,78.72914855565044,0.21917133133303682
Adrenal_Ki67_Seg_005,1-105.dcm,E:\Computer vision\Projects\dataset\manifest-1788901441878\Adrenal-ACC-Ki67-Seg\Adrenal_Ki67_Seg_005\01-04-2005-NA-CT THORAX WCONTRAST-84166\3.000000-Recon 2 PRE-24760\1-105.dcm,2.913545827413345,0.9903405872046297,0.4738009857800729,76.11196341925775,0.21987175872698067
Adrenal_Ki67_Seg_005,1-01.dcm,E:\Computer vision\Projects\dataset\manifest-1788901441878\Adrenal-ACC-Ki67-Seg\Adrenal_Ki67_Seg_005\01-04-2005-NA-CT THORAX WCONTRAST-84166\8.000000-Recon 2 15 MIN. DELAY-21984\1-01.dcm,2.6718034933996124,0.9880064896456672,0.5667823967517557,91.79078664680358,0.22265590940665997
Adrenal_Ki67_Seg_005,1-02.dcm,E:\Computer vision\Projects\dataset\manifest-1788901441878\Adrenal-ACC-Ki67-Seg\Adrenal_Ki67_Seg_005\01-04-2005-NA-CT THORAX WCONTRAST-84166\8.000000-Recon 2 15 MIN. DELAY-21984\1-02.dcm,2.6238448841724717,0.9880448075866634,0.5738921654980342,88.917241432133,0.22394221160537894
Adrenal_Ki67_Seg_005,1-03.dcm,E:\Computer vision\Projects\dataset\manifest-1788901441878\Adrenal-ACC-Ki67-Seg\Adrenal_Ki67_Seg_005\01-04-2005-NA-CT THORAX WCONTRAST-84166\8.000000-Recon 2 15 MIN. DELAY-21984\1-03.dcm,2.69782591212503,0.98813568155925,0.5652179011536412,91.95699694777517,0.22355444581211245
Adrenal_Ki67_Seg_005,1-04.dcm,E:\Computer vision\Projects\dataset\manifest-1788901441878\Adrenal-ACC-Ki67-Seg\Adrenal_Ki67_Seg_005\01-04-2005-NA-CT THORAX WCONTRAST-84166\8.000000-Recon 2 15 MIN. DELAY-21984\1-04.dcm,2.608277388643579,0.9882780897678766,0.5735183140262827,85.80550013212266,0.2239274937787951
Adrenal_Ki67_Seg_005,1-05.dcm,E:\Computer vision\Projects\dataset\manifest-1788901441878\Adrenal-ACC-Ki67-Seg\Adrenal_Ki67_Seg_005\01-04-2005-NA-CT THORAX WCONTRAST-84166\8.000000-Recon 2 15 MIN. DELAY-21984\1-05.dcm,2.496474814358095,0.9884501364878877,0.5870005730220806,79.60398435974128,0.22538032040468362
Adrenal_Ki67_Seg_005,1-06.dcm,E:\Computer vision\Projects\dataset\manifest-1788901441878\Adrenal-ACC-Ki67-Seg\Adrenal_Ki67_Seg_005\01-04-2005-NA-CT THORAX WCONTRAST-84166\8.000000-Recon 2 15 MIN. DELAY-21984\1-06.dcm,2.564255651594472,0.988536652808952,0.5817892026897228,83.7278694551568,0.22519763411805022
Adrenal_Ki67_Seg_005,1-07.dcm,E:\Computer vision\Projects\dataset\manifest-1788901441878\Adrenal-ACC-Ki67-Seg\Adrenal_Ki67_Seg_005\01-04-2005-NA-CT THORAX WCONTRAST-84166\8.000000-Recon 2 15 MIN. DELAY-21984\1-07.dcm,2.666200726866089,0.9886326275224814,0.5654381424863727,87.6453330065372,0.22320500872621518
Adrenal_Ki67_Seg_005,1-08.dcm,E:\Computer vision\Projects\dataset\manifest-1788901441878\Adrenal-ACC-Ki67-Seg\Adrenal_Ki67_Seg_005\01-04-2005-NA-CT THORAX WCONTRAST-84166\8.000000-Recon 2 15 MIN. DELAY-21984\1-08.dcm,2.519490963959237,0.9887620999758535,0.5785881067406922,78.26792176806921,0.22390207651065894
Adrenal_Ki67_Seg_005,1-09.dcm,E:\Computer vision\Projects\dataset\manifest-1788901441878\Adrenal-ACC-Ki67-Seg\Adrenal_Ki67_Seg_005\01-04-2005-NA-CT THORAX WCONTRAST-84166\8.000000-Recon 2 15 MIN. DELAY-21984\1-09.dcm,2.459572382152335,0.9890623214686113,0.5877540929752451,75.56182765844186,0.2246776325962285
Adrenal_Ki67_Seg_005,1-10.dcm,E:\Computer vision\Projects\dataset\manifest-1788901441878\Adrenal-ACC-Ki67-Seg\Adrenal_Ki67_Seg_005\01-04-2005-NA-CT THORAX WCONTRAST-84166\8.000000-Recon 2 15 MIN. DELAY-21984\1-10.dcm,2.5906150788331845,0.9894131523748461,0.5746890919752958,79.35979871400615,0.22381678364391963
Adrenal_Ki67_Seg_005,1-11.dcm,E:\Computer vision\Projects\dataset\manifest-1788901441878\Adrenal-ACC-Ki67-Seg\Adrenal_Ki67_Seg_005\01-04-2005-NA-CT THORAX WCONTRAST-84166\8.000000-Recon 2 15 MIN. DELAY-21984\1-11.dcm,2.5790495593996656,0.9897035856001453,0.5747255912766782,77.26433339333107,0.22373411641609323
Adrenal_Ki67_Seg_005,1-12.dcm,E:\Computer vision\Projects\dataset\manifest-1788901441878\Adrenal-ACC-Ki67-Seg\Adrenal_Ki67_Seg_005\01-04-2005-NA-CT THORAX WCONTRAST-84166\8.000000-Recon 2 15 MIN. DELAY-21984\1-12.dcm,2.571164326117011,0.9899267364074035,0.579222620925524,77.51706297080663,0.22319039407974084
Adrenal_Ki67_Seg_005,1-13.dcm,E:\Computer vision\Projects\dataset\manifest-1788901441878\Adrenal-ACC-Ki67-Seg\Adrenal_Ki67_Seg_005\01-04-2005-NA-CT THORAX WCONTRAST-84166\8.000000-Recon 2 15 MIN. DELAY-21984\1-13.dcm,2.2883643981142843,0.9901011274886903,0.6042968817462874,61.47425140069163,0.22752710375985966
Adrenal_Ki67_Seg_005,1-14.dcm,E:\Computer vision\Projects\dataset\manifest-1788901441878\Adrenal-ACC-Ki67-Seg\Adrenal_Ki67_Seg_005\01-04-2005-NA-CT THORAX WCONTRAST-84166\8.000000-Recon 2 15 MIN. DELAY-21984\1-14.dcm,2.4686486341581104,0.9901911882353704,0.5818895090943719,68.95580209940985,0.2238586429866689
Adrenal_Ki67_Seg_005,1-15.dcm,E:\Computer vision\Projects\dataset\manifest-1788901441878\Adrenal-ACC-Ki67-Seg\Adrenal_Ki67_Seg_005\01-04-2005-NA-CT THORAX WCONTRAST-84166\8.000000-Recon 2 15 MIN. DELAY-21984\1-15.dcm,2.5407339892233867,0.9904135191754387,0.5705308710935584,71.85690541932668,0.22130996602992886
Adrenal_Ki67_Seg_005,1-16.dcm,E:\Computer vision\Projects\dataset\manifest-1788901441878\Adrenal-ACC-Ki67-Seg\Adrenal_Ki67_Seg_005\01-04-2005-NA-CT THORAX WCONTRAST-84166\8.000000-Recon 2 15 MIN. DELAY-21984\1-16.dcm,2.4749177584338296,0.9907016488224606,0.5784076693063926,68.37461942930672,0.2210447980770781
Adrenal_Ki67_Seg_005,1-17.dcm,E:\Computer vision\Projects\dataset\manifest-1788901441878\Adrenal-ACC-Ki67-Seg\Adrenal_Ki67_Seg_005\01-04-2005-NA-CT THORAX WCONTRAST-84166\8.000000-Recon 2 15 MIN. DELAY-21984\1-17.dcm,2.4276944405084233,0.9909039219344387,0.5803741095513292,64.94506378269078,0.22182191283906683
Adrenal_Ki67_Seg_005,1-18.dcm,E:\Computer vision\Projects\dataset\manifest-1788901441878\Adrenal-ACC-Ki67-Seg\Adrenal_Ki67_Seg_005\01-04-2005-NA-CT THORAX WCONTRAST-84166\8.000000-Recon 2 15 MIN. DELAY-21984\1-18.dcm,2.450254862688179,0.9909601831930525,0.5738348451843158,63.86276477188737,0.22224171580182214
Adrenal_Ki67_Seg_005,1-19.dcm,E:\Computer vision\Projects\dataset\manifest-1788901441878\Adrenal-ACC-Ki67-Seg\Adrenal_Ki67_Seg_005\01-04-2005-NA-CT THORAX WCONTRAST-84166\8.000000-Recon 2 15 MIN. DELAY-21984\1-19.dcm,2.449557867808411,0.9910417483197184,0.5716911664296194,62.70439757813428,0.22205736059066325
Adrenal_Ki67_Seg_005,1-20.dcm,E:\Computer vision\Projects\dataset\manifest-1788901441878\Adrenal-ACC-Ki67-Seg\Adrenal_Ki67_Seg_005\01-04-2005-NA-CT THORAX WCONTRAST-84166\8.000000-Recon 2 15 MIN. DELAY-21984\1-20.dcm,2.5477460640852323,0.9910999054548034,0.5669840749143834,68.51079001688872,0.2215107176274408
Adrenal_Ki67_Seg_005,1-21.dcm,E:\Computer vision\Projects\dataset\manifest-1788901441878\Adrenal-ACC-Ki67-Seg\Adrenal_Ki67_Seg_005\01-04-2005-NA-CT THORAX WCONTRAST-84166\8.000000-Recon 2 15 MIN. DELAY-21984\1-21.dcm,2.544663202117026,0.9911721389464634,0.5556945160543811,65.0789136071017,0.22043224364551933
Adrenal_Ki67_Seg_005,1-22.dcm,E:\Computer vision\Projects\dataset\manifest-1788901441878\Adrenal-ACC-Ki67-Seg\Adrenal_Ki67_Seg_005\01-04-2005-NA-CT THORAX WCONTRAST-84166\8.000000-Recon 2 15 MIN. DELAY-21984\1-22.dcm,2.609395644164966,0.991282614886298,0.5437526589894126,66.62358829814531,0.2201709843910596
Adrenal_Ki67_Seg_005,1-23.dcm,E:\Computer vision\Projects\dataset\manifest-1788901441878\Adrenal-ACC-Ki67-Seg\Adrenal_Ki67_Seg_005\01-04-2005-NA-CT THORAX WCONTRAST-84166\8.000000-Recon 2 15 MIN. DELAY-21984\1-23.dcm,2.6430505397880677,0.9914795085897152,0.538103855332121,68.75779427928047,0.218878699523407
Adrenal_Ki67_Seg_005,1-24.dcm,E:\Computer vision\Projects\dataset\manifest-1788901441878\Adrenal-ACC-Ki67-Seg\Adrenal_Ki67_Seg_005\01-04-2005-NA-CT THORAX WCONTRAST-84166\8.000000-Recon 2 15 MIN. DELAY-21984\1-24.dcm,2.611789170537797,0.9916148794594811,0.5400982403148736,67.26535590779756,0.2187276435393521
Adrenal_Ki67_Seg_005,1-25.dcm,E:\Computer vision\Projects\dataset\manifest-1788901441878\Adrenal-ACC-Ki67-Seg\Adrenal_Ki67_Seg_005\01-04-2005-NA-CT THORAX WCONTRAST-84166\8.000000-Recon 2 15 MIN. DELAY-21984\1-25.dcm,2.6931882154250326,0.9917181446798445,0.524224496838558,68.27142972032124,0.21743459791857722
Adrenal_Ki67_Seg_005,1-26.dcm,E:\Computer vision\Projects\dataset\manifest-1788901441878\Adrenal-ACC-Ki67-Seg\Adrenal_Ki67_Seg_005\01-04-2005-NA-CT THORAX WCONTRAST-84166\8.000000-Recon 2 15 MIN. DELAY-21984\1-26.dcm,2.714741441707101,0.9917580713937036,0.5154587173083993,66.03383871844854,0.21701357111746294
Adrenal_Ki67_Seg_005,1-27.dcm,E:\Computer vision\Projects\dataset\manifest-1788901441878\Adrenal-ACC-Ki67-Seg\Adrenal_Ki67_Seg_005\01-04-2005-NA-CT THORAX WCONTRAST-84166\8.000000-Recon 2 15 MIN. DELAY-21984\1-27.dcm,2.695229414715783,0.9918222563875974,0.5192089888847712,66.06013687141211,0.21666214072225815
Adrenal_Ki67_Seg_005,1-28.dcm,E:\Computer vision\Projects\dataset\manifest-1788901441878\Adrenal-ACC-Ki67-Seg\Adrenal_Ki67_Seg_005\01-04-2005-NA-CT THORAX WCONTRAST-84166\8.000000-Recon 2 15 MIN. DELAY-21984\1-28.dcm,2.6376009589424063,0.9919270893752359,0.5230278693875885,64.00449217029653,0.2168806286503791
Adrenal_Ki67_Seg_005,1-29.dcm,E:\Computer vision\Projects\dataset\manifest-1788901441878\Adrenal-ACC-Ki67-Seg\Adrenal_Ki67_Seg_005\01-04-2005-NA-CT THORAX WCONTRAST-84166\8.000000-Recon 2 15 MIN. DELAY-21984\1-29.dcm,2.841985133328993,0.9920307956257112,0.49892512704712677,70.62048628796612,0.2155199485157141
Adrenal_Ki67_Seg_005,1-30.dcm,E:\Computer vision\Projects\dataset\manifest-1788901441878\Adrenal-ACC-Ki67-Seg\Adrenal_Ki67_Seg_005\01-04-2005-NA-CT THORAX WCONTRAST-84166\8.000000-Recon 2 15 MIN. DELAY-21984\1-30.dcm,2.8874812826237646,0.9921317302409084,0.4915231844937057,71.74754998640478,0.21516315818052703
Adrenal_Ki67_Seg_005,1-31.dcm,E:\Computer vision\Projects\dataset\manifest-1788901441878\Adrenal-ACC-Ki67-Seg\Adrenal_Ki67_Seg_005\01-04-2005-NA-CT THORAX WCONTRAST-84166\8.000000-Recon 2 15 MIN. DELAY-21984\1-31.dcm,2.6887534897614516,0.9922089865548517,0.5085343599251007,64.04185798920807,0.21599846769112563
Adrenal_Ki67_Seg_005,1-32.dcm,E:\Computer vision\Projects\dataset\manifest-1788901441878\Adrenal-ACC-Ki67-Seg\Adrenal_Ki67_Seg_005\01-04-2005-NA-CT THORAX WCONTRAST-84166\8.000000-Recon 2 15 MIN. DELAY-21984\1-32.dcm,2.691388283592664,0.9921918143795949,0.5093796139982002,63.83014770929951,0.2161866507171981
Adrenal_Ki67_Seg_005,1-33.dcm,E:\Computer vision\Projects\dataset\manifest-1788901441878\Adrenal-ACC-Ki67-Seg\Adrenal_Ki67_Seg_005\01-04-2005-NA-CT THORAX WCONTRAST-84166\8.000000-Recon 2 15 MIN. DELAY-21984\1-33.dcm,2.763037059447536,0.9920987723363732,0.4997899125309544,65.06917865663812,0.21617915220282719
Adrenal_Ki67_Seg_005,1-34.dcm,E:\Computer vision\Projects\dataset\manifest-1788901441878\Adrenal-ACC-Ki67-Seg\Adrenal_Ki67_Seg_005\01-04-2005-NA-CT THORAX WCONTRAST-84166\8.000000-Recon 2 15 MIN. DELAY-21984\1-34.dcm,2.6750586892666615,0.9921302719253803,0.5045772931685013,61.70009306030538,0.216422376865667
Adrenal_Ki67_Seg_005,1-35.dcm,E:\Computer vision\Projects\dataset\manifest-1788901441878\Adrenal-ACC-Ki67-Seg\Adrenal_Ki67_Seg_005\01-04-2005-NA-CT THORAX WCONTRAST-84166\8.000000-Recon 2 15 MIN. DELAY-21984\1-35.dcm,2.655611766192685,0.992214338290982,0.5112404265210557,64.06351844547164,0.21645728035700945
Adrenal_Ki67_Seg_005,1-36.dcm,E:\Computer vision\Projects\dataset\manifest-1788901441878\Adrenal-ACC-Ki67-Seg\Adrenal_Ki67_Seg_005\01-04-2005-NA-CT THORAX WCONTRAST-84166\8.000000-Recon 2 15 MIN. DELAY-21984\1-36.dcm,2.6662773197100194,0.9922505826527953,0.5066555387852795,63.07414187292481,0.21634494245692698
Adrenal_Ki67_Seg_005,1-37.dcm,E:\Computer vision\Projects\dataset\manifest-1788901441878\Adrenal-ACC-Ki67-Seg\Adrenal_Ki67_Seg_005\01-04-2005-NA-CT THORAX WCONTRAST-84166\8.000000-Recon 2 15 MIN. DELAY-21984\1-37.dcm,2.8390324791954686,0.9923230308781883,0.4868913644911854,69.03303449358725,0.21538237288787615
Adrenal_Ki67_Seg_005,1-38.dcm,E:\Computer vision\Projects\dataset\manifest-1788901441878\Adrenal-ACC-Ki67-Seg\Adrenal_Ki67_Seg_005\01-04-2005-NA-CT THORAX WCONTRAST-84166\8.000000-Recon 2 15 MIN. DELAY-21984\1-38.dcm,2.7499243645666187,0.9924292703130208,0.49505706355402174,66.58864281310198,0.2158219052789224
Adrenal_Ki67_Seg_005,1-39.dcm,E:\Computer vision\Projects\dataset\manifest-1788901441878\Adrenal-ACC-Ki67-Seg\Adrenal_Ki67_Seg_005\01-04-2005-NA-CT THORAX WCONTRAST-84166\8.000000-Recon 2 15 MIN. DELAY-21984\1-39.dcm,2.5631029292933163,0.9925043194340593,0.5123261091263034,59.54459426855749,0.21688494557025254
Adrenal_Ki67_Seg_005,1-40.dcm,E:\Computer vision\Projects\dataset\manifest-1788901441878\Adrenal-ACC-Ki67-Seg\Adrenal_Ki67_Seg_005\01-04-2005-NA-CT THORAX WCONTRAST-84166\8.000000-Recon 2 15 MIN. DELAY-21984\1-40.dcm,2.722576889641201,0.9924251864734223,0.4961268731358276,63.12223834927103,0.21606722887544214
Adrenal_Ki67_Seg_005,1-41.dcm,E:\Computer vision\Projects\dataset\manifest-1788901441878\Adrenal-ACC-Ki67-Seg\Adrenal_Ki67_Seg_005\01-04-2005-NA-CT THORAX WCONTRAST-84166\8.000000-Recon 2 15 MIN. DELAY-21984\1-41.dcm,2.8875502161833024,0.9923271921462685,0.48315655008027203,68.2549086438854,0.2153542753157809
Adrenal_Ki67_Seg_005,1-42.dcm,E:\Computer vision\Projects\dataset\manifest-1788901441878\Adrenal-ACC-Ki67-Seg\Adrenal_Ki67_Seg_005\01-04-2005-NA-CT THORAX WCONTRAST-84166\8.000000-Recon 2 15 MIN. DELAY-21984\1-42.dcm,2.844761623921477,0.992395374650492,0.48762277769954154,67.96153124413586,0.21511480437950328
Adrenal_Ki67_Seg_005,1-43.dcm,E:\Computer vision\Projects\dataset\manifest-1788901441878\Adrenal-ACC-Ki67-Seg\Adrenal_Ki67_Seg_005\01-04-2005-NA-CT THORAX WCONTRAST-84166\8.000000-Recon 2 15 MIN. DELAY-21984\1-43.dcm,2.831982107911658,0.9923458264789163,0.49092551820676744,68.40364428751423,0.215180243981368
Adrenal_Ki67_Seg_005,1-44.dcm,E:\Computer vision\Projects\dataset\manifest-1788901441878\Adrenal-ACC-Ki67-Seg\Adrenal_Ki67_Seg_005\01-04-2005-NA-CT THORAX WCONTRAST-84166\8.000000-Recon 2 15 MIN. DELAY-21984\1-44.dcm,2.8164988645110887,0.9922447220364508,0.4885312777470402,65.21061500224035,0.2155964958543936
Adrenal_Ki67_Seg_005,1-45.dcm,E:\Computer vision\Projects\dataset\manifest-1788901441878\Adrenal-ACC-Ki67-Seg\Adrenal_Ki67_Seg_005\01-04-2005-NA-CT THORAX WCONTRAST-84166\8.000000-Recon 2 15 MIN. DELAY-21984\1-45.dcm,2.7903117711712198,0.9922238071639401,0.4865776680365015,62.7006215509285,0.21565627380076768
Adrenal_Ki67_Seg_005,1-46.dcm,E:\Computer vision\Projects\dataset\manifest-1788901441878\Adrenal-ACC-Ki67-Seg\Adrenal_Ki67_Seg_005\01-04-2005-NA-CT THORAX WCONTRAST-84166\8.000000-Recon 2 15 MIN. DELAY-21984\1-46.dcm,2.8203514845607973,0.992314356742207,0.4869767519272521,66.02628283439479,0.21547934556135198
Adrenal_Ki67_Seg_005,1-47.dcm,E:\Computer vision\Projects\dataset\manifest-1788901441878\Adrenal-ACC-Ki67-Seg\Adrenal_Ki67_Seg_005\01-04-2005-NA-CT THORAX WCONTRAST-84166\8.000000-Recon 2 15 MIN. DELAY-21984\1-47.dcm,2.6992850058019076,0.992337001643985,0.4964221627055603,60.338754830136224,0.2163633172243617
Adrenal_Ki67_Seg_005,1-48.dcm,E:\Computer vision\Projects\dataset\manifest-1788901441878\Adrenal-ACC-Ki67-Seg\Adrenal_Ki67_Seg_005\01-04-2005-NA-CT THORAX WCONTRAST-84166\8.000000-Recon 2 15 MIN. DELAY-21984\1-48.dcm,2.7938733384139915,0.9922826568406548,0.48436570151308,61.22947216041605,0.21612538443188162
Adrenal_Ki67_Seg_005,1-49.dcm,E:\Computer vision\Projects\dataset\manifest-1788901441878\Adrenal-ACC-Ki67-Seg\Adrenal_Ki67_Seg_005\01-04-2005-NA-CT THORAX WCONTRAST-84166\8.000000-Recon 2 15 MIN. DELAY-21984\1-49.dcm,2.8192715254613763,0.9923334991971038,0.48202427065420356,62.97668513830753,0.21624025487370307
Adrenal_Ki67_Seg_005,1-50.dcm,E:\Computer vision\Projects\dataset\manifest-1788901441878\Adrenal-ACC-Ki67-Seg\Adrenal_Ki67_Seg_005\01-04-2005-NA-CT THORAX WCONTRAST-84166\8.000000-Recon 2 15 MIN. DELAY-21984\1-50.dcm,2.8168894880151347,0.9924344007313446,0.48349324918852177,65.03499527039189,0.2159811009488638
Adrenal_Ki67_Seg_005,1-51.dcm,E:\Computer vision\Projects\dataset\manifest-1788901441878\Adrenal-ACC-Ki67-Seg\Adrenal_Ki67_Seg_005\01-04-2005-NA-CT THORAX WCONTRAST-84166\8.000000-Recon 2 15 MIN. DELAY-21984\1-51.dcm,2.8276507825873827,0.9924413049453579,0.4803274588101514,63.790545379345204,0.21596225803124292
Adrenal_Ki67_Seg_005,1-52.dcm,E:\Computer vision\Projects\dataset\manifest-1788901441878\Adrenal-ACC-Ki67-Seg\Adrenal_Ki67_Seg_005\01-04-2005-NA-CT THORAX WCONTRAST-84166\8.000000-Recon 2 15 MIN. DELAY-21984\1-52.dcm,2.9779336016635964,0.9923709846344345,0.46368565182792965,66.94818494108095,0.21535033783298474
Adrenal_Ki67_Seg_005,1-53.dcm,E:\Computer vision\Projects\dataset\manifest-1788901441878\Adrenal-ACC-Ki67-Seg\Adrenal_Ki67_Seg_005\01-04-2005-NA-CT THORAX WCONTRAST-84166\8.000000-Recon 2 15 MIN. DELAY-21984\1-53.dcm,2.8646068297838934,0.9924699643153164,0.4715603039488396,63.94351660724339,0.21612261209927397
Adrenal_Ki67_Seg_005,1-54.dcm,E:\Computer vision\Projects\dataset\manifest-1788901441878\Adrenal-ACC-Ki67-Seg\Adrenal_Ki67_Seg_005\01-04-2005-NA-CT THORAX WCONTRAST-84166\8.000000-Recon 2 15 MIN. DELAY-21984\1-54.dcm,2.7805423539278724,0.9925092936812869,0.48026243969776805,62.22130736325305,0.216459331761958
Adrenal_Ki67_Seg_005,1-55.dcm,E:\Computer vision\Projects\dataset\manifest-1788901441878\Adrenal-ACC-Ki67-Seg\Adrenal_Ki67_Seg_005\01-04-2005-NA-CT THORAX WCONTRAST-84166\8.000000-Recon 2 15 MIN. DELAY-21984\1-55.dcm,2.838932908498359,0.9923691176485403,0.47426144187575836,62.27191608488019,0.21641794613630397
Adrenal_Ki67_Seg_005,1-56.dcm,E:\Computer vision\Projects\dataset\manifest-1788901441878\Adrenal-ACC-Ki67-Seg\Adrenal_Ki67_Seg_005\01-04-2005-NA-CT THORAX WCONTRAST-84166\8.000000-Recon 2 15 MIN. DELAY-21984\1-56.dcm,2.8366810788867998,0.9922416528555036,0.4733583947274068,60.7615358397065,0.21693823539738277
Adrenal_Ki67_Seg_005,1-57.dcm,E:\Computer vision\Projects\dataset\manifest-1788901441878\Adrenal-ACC-Ki67-Seg\Adrenal_Ki67_Seg_005\01-04-2005-NA-CT THORAX WCONTRAST-84166\8.000000-Recon 2 15 MIN. DELAY-21984\1-57.dcm,2.8128377265712063,0.9922475465159055,0.47581220370273636,61.52645325347253,0.21668249295673198
Adrenal_Ki67_Seg_005,1-58.dcm,E:\Computer vision\Projects\dataset\manifest-1788901441878\Adrenal-ACC-Ki67-Seg\Adrenal_Ki67_Seg_005\01-04-2005-NA-CT THORAX WCONTRAST-84166\8.000000-Recon 2 15 MIN. DELAY-21984\1-58.dcm,2.7947005411284422,0.9922018455540565,0.47997094967674436,61.5518744183731,0.216721843350746
Adrenal_Ki67_Seg_005,1-59.dcm,E:\Computer vision\Projects\dataset\manifest-1788901441878\Adrenal-ACC-Ki67-Seg\Adrenal_Ki67_Seg_005\01-04-2005-NA-CT THORAX WCONTRAST-84166\8.000000-Recon 2 15 MIN. DELAY-21984\1-59.dcm,2.8989510610023705,0.9921042126162882,0.46981215979611757,63.60259419962393,0.2165308141494178
Adrenal_Ki67_Seg_005,1-60.dcm,E:\Computer vision\Projects\dataset\manifest-1788901441878\Adrenal-ACC-Ki67-Seg\Adrenal_Ki67_Seg_005\01-04-2005-NA-CT THORAX WCONTRAST-84166\8.000000-Recon 2 15 MIN. DELAY-21984\1-60.dcm,2.896530727134164,0.9920264870887822,0.46788353395462234,63.73143868168397,0.21694484313336226
Adrenal_Ki67_Seg_005,1-61.dcm,E:\Computer vision\Projects\dataset\manifest-1788901441878\Adrenal-ACC-Ki67-Seg\Adrenal_Ki67_Seg_005\01-04-2005-NA-CT THORAX WCONTRAST-84166\8.000000-Recon 2 15 MIN. DELAY-21984\1-61.dcm,2.8045044251515576,0.9919975216484478,0.48025717907984433,62.915127469640495,0.2177708955317405
Adrenal_Ki67_Seg_005,1-62.dcm,E:\Computer vision\Projects\dataset\manifest-1788901441878\Adrenal-ACC-Ki67-Seg\Adrenal_Ki67_Seg_005\01-04-2005-NA-CT THORAX WCONTRAST-84166\8.000000-Recon 2 15 MIN. DELAY-21984\1-62.dcm,2.8520762405168485,0.9918752381765246,0.4778526351317167,63.84249064609894,0.21732552299340122
Adrenal_Ki67_Seg_005,1-63.dcm,E:\Computer vision\Projects\dataset\manifest-1788901441878\Adrenal-ACC-Ki67-Seg\Adrenal_Ki67_Seg_005\01-04-2005-NA-CT THORAX WCONTRAST-84166\8.000000-Recon 2 15 MIN. DELAY-21984\1-63.dcm,3.007295468384389,0.9917013439651353,0.4633262019895739,66.39666667943214,0.21658250498087966
Adrenal_Ki67_Seg_005,1-64.dcm,E:\Computer vision\Projects\dataset\manifest-1788901441878\Adrenal-ACC-Ki67-Seg\Adrenal_Ki67_Seg_005\01-04-2005-NA-CT THORAX WCONTRAST-84166\8.000000-Recon 2 15 MIN. DELAY-21984\1-64.dcm,3.0663332324860892,0.9916627432516837,0.46210469335880283,69.52511670834593,0.21648759601776094
Adrenal_Ki67_Seg_005,1-65.dcm,E:\Computer vision\Projects\dataset\manifest-1788901441878\Adrenal-ACC-Ki67-Seg\Adrenal_Ki67_Seg_005\01-04-2005-NA-CT THORAX WCONTRAST-84166\8.000000-Recon 2 15 MIN. DELAY-21984\1-65.dcm,3.0621589224918715,0.9917558182038536,0.4637197554233887,71.25764683805592,0.2161172863182743
Adrenal_Ki67_Seg_005,1-66.dcm,E:\Computer vision\Projects\dataset\manifest-1788901441878\Adrenal-ACC-Ki67-Seg\Adrenal_Ki67_Seg_005\01-04-2005-NA-CT THORAX WCONTRAST-84166\8.000000-Recon 2 15 MIN. DELAY-21984\1-66.dcm,3.1002102473565905,0.9916890350264543,0.4586029680827113,69.91325860424861,0.2157830991086085
Adrenal_Ki67_Seg_005,1-67.dcm,E:\Computer vision\Projects\dataset\manifest-1788901441878\Adrenal-ACC-Ki67-Seg\Adrenal_Ki67_Seg_005\01-04-2005-NA-CT THORAX WCONTRAST-84166\8.000000-Recon 2 15 MIN. DELAY-21984\1-67.dcm,3.1389623967432727,0.9915873622637994,0.4537681308048931,69.3265459308137,0.2159405261253452
Adrenal_Ki67_Seg_005,1-68.dcm,E:\Computer vision\Projects\dataset\manifest-1788901441878\Adrenal-ACC-Ki67-Seg\Adrenal_Ki67_Seg_005\01-04-2005-NA-CT THORAX WCONTRAST-84166\8.000000-Recon 2 15 MIN. DELAY-21984\1-68.dcm,2.9927007019734146,0.9916065671757479,0.4657483154390015,65.78353713412558,0.21695066676417554
Adrenal_Ki67_Seg_005,1-69.dcm,E:\Computer vision\Projects\dataset\manifest-1788901441878\Adrenal-ACC-Ki67-Seg\Adrenal_Ki67_Seg_005\01-04-2005-NA-CT THORAX WCONTRAST-84166\8.000000-Recon 2 15 MIN. DELAY-21984\1-69.dcm,2.933444648266512,0.9916491216624129,0.4721789250581757,65.61308358960022,0.2171386557724747
Adrenal_Ki67_Seg_005,1-70.dcm,E:\Computer vision\Projects\dataset\manifest-1788901441878\Adrenal-ACC-Ki67-Seg\Adrenal_Ki67_Seg_005\01-04-2005-NA-CT THORAX WCONTRAST-84166\8.000000-Recon 2 15 MIN. DELAY-21984\1-70.dcm,3.024885014993049,0.991592533991554,0.46258785483692455,66.60711700705802,0.21652864902050029
Adrenal_Ki67_Seg_005,1-71.dcm,E:\Computer vision\Projects\dataset\manifest-1788901441878\Adrenal-ACC-Ki67-Seg\Adrenal_Ki67_Seg_005\01-04-2005-NA-CT THORAX WCONTRAST-84166\8.000000-Recon 2 15 MIN. DELAY-21984\1-71.dcm,2.99114969688382,0.9916530630774769,0.4610996856250019,64.28797377461024,0.21690417844850393
Adrenal_Ki67_Seg_005,1-72.dcm,E:\Computer vision\Projects\dataset\manifest-1788901441878\Adrenal-ACC-Ki67-Seg\Adrenal_Ki67_Seg_005\01-04-2005-NA-CT THORAX WCONTRAST-84166\8.000000-Recon 2 15 MIN. DELAY-21984\1-72.dcm,2.901819463007571,0.9917921792373012,0.4704445590416981,64.15767402851552,0.21735572234690823
Adrenal_Ki67_Seg_005,1-73.dcm,E:\Computer vision\Projects\dataset\manifest-1788901441878\Adrenal-ACC-Ki67-Seg\Adrenal_Ki67_Seg_005\01-04-2005-NA-CT THORAX WCONTRAST-84166\8.000000-Recon 2 15 MIN. DELAY-21984\1-73.dcm,2.8462475250937302,0.9918066537355488,0.47554542506502623,62.65461988886379,0.21743868032912175
Adrenal_Ki67_Seg_005,1-74.dcm,E:\Computer vision\Projects\dataset\manifest-1788901441878\Adrenal-ACC-Ki67-Seg\Adrenal_Ki67_Seg_005\01-04-2005-NA-CT THORAX WCONTRAST-84166\8.000000-Recon 2 15 MIN. DELAY-21984\1-74.dcm,2.997752000030637,0.9916384971017401,0.46244524574901413,65.49212051118064,0.21674633734717655
Adrenal_Ki67_Seg_005,1-75.dcm,E:\Computer vision\Projects\dataset\manifest-1788901441878\Adrenal-ACC-Ki67-Seg\Adrenal_Ki67_Seg_005\01-04-2005-NA-CT THORAX WCONTRAST-84166\8.000000-Recon 2 15 MIN. DELAY-21984\1-75.dcm,3.062059351794762,0.9916264657426421,0.457977991889994,68.56924567537655,0.21671514968663994
Adrenal_Ki67_Seg_005,1-76.dcm,E:\Computer vision\Projects\dataset\manifest-1788901441878\Adrenal-ACC-Ki67-Seg\Adrenal_Ki67_Seg_005\01-04-2005-NA-CT THORAX WCONTRAST-84166\8.000000-Recon 2 15 MIN. DELAY-21984\1-76.dcm,2.977960409158972,0.9917639746918933,0.46788928531032803,68.88796381754052,0.21722835301966495
Adrenal_Ki67_Seg_005,1-77.dcm,E:\Computer vision\Projects\dataset\manifest-1788901441878\Adrenal-ACC-Ki67-Seg\Adrenal_Ki67_Seg_005\01-04-2005-NA-CT THORAX WCONTRAST-84166\8.000000-Recon 2 15 MIN. DELAY-21984\1-77.dcm,2.963269901693085,0.9917252592439842,0.4700799268278981,68.84406079939951,0.21726328048406585
Adrenal_Ki67_Seg_005,1-78.dcm,E:\Computer vision\Projects\dataset\manifest-1788901441878\Adrenal-ACC-Ki67-Seg\Adrenal_Ki67_Seg_005\01-04-2005-NA-CT THORAX WCONTRAST-84166\8.000000-Recon 2 15 MIN. DELAY-21984\1-78.dcm,2.968332688676897,0.9916284690502553,0.46664010152133517,67.19458029036346,0.21778207906269687
Adrenal_Ki67_Seg_005,1-79.dcm,E:\Computer vision\Projects\dataset\manifest-1788901441878\Adrenal-ACC-Ki67-Seg\Adrenal_Ki67_Seg_005\01-04-2005-NA-CT THORAX WCONTRAST-84166\8.000000-Recon 2 15 MIN. DELAY-21984\1-79.dcm,2.876007674602962,0.9917177741371312,0.47079138697241313,64.74920822147587,0.21821804949275198
Adrenal_Ki67_Seg_005,1-80.dcm,E:\Computer vision\Projects\dataset\manifest-1788901441878\Adrenal-ACC-Ki67-Seg\Adrenal_Ki67_Seg_005\01-04-2005-NA-CT THORAX WCONTRAST-84166\8.000000-Recon 2 15 MIN. DELAY-21984\1-80.dcm,2.782606531071802,0.9917759700715005,0.483672182689892,63.85865939545269,0.21907680535049628
Adrenal_Ki67_Seg_005,1-81.dcm,E:\Computer vision\Projects\dataset\manifest-1788901441878\Adrenal-ACC-Ki67-Seg\Adrenal_Ki67_Seg_005\01-04-2005-NA-CT THORAX WCONTRAST-84166\8.000000-Recon 2 15 MIN. DELAY-21984\1-81.dcm,2.872687374818571,0.9916753887336837,0.4736336391954128,65.02177534552946,0.21797441421822095
Adrenal_Ki67_Seg_005,1-82.dcm,E:\Computer vision\Projects\dataset\manifest-1788901441878\Adrenal-ACC-Ki67-Seg\Adrenal_Ki67_Seg_005\01-04-2005-NA-CT THORAX WCONTRAST-84166\8.000000-Recon 2 15 MIN. DELAY-21984\1-82.dcm,2.959482385560717,0.9916348366617223,0.4638037842584106,66.80558438425099,0.21781994437835728
Adrenal_Ki67_Seg_005,1-83.dcm,E:\Computer vision\Projects\dataset\manifest-1788901441878\Adrenal-ACC-Ki67-Seg\Adrenal_Ki67_Seg_005\01-04-2005-NA-CT THORAX WCONTRAST-84166\8.000000-Recon 2 15 MIN. DELAY-21984\1-83.dcm,2.880928764825502,0.9916519626197503,0.4715275667621053,65.55800184588753,0.2185272443258342
Adrenal_Ki67_Seg_005,1-84.dcm,E:\Computer vision\Projects\dataset\manifest-1788901441878\Adrenal-ACC-Ki67-Seg\Adrenal_Ki67_Seg_005\01-04-2005-NA-CT THORAX WCONTRAST-84166\8.000000-Recon 2 15 MIN. DELAY-21984\1-84.dcm,2.836704056739978,0.9916659877043131,0.4765353661616476,65.73657806151171,0.21826108658051738
Adrenal_Ki67_Seg_005,1-85.dcm,E:\Computer vision\Projects\dataset\manifest-1788901441878\Adrenal-ACC-Ki67-Seg\Adrenal_Ki67_Seg_005\01-04-2005-NA-CT THORAX WCONTRAST-84166\8.000000-Recon 2 15 MIN. DELAY-21984\1-85.dcm,2.9458067332769096,0.9914070453043425,0.467108255713178,69.21522206180276,0.21746054820503485
Adrenal_Ki67_Seg_005,1-86.dcm,E:\Computer vision\Projects\dataset\manifest-1788901441878\Adrenal-ACC-Ki67-Seg\Adrenal_Ki67_Seg_005\01-04-2005-NA-CT THORAX WCONTRAST-84166\8.000000-Recon 2 15 MIN. DELAY-21984\1-86.dcm,2.9937270460820846,0.9912119177623749,0.4622729214354634,71.44148881170032,0.2174129317280282
Adrenal_Ki67_Seg_005,1-87.dcm,E:\Computer vision\Projects\dataset\manifest-1788901441878\Adrenal-ACC-Ki67-Seg\Adrenal_Ki67_Seg_005\01-04-2005-NA-CT THORAX WCONTRAST-84166\8.000000-Recon 2 15 MIN. DELAY-21984\1-87.dcm,2.9116807916636347,0.9911941633816617,0.46979289960614945,71.18556148299065,0.2177060297506704
Adrenal_Ki67_Seg_005,1-88.dcm,E:\Computer vision\Projects\dataset\manifest-1788901441878\Adrenal-ACC-Ki67-Seg\Adrenal_Ki67_Seg_005\01-04-2005-NA-CT THORAX WCONTRAST-84166\8.000000-Recon 2 15 MIN. DELAY-21984\1-88.dcm,2.8952286487873438,0.9911235880996117,0.4729117522531493,71.15308611716408,0.2175714727955678
Adrenal_Ki67_Seg_005,1-89.dcm,E:\Computer vision\Projects\dataset\manifest-1788901441878\Adrenal-ACC-Ki67-Seg\Adrenal_Ki67_Seg_005\01-04-2005-NA-CT THORAX WCONTRAST-84166\8.000000-Recon 2 15 MIN. DELAY-21984\1-89.dcm,3.0137905415497035,0.9910291489029444,0.460419179716387,74.08256708575718,0.21712218313993767
Adrenal_Ki67_Seg_005,1-90.dcm,E:\Computer vision\Projects\dataset\manifest-1788901441878\Adrenal-ACC-Ki67-Seg\Adrenal_Ki67_Seg_005\01-04-2005-NA-CT THORAX WCONTRAST-84166\8.000000-Recon 2 15 MIN. DELAY-21984\1-90.dcm,2.977405111040475,0.9909484850398339,0.46124065031908895,72.06326951872887,0.21760011293650985
Adrenal_Ki67_Seg_005,1-91.dcm,E:\Computer vision\Projects\dataset\manifest-1788901441878\Adrenal-ACC-Ki67-Seg\Adrenal_Ki67_Seg_005\01-04-2005-NA-CT THORAX WCONTRAST-84166\8.000000-Recon 2 15 MIN. DELAY-21984\1-91.dcm,2.898943401717978,0.9909980041499535,0.4704651036358219,72.48336594911939,0.21796542855984213
Adrenal_Ki67_Seg_005,1-92.dcm,E:\Computer vision\Projects\dataset\manifest-1788901441878\Adrenal-ACC-Ki67-Seg\Adrenal_Ki67_Seg_005\01-04-2005-NA-CT THORAX WCONTRAST-84166\8.000000-Recon 2 15 MIN. DELAY-21984\1-92.dcm,2.8415370651919996,0.9909242524493809,0.4765779135725718,70.21923552682475,0.2181939230286437
Adrenal_Ki67_Seg_005,1-93.dcm,E:\Computer vision\Projects\dataset\manifest-1788901441878\Adrenal-ACC-Ki67-Seg\Adrenal_Ki67_Seg_005\01-04-2005-NA-CT THORAX WCONTRAST-84166\8.000000-Recon 2 15 MIN. DELAY-21984\1-93.dcm,2.9021909383006346,0.9907446056331553,0.47021709320270455,70.82846266673305,0.21847232799624508
Adrenal_Ki67_Seg_005,1-94.dcm,E:\Computer vision\Projects\dataset\manifest-1788901441878\Adrenal-ACC-Ki67-Seg\Adrenal_Ki67_Seg_005\01-04-2005-NA-CT THORAX WCONTRAST-84166\8.000000-Recon 2 15 MIN. DELAY-21984\1-94.dcm,2.848273405815695,0.9907083574955441,0.47507718064030613,69.88695662164285,0.21924489502234454
Adrenal_Ki67_Seg_005,1-95.dcm,E:\Computer vision\Projects\dataset\manifest-1788901441878\Adrenal-ACC-Ki67-Seg\Adrenal_Ki67_Seg_005\01-04-2005-NA-CT THORAX WCONTRAST-84166\8.000000-Recon 2 15 MIN. DELAY-21984\1-95.dcm,2.7863902175619732,0.9907456453290063,0.4837821049441252,70.7362678604938,0.21955308646017646
Adrenal_Ki67_Seg_005,1-96.dcm,E:\Computer vision\Projects\dataset\manifest-1788901441878\Adrenal-ACC-Ki67-Seg\Adrenal_Ki67_Seg_005\01-04-2005-NA-CT THORAX WCONTRAST-84166\8.000000-Recon 2 15 MIN. DELAY-21984\1-96.dcm,2.8762259642081647,0.9906158396470839,0.47583063964944533,72.65282761631582,0.21879248333443682
Adrenal_Ki67_Seg_005,1-97.dcm,E:\Computer vision\Projects\dataset\manifest-1788901441878\Adrenal-ACC-Ki67-Seg\Adrenal_Ki67_Seg_005\01-04-2005-NA-CT THORAX WCONTRAST-84166\8.000000-Recon 2 15 MIN. DELAY-21984\1-97.dcm,2.9600606615323937,0.9905323777610393,0.46674058903359517,74.35592694574547,0.2185661669735044
Adrenal_Ki67_Seg_005,1-001.dcm,E:\Computer vision\Projects\dataset\manifest-1788901441878\Adrenal-ACC-Ki67-Seg\Adrenal_Ki67_Seg_005\01-04-2005-NA-CT THORAX WCONTRAST-96702\5.000000-No series description-34385\1-001.dcm,2.895014188824338,0.9902137931830082,0.485919035930536,75.64315011048518,0.21823921269922805
Adrenal_Ki67_Seg_005,1-002.dcm,E:\Computer vision\Projects\dataset\manifest-1788901441878\Adrenal-ACC-Ki67-Seg\Adrenal_Ki67_Seg_005\01-04-2005-NA-CT THORAX WCONTRAST-96702\5.000000-No series description-34385\1-002.dcm,2.9801816016329594,0.9901457644035797,0.4776443831006183,77.12891724526177,0.21805471374554944
Adrenal_Ki67_Seg_005,1-003.dcm,E:\Computer vision\Projects\dataset\manifest-1788901441878\Adrenal-ACC-Ki67-Seg\Adrenal_Ki67_Seg_005\01-04-2005-NA-CT THORAX WCONTRAST-96702\5.000000-No series description-34385\1-003.dcm,3.021465144511548,0.9901703998969669,0.47635159178843667,81.06745148800748,0.217451006518354
Adrenal_Ki67_Seg_005,1-004.dcm,E:\Computer vision\Projects\dataset\manifest-1788901441878\Adrenal-ACC-Ki67-Seg\Adrenal_Ki67_Seg_005\01-04-2005-NA-CT THORAX WCONTRAST-96702\5.000000-No series description-34385\1-004.dcm,2.8909011531052653,0.9901876821040302,0.4850531773583698,76.18535851195422,0.21829893238203105
Adrenal_Ki67_Seg_005,1-005.dcm,E:\Computer vision\Projects\dataset\manifest-1788901441878\Adrenal-ACC-Ki67-Seg\Adrenal_Ki67_Seg_005\01-04-2005-NA-CT THORAX WCONTRAST-96702\5.000000-No series description-34385\1-005.dcm,3.0333063981832176,0.9901391664267736,0.47096670121226636,80.21602245702184,0.21782514024332916
Adrenal_Ki67_Seg_005,1-006.dcm,E:\Computer vision\Projects\dataset\manifest-1788901441878\Adrenal-ACC-Ki67-Seg\Adrenal_Ki67_Seg_005\01-04-2005-NA-CT THORAX WCONTRAST-96702\5.000000-No series description-34385\1-006.dcm,3.0699254368664337,0.990048097034432,0.46612588069646754,79.85919171571801,0.21759576455767984
Adrenal_Ki67_Seg_005,1-007.dcm,E:\Computer vision\Projects\dataset\manifest-1788901441878\Adrenal-ACC-Ki67-Seg\Adrenal_Ki67_Seg_005\01-04-2005-NA-CT THORAX WCONTRAST-96702\5.000000-No series description-34385\1-007.dcm,3.0637329054346454,0.9900625602682833,0.4715776088596236,82.44104074356332,0.21745940455674226
Adrenal_Ki67_Seg_005,1-008.dcm,E:\Computer vision\Projects\dataset\manifest-1788901441878\Adrenal-ACC-Ki67-Seg\Adrenal_Ki67_Seg_005\01-04-2005-NA-CT THORAX WCONTRAST-96702\5.000000-No series description-34385\1-008.dcm,2.973625254192501,0.9900774909352327,0.48016191801198194,80.42800847116854,0.21824352917266762
Adrenal_Ki67_Seg_005,1-009.dcm,E:\Computer vision\Projects\dataset\manifest-1788901441878\Adrenal-ACC-Ki67-Seg\Adrenal_Ki67_Seg_005\01-04-2005-NA-CT THORAX WCONTRAST-96702\5.000000-No series description-34385\1-009.dcm,3.003875597902888,0.9899253012729221,0.4747229927108373,79.740675778662,0.21861262101640616
Adrenal_Ki67_Seg_005,1-010.dcm,E:\Computer vision\Projects\dataset\manifest-1788901441878\Adrenal-ACC-Ki67-Seg\Adrenal_Ki67_Seg_005\01-04-2005-NA-CT THORAX WCONTRAST-96702\5.000000-No series description-34385\1-010.dcm,3.0176891173057694,0.9897734466812786,0.47296502836287213,80.52663707629794,0.21849172328856645
Adrenal_Ki67_Seg_005,1-011.dcm,E:\Computer vision\Projects\dataset\manifest-1788901441878\Adrenal-ACC-Ki67-Seg\Adrenal_Ki67_Seg_005\01-04-2005-NA-CT THORAX WCONTRAST-96702\5.000000-No series description-34385\1-011.dcm,2.9013139502376295,0.989775425095952,0.48410426597698386,79.11473225056582,0.21910182306571763
Adrenal_Ki67_Seg_005,1-012.dcm,E:\Computer vision\Projects\dataset\manifest-1788901441878\Adrenal-ACC-Ki67-Seg\Adrenal_Ki67_Seg_005\01-04-2005-NA-CT THORAX WCONTRAST-96702\5.000000-No series description-34385\1-012.dcm,2.8658246560023897,0.9897528562128102,0.4849660258591858,78.89849150393879,0.2199925675840611
Adrenal_Ki67_Seg_005,1-013.dcm,E:\Computer vision\Projects\dataset\manifest-1788901441878\Adrenal-ACC-Ki67-Seg\Adrenal_Ki67_Seg_005\01-04-2005-NA-CT THORAX WCONTRAST-96702\5.000000-No series description-34385\1-013.dcm,2.919244335001781,0.9897144274941898,0.4772236555991457,78.97378609916476,0.2199780543336922
Adrenal_Ki67_Seg_005,1-014.dcm,E:\Computer vision\Projects\dataset\manifest-1788901441878\Adrenal-ACC-Ki67-Seg\Adrenal_Ki67_Seg_005\01-04-2005-NA-CT THORAX WCONTRAST-96702\5.000000-No series description-34385\1-014.dcm,2.9466569138445395,0.9897426728388002,0.475121762139311,80.72168075336721,0.2194167372631859
Adrenal_Ki67_Seg_005,1-015.dcm,E:\Computer vision\Projects\dataset\manifest-1788901441878\Adrenal-ACC-Ki67-Seg\Adrenal_Ki67_Seg_005\01-04-2005-NA-CT THORAX WCONTRAST-96702\5.000000-No series description-34385\1-015.dcm,2.822951811612241,0.9898629939670289,0.4874110163442823,78.00393687217803,0.22005025735675698
Adrenal_Ki67_Seg_005,1-016.dcm,E:\Computer vision\Projects\dataset\manifest-1788901441878\Adrenal-ACC-Ki67-Seg\Adrenal_Ki67_Seg_005\01-04-2005-NA-CT THORAX WCONTRAST-96702\5.000000-No series description-34385\1-016.dcm,2.874598366274639,0.9898424737390188,0.48156171192501573,79.47867080778643,0.22023563650512748
Adrenal_Ki67_Seg_005,1-017.dcm,E:\Computer vision\Projects\dataset\manifest-1788901441878\Adrenal-ACC-Ki67-Seg\Adrenal_Ki67_Seg_005\01-04-2005-NA-CT THORAX WCONTRAST-96702\5.000000-No series description-34385\1-017.dcm,3.0008003952190747,0.9896868569543478,0.46902736826785096,81.58614588638983,0.2190518833327177
Adrenal_Ki67_Seg_005,1-018.dcm,E:\Computer vision\Projects\dataset\manifest-1788901441878\Adrenal-ACC-Ki67-Seg\Adrenal_Ki67_Seg_005\01-04-2005-NA-CT THORAX WCONTRAST-96702\5.000000-No series description-34385\1-018.dcm,2.9803769133849825,0.9896804647123677,0.4731698339765502,81.47976225581245,0.21891027890783013
Adrenal_Ki67_Seg_005,1-019.dcm,E:\Computer vision\Projects\dataset\manifest-1788901441878\Adrenal-ACC-Ki67-Seg\Adrenal_Ki67_Seg_005\01-04-2005-NA-CT THORAX WCONTRAST-96702\5.000000-No series description-34385\1-019.dcm,3.0112897851953693,0.9897629895605895,0.474657656735301,86.80815024452265,0.21866578665814249
Adrenal_Ki67_Seg_005,1-020.dcm,E:\Computer vision\Projects\dataset\manifest-1788901441878\Adrenal-ACC-Ki67-Seg\Adrenal_Ki67_Seg_005\01-04-2005-NA-CT THORAX WCONTRAST-96702\5.000000-No series description-34385\1-020.dcm,3.0374615599664523,0.9897548304339172,0.467704479925511,85.08853366829936,0.2187779151761402
Adrenal_Ki67_Seg_005,1-021.dcm,E:\Computer vision\Projects\dataset\manifest-1788901441878\Adrenal-ACC-Ki67-Seg\Adrenal_Ki67_Seg_005\01-04-2005-NA-CT THORAX WCONTRAST-96702\5.000000-No series description-34385\1-021.dcm,3.0386066229832145,0.9896617452963966,0.46287720432249124,80.2229158129756,0.2183835772775946
Adrenal_Ki67_Seg_005,1-022.dcm,E:\Computer vision\Projects\dataset\manifest-1788901441878\Adrenal-ACC-Ki67-Seg\Adrenal_Ki67_Seg_005\01-04-2005-NA-CT THORAX WCONTRAST-96702\5.000000-No series description-34385\1-022.dcm,2.9322957556075537,0.9896874244508924,0.47426542520655557,77.66259320391697,0.21868411867385243
Adrenal_Ki67_Seg_005,1-023.dcm,E:\Computer vision\Projects\dataset\manifest-1788901441878\Adrenal-ACC-Ki67-Seg\Adrenal_Ki67_Seg_005\01-04-2005-NA-CT THORAX WCONTRAST-96702\5.000000-No series description-34385\1-023.dcm,2.8587168400856307,0.9897728353935576,0.4840570847852592,78.32616679623624,0.2196409593842194
Adrenal_Ki67_Seg_005,1-024.dcm,E:\Computer vision\Projects\dataset\manifest-1788901441878\Adrenal-ACC-Ki67-Seg\Adrenal_Ki67_Seg_005\01-04-2005-NA-CT THORAX WCONTRAST-96702\5.000000-No series description-34385\1-024.dcm,2.8545501893758063,0.9897808360080902,0.47978419633368485,75.31521784919636,0.2199039694147606
Adrenal_Ki67_Seg_005,1-025.dcm,E:\Computer vision\Projects\dataset\manifest-1788901441878\Adrenal-ACC-Ki67-Seg\Adrenal_Ki67_Seg_005\01-04-2005-NA-CT THORAX WCONTRAST-96702\5.000000-No series description-34385\1-025.dcm,2.944883789507547,0.9898087670626505,0.4710074800734213,78.09486406685023,0.21861732672982062
Adrenal_Ki67_Seg_005,1-026.dcm,E:\Computer vision\Projects\dataset\manifest-1788901441878\Adrenal-ACC-Ki67-Seg\Adrenal_Ki67_Seg_005\01-04-2005-NA-CT THORAX WCONTRAST-96702\5.000000-No series description-34385\1-026.dcm,2.926558951597152,0.989901748884487,0.47371322411102706,78.66611264509558,0.21787023244684067
Adrenal_Ki67_Seg_005,1-027.dcm,E:\Computer vision\Projects\dataset\manifest-1788901441878\Adrenal-ACC-Ki67-Seg\Adrenal_Ki67_Seg_005\01-04-2005-NA-CT THORAX WCONTRAST-96702\5.000000-No series description-34385\1-027.dcm,2.9501801846653466,0.9899335099984519,0.4712401874124562,79.67198348658285,0.21800705452086663
Adrenal_Ki67_Seg_005,1-028.dcm,E:\Computer vision\Projects\dataset\manifest-1788901441878\Adrenal-ACC-Ki67-Seg\Adrenal_Ki67_Seg_005\01-04-2005-NA-CT THORAX WCONTRAST-96702\5.000000-No series description-34385\1-028.dcm,3.1267879642005045,0.9898678862609263,0.45615364369462275,83.62836386196437,0.2172179992217446
Adrenal_Ki67_Seg_005,1-029.dcm,E:\Computer vision\Projects\dataset\manifest-1788901441878\Adrenal-ACC-Ki67-Seg\Adrenal_Ki67_Seg_005\01-04-2005-NA-CT THORAX WCONTRAST-96702\5.000000-No series description-34385\1-029.dcm,3.1574787167634923,0.9899046607313912,0.45545158047163037,85.32091252714258,0.21656249806361325
Adrenal_Ki67_Seg_005,1-030.dcm,E:\Computer vision\Projects\dataset\manifest-1788901441878\Adrenal-ACC-Ki67-Seg\Adrenal_Ki67_Seg_005\01-04-2005-NA-CT THORAX WCONTRAST-96702\5.000000-No series description-34385\1-030.dcm,2.9801969202017458,0.989954423427775,0.4715414141829565,80.4642292270633,0.21762470749522825
Adrenal_Ki67_Seg_005,1-031.dcm,E:\Computer vision\Projects\dataset\manifest-1788901441878\Adrenal-ACC-Ki67-Seg\Adrenal_Ki67_Seg_005\01-04-2005-NA-CT THORAX WCONTRAST-96702\5.000000-No series description-34385\1-031.dcm,2.9769991689676436,0.9899732429616104,0.4708203434770955,80.50704845646271,0.21815785109507976
Adrenal_Ki67_Seg_005,1-032.dcm,E:\Computer vision\Projects\dataset\manifest-1788901441878\Adrenal-ACC-Ki67-Seg\Adrenal_Ki67_Seg_005\01-04-2005-NA-CT THORAX WCONTRAST-96702\5.000000-No series description-34385\1-032.dcm,3.1154445640143846,0.9900402269266919,0.45937391013316686,85.34280276193795,0.21748720184099574
Adrenal_Ki67_Seg_005,1-033.dcm,E:\Computer vision\Projects\dataset\manifest-1788901441878\Adrenal-ACC-Ki67-Seg\Adrenal_Ki67_Seg_005\01-04-2005-NA-CT THORAX WCONTRAST-96702\5.000000-No series description-34385\1-033.dcm,2.936688355206974,0.99014021742551,0.4708580569149964,76.5291454919367,0.21813539960749354
Adrenal_Ki67_Seg_005,1-034.dcm,E:\Computer vision\Projects\dataset\manifest-1788901441878\Adrenal-ACC-Ki67-Seg\Adrenal_Ki67_Seg_005\01-04-2005-NA-CT THORAX WCONTRAST-96702\5.000000-No series description-34385\1-034.dcm,2.8678275588711752,0.9902490838289548,0.4787958890929166,76.11701854695717,0.21880420438578732
Adrenal_Ki67_Seg_005,1-035.dcm,E:\Computer vision\Projects\dataset\manifest-1788901441878\Adrenal-ACC-Ki67-Seg\Adrenal_Ki67_Seg_005\01-04-2005-NA-CT THORAX WCONTRAST-96702\5.000000-No series description-34385\1-035.dcm,2.9205808801283695,0.9902687223473242,0.4715999915435216,74.784383485051,0.2186824548731126
Adrenal_Ki67_Seg_005,1-036.dcm,E:\Computer vision\Projects\dataset\manifest-1788901441878\Adrenal-ACC-Ki67-Seg\Adrenal_Ki67_Seg_005\01-04-2005-NA-CT THORAX WCONTRAST-96702\5.000000-No series description-34385\1-036.dcm,3.049915556389567,0.9903173315861061,0.4605966443802907,78.32514811141195,0.2177570321686176
Adrenal_Ki67_Seg_005,1-037.dcm,E:\Computer vision\Projects\dataset\manifest-1788901441878\Adrenal-ACC-Ki67-Seg\Adrenal_Ki67_Seg_005\01-04-2005-NA-CT THORAX WCONTRAST-96702\5.000000-No series description-34385\1-037.dcm,2.9226105904925306,0.9904508275278467,0.4725050905086513,74.93485778623703,0.21797377335536028
Adrenal_Ki67_Seg_005,1-038.dcm,E:\Computer vision\Projects\dataset\manifest-1788901441878\Adrenal-ACC-Ki67-Seg\Adrenal_Ki67_Seg_005\01-04-2005-NA-CT THORAX WCONTRAST-96702\5.000000-No series description-34385\1-038.dcm,2.7929274167914495,0.9904986007992074,0.4850208733219204,70.45918175864828,0.21939714901797727
Adrenal_Ki67_Seg_005,1-039.dcm,E:\Computer vision\Projects\dataset\manifest-1788901441878\Adrenal-ACC-Ki67-Seg\Adrenal_Ki67_Seg_005\01-04-2005-NA-CT THORAX WCONTRAST-96702\5.000000-No series description-34385\1-039.dcm,2.9518652272318198,0.9904084938742126,0.4692579906017671,74.3748606967651,0.21806056238215935
Adrenal_Ki67_Seg_005,1-040.dcm,E:\Computer vision\Projects\dataset\manifest-1788901441878\Adrenal-ACC-Ki67-Seg\Adrenal_Ki67_Seg_005\01-04-2005-NA-CT THORAX WCONTRAST-96702\5.000000-No series description-34385\1-040.dcm,3.127010083447904,0.99030883679383,0.45798699861226666,80.45562019140552,0.2166643450300742
Adrenal_Ki67_Seg_005,1-041.dcm,E:\Computer vision\Projects\dataset\manifest-1788901441878\Adrenal-ACC-Ki67-Seg\Adrenal_Ki67_Seg_005\01-04-2005-NA-CT THORAX WCONTRAST-96702\5.000000-No series description-34385\1-041.dcm,3.0638094982785757,0.9903840054717644,0.4661633318745999,80.42552303338299,0.21670198524794418
Adrenal_Ki67_Seg_005,1-042.dcm,E:\Computer vision\Projects\dataset\manifest-1788901441878\Adrenal-ACC-Ki67-Seg\Adrenal_Ki67_Seg_005\01-04-2005-NA-CT THORAX WCONTRAST-96702\5.000000-No series description-34385\1-042.dcm,3.0031403066011544,0.9903786568860259,0.4710842901171344,78.86331241072148,0.2171285427036067
Adrenal_Ki67_Seg_005,1-043.dcm,E:\Computer vision\Projects\dataset\manifest-1788901441878\Adrenal-ACC-Ki67-Seg\Adrenal_Ki67_Seg_005\01-04-2005-NA-CT THORAX WCONTRAST-96702\5.000000-No series description-34385\1-043.dcm,2.976474507986719,0.9902535901887703,0.46918727963112217,73.92951160573068,0.2173046944794988
Adrenal_Ki67_Seg_005,1-044.dcm,E:\Computer vision\Projects\dataset\manifest-1788901441878\Adrenal-ACC-Ki67-Seg\Adrenal_Ki67_Seg_005\01-04-2005-NA-CT THORAX WCONTRAST-96702\5.000000-No series description-34385\1-044.dcm,3.0274623641913134,0.9902241189192389,0.4669061012983751,76.6948809172759,0.21705905477286289
Adrenal_Ki67_Seg_005,1-045.dcm,E:\Computer vision\Projects\dataset\manifest-1788901441878\Adrenal-ACC-Ki67-Seg\Adrenal_Ki67_Seg_005\01-04-2005-NA-CT THORAX WCONTRAST-96702\5.000000-No series description-34385\1-045.dcm,2.871756771764814,0.9903490912398085,0.47926961915049054,72.16101347651087,0.2174612099701428
Adrenal_Ki67_Seg_005,1-046.dcm,E:\Computer vision\Projects\dataset\manifest-1788901441878\Adrenal-ACC-Ki67-Seg\Adrenal_Ki67_Seg_005\01-04-2005-NA-CT THORAX WCONTRAST-96702\5.000000-No series description-34385\1-046.dcm,2.9228556875931084,0.9903304536596164,0.474937245291309,73.95770926122373,0.21752786230914883
Adrenal_Ki67_Seg_005,1-047.dcm,E:\Computer vision\Projects\dataset\manifest-1788901441878\Adrenal-ACC-Ki67-Seg\Adrenal_Ki67_Seg_005\01-04-2005-NA-CT THORAX WCONTRAST-96702\5.000000-No series description-34385\1-047.dcm,2.9803424466052144,0.9901575326905784,0.4688244091963055,73.26588056877847,0.2175297389244673
Adrenal_Ki67_Seg_005,1-048.dcm,E:\Computer vision\Projects\dataset\manifest-1788901441878\Adrenal-ACC-Ki67-Seg\Adrenal_Ki67_Seg_005\01-04-2005-NA-CT THORAX WCONTRAST-96702\5.000000-No series description-34385\1-048.dcm,3.0351522857219457,0.990067220278508,0.4684084326630895,77.5762730688072,0.2169430270341719
Adrenal_Ki67_Seg_005,1-049.dcm,E:\Computer vision\Projects\dataset\manifest-1788901441878\Adrenal-ACC-Ki67-Seg\Adrenal_Ki67_Seg_005\01-04-2005-NA-CT THORAX WCONTRAST-96702\5.000000-No series description-34385\1-049.dcm,2.921905936328369,0.9901728839131376,0.4783398897037491,74.88750043083475,0.21742847641027727
Adrenal_Ki67_Seg_005,1-050.dcm,E:\Computer vision\Projects\dataset\manifest-1788901441878\Adrenal-ACC-Ki67-Seg\Adrenal_Ki67_Seg_005\01-04-2005-NA-CT THORAX WCONTRAST-96702\5.000000-No series description-34385\1-050.dcm,2.9736673802566624,0.9902406906994534,0.47182762496201563,76.06116321552078,0.2174398260255824
Adrenal_Ki67_Seg_005,1-051.dcm,E:\Computer vision\Projects\dataset\manifest-1788901441878\Adrenal-ACC-Ki67-Seg\Adrenal_Ki67_Seg_005\01-04-2005-NA-CT THORAX WCONTRAST-96702\5.000000-No series description-34385\1-051.dcm,3.065391140505743,0.9902247261905336,0.46305787776340507,78.00811884145666,0.2168435309134714
Adrenal_Ki67_Seg_005,1-052.dcm,E:\Computer vision\Projects\dataset\manifest-1788901441878\Adrenal-ACC-Ki67-Seg\Adrenal_Ki67_Seg_005\01-04-2005-NA-CT THORAX WCONTRAST-96702\5.000000-No series description-34385\1-052.dcm,3.080629286805734,0.9902572492807098,0.4648768364545627,80.95350814373414,0.21644732631122152
Adrenal_Ki67_Seg_005,1-053.dcm,E:\Computer vision\Projects\dataset\manifest-1788901441878\Adrenal-ACC-Ki67-Seg\Adrenal_Ki67_Seg_005\01-04-2005-NA-CT THORAX WCONTRAST-96702\5.000000-No series description-34385\1-053.dcm,3.0255360541664595,0.9903588413277681,0.4694919319330335,81.45427981663673,0.21673825422988616
Adrenal_Ki67_Seg_005,1-054.dcm,E:\Computer vision\Projects\dataset\manifest-1788901441878\Adrenal-ACC-Ki67-Seg\Adrenal_Ki67_Seg_005\01-04-2005-NA-CT THORAX WCONTRAST-96702\5.000000-No series description-34385\1-054.dcm,2.9868183715595453,0.9904455696625722,0.4661244432560754,77.2381348110646,0.216931894694681
Adrenal_Ki67_Seg_005,1-055.dcm,E:\Computer vision\Projects\dataset\manifest-1788901441878\Adrenal-ACC-Ki67-Seg\Adrenal_Ki67_Seg_005\01-04-2005-NA-CT THORAX WCONTRAST-96702\5.000000-No series description-34385\1-055.dcm,2.8996174187445667,0.9904959259128606,0.47024795221518617,72.54677716460951,0.21707353581699917
Adrenal_Ki67_Seg_005,1-056.dcm,E:\Computer vision\Projects\dataset\manifest-1788901441878\Adrenal-ACC-Ki67-Seg\Adrenal_Ki67_Seg_005\01-04-2005-NA-CT THORAX WCONTRAST-96702\5.000000-No series description-34385\1-056.dcm,2.8817674564665423,0.9905770687665139,0.4762583449436081,75.36652356570326,0.2168332947771381
Adrenal_Ki67_Seg_005,1-057.dcm,E:\Computer vision\Projects\dataset\manifest-1788901441878\Adrenal-ACC-Ki67-Seg\Adrenal_Ki67_Seg_005\01-04-2005-NA-CT THORAX WCONTRAST-96702\5.000000-No series description-34385\1-057.dcm,2.872097609920305,0.9905791259664071,0.47582398587011027,75.04882027872137,0.21684404967143117
Adrenal_Ki67_Seg_005,1-058.dcm,E:\Computer vision\Projects\dataset\manifest-1788901441878\Adrenal-ACC-Ki67-Seg\Adrenal_Ki67_Seg_005\01-04-2005-NA-CT THORAX WCONTRAST-96702\5.000000-No series description-34385\1-058.dcm,3.0029641430601135,0.9904498508254896,0.4650501046827411,77.4235277897986,0.21650551243914898
Adrenal_Ki67_Seg_005,1-059.dcm,E:\Computer vision\Projects\dataset\manifest-1788901441878\Adrenal-ACC-Ki67-Seg\Adrenal_Ki67_Seg_005\01-04-2005-NA-CT THORAX WCONTRAST-96702\5.000000-No series description-34385\1-059.dcm,2.9893918911156128,0.9904299595508017,0.4680513290883453,76.54619505899564,0.21624837451036133
Adrenal_Ki67_Seg_005,1-060.dcm,E:\Computer vision\Projects\dataset\manifest-1788901441878\Adrenal-ACC-Ki67-Seg\Adrenal_Ki67_Seg_005\01-04-2005-NA-CT THORAX WCONTRAST-96702\5.000000-No series description-34385\1-060.dcm,2.8825410441902415,0.9905399307272691,0.4781468868018376,74.70453927489555,0.2164552700944382
Adrenal_Ki67_Seg_005,1-061.dcm,E:\Computer vision\Projects\dataset\manifest-1788901441878\Adrenal-ACC-Ki67-Seg\Adrenal_Ki67_Seg_005\01-04-2005-NA-CT THORAX WCONTRAST-96702\5.000000-No series description-34385\1-061.dcm,2.899042972415087,0.9906878083007217,0.4740473385546421,74.47038346207313,0.21639013818757963
Adrenal_Ki67_Seg_005,1-062.dcm,E:\Computer vision\Projects\dataset\manifest-1788901441878\Adrenal-ACC-Ki67-Seg\Adrenal_Ki67_Seg_005\01-04-2005-NA-CT THORAX WCONTRAST-96702\5.000000-No series description-34385\1-062.dcm,2.9564837757208347,0.9908318378010116,0.467121606226001,72.97544050459365,0.21590148231045164
Adrenal_Ki67_Seg_005,1-063.dcm,E:\Computer vision\Projects\dataset\manifest-1788901441878\Adrenal-ACC-Ki67-Seg\Adrenal_Ki67_Seg_005\01-04-2005-NA-CT THORAX WCONTRAST-96702\5.000000-No series description-34385\1-063.dcm,2.958904109589041,0.9911669350171973,0.46973781123067876,72.67227836903199,0.21560297800202669
Adrenal_Ki67_Seg_005,1-064.dcm,E:\Computer vision\Projects\dataset\manifest-1788901441878\Adrenal-ACC-Ki67-Seg\Adrenal_Ki67_Seg_005\01-04-2005-NA-CT THORAX WCONTRAST-96702\5.000000-No series description-34385\1-064.dcm,2.9250385836451303,0.9915033962033147,0.47516608009167605,71.66369997051176,0.2155207466401228
Adrenal_Ki67_Seg_005,1-065.dcm,E:\Computer vision\Projects\dataset\manifest-1788901441878\Adrenal-ACC-Ki67-Seg\Adrenal_Ki67_Seg_005\01-04-2005-NA-CT THORAX WCONTRAST-96702\5.000000-No series description-34385\1-065.dcm,3.0272938599346664,0.9916435099680954,0.46603848943685217,73.72774307696433,0.21520989398522777
Adrenal_Ki67_Seg_005,1-066.dcm,E:\Computer vision\Projects\dataset\manifest-1788901441878\Adrenal-ACC-Ki67-Seg\Adrenal_Ki67_Seg_005\01-04-2005-NA-CT THORAX WCONTRAST-96702\5.000000-No series description-34385\1-066.dcm,3.0116957272682017,0.9916608747579028,0.4682253057566985,70.93573860394224,0.21534377970232585
Adrenal_Ki67_Seg_005,1-067.dcm,E:\Computer vision\Projects\dataset\manifest-1788901441878\Adrenal-ACC-Ki67-Seg\Adrenal_Ki67_Seg_005\01-04-2005-NA-CT THORAX WCONTRAST-96702\5.000000-No series description-34385\1-067.dcm,2.9111599603249068,0.9917886568089637,0.4790665145180585,68.00770141045723,0.21541956255012576
Adrenal_Ki67_Seg_005,1-068.dcm,E:\Computer vision\Projects\dataset\manifest-1788901441878\Adrenal-ACC-Ki67-Seg\Adrenal_Ki67_Seg_005\01-04-2005-NA-CT THORAX WCONTRAST-96702\5.000000-No series description-34385\1-068.dcm,2.8054733246272807,0.9919339516473364,0.48904548249160096,64.69464347945971,0.2157821596648026
Adrenal_Ki67_Seg_005,1-069.dcm,E:\Computer vision\Projects\dataset\manifest-1788901441878\Adrenal-ACC-Ki67-Seg\Adrenal_Ki67_Seg_005\01-04-2005-NA-CT THORAX WCONTRAST-96702\5.000000-No series description-34385\1-069.dcm,2.8586402472417003,0.9919782945194645,0.48199259175825176,63.694114988836596,0.21561568083946192
Adrenal_Ki67_Seg_005,1-070.dcm,E:\Computer vision\Projects\dataset\manifest-1788901441878\Adrenal-ACC-Ki67-Seg\Adrenal_Ki67_Seg_005\01-04-2005-NA-CT THORAX WCONTRAST-96702\5.000000-No series description-34385\1-070.dcm,2.8627954090249346,0.9920541409516308,0.48221431491112837,62.798901658618036,0.21539697428059934
Adrenal_Ki67_Seg_005,1-071.dcm,E:\Computer vision\Projects\dataset\manifest-1788901441878\Adrenal-ACC-Ki67-Seg\Adrenal_Ki67_Seg_005\01-04-2005-NA-CT THORAX WCONTRAST-96702\5.000000-No series description-34385\1-071.dcm,2.8751957904572976,0.992180944168092,0.48462066212431276,64.57155111997886,0.21478826359722233
Adrenal_Ki67_Seg_005,1-072.dcm,E:\Computer vision\Projects\dataset\manifest-1788901441878\Adrenal-ACC-Ki67-Seg\Adrenal_Ki67_Seg_005\01-04-2005-NA-CT THORAX WCONTRAST-96702\5.000000-No series description-34385\1-072.dcm,2.9307638987289417,0.9922512721597428,0.4797806492037311,66.84667261537754,0.21437470531853406
Adrenal_Ki67_Seg_005,1-073.dcm,E:\Computer vision\Projects\dataset\manifest-1788901441878\Adrenal-ACC-Ki67-Seg\Adrenal_Ki67_Seg_005\01-04-2005-NA-CT THORAX WCONTRAST-96702\5.000000-No series description-34385\1-073.dcm,2.9099574526751963,0.9922420069733681,0.4779259751241464,64.46732740760031,0.21456190283050874
Adrenal_Ki67_Seg_005,1-074.dcm,E:\Computer vision\Projects\dataset\manifest-1788901441878\Adrenal-ACC-Ki67-Seg\Adrenal_Ki67_Seg_005\01-04-2005-NA-CT THORAX WCONTRAST-96702\5.000000-No series description-34385\1-074.dcm,2.9813151757231324,0.9923439061952156,0.4752577230511239,68.54285178135808,0.21420750624989018
Adrenal_Ki67_Seg_005,1-075.dcm,E:\Computer vision\Projects\dataset\manifest-1788901441878\Adrenal-ACC-Ki67-Seg\Adrenal_Ki67_Seg_005\01-04-2005-NA-CT THORAX WCONTRAST-96702\5.000000-No series description-34385\1-075.dcm,2.8857464547087366,0.9924880200511531,0.48367893277029395,67.24027175141026,0.21439750032666685
Adrenal_Ki67_Seg_005,1-076.dcm,E:\Computer vision\Projects\dataset\manifest-1788901441878\Adrenal-ACC-Ki67-Seg\Adrenal_Ki67_Seg_005\01-04-2005-NA-CT THORAX WCONTRAST-96702\5.000000-No series description-34385\1-076.dcm,2.906418863285603,0.9925548909017398,0.4779834181758529,67.19083107065308,0.2141485102912198
Adrenal_Ki67_Seg_005,1-077.dcm,E:\Computer vision\Projects\dataset\manifest-1788901441878\Adrenal-ACC-Ki67-Seg\Adrenal_Ki67_Seg_005\01-04-2005-NA-CT THORAX WCONTRAST-96702\5.000000-No series description-34385\1-077.dcm,2.945416109772864,0.99245438416005,0.47322751206509334,66.42967819516622,0.21420692771952254
Adrenal_Ki67_Seg_005,1-078.dcm,E:\Computer vision\Projects\dataset\manifest-1788901441878\Adrenal-ACC-Ki67-Seg\Adrenal_Ki67_Seg_005\01-04-2005-NA-CT THORAX WCONTRAST-96702\5.000000-No series description-34385\1-078.dcm,2.8091076550717866,0.9924372956722177,0.4850062699043145,61.07028159359071,0.21438636729072677
Adrenal_Ki67_Seg_005,1-079.dcm,E:\Computer vision\Projects\dataset\manifest-1788901441878\Adrenal-ACC-Ki67-Seg\Adrenal_Ki67_Seg_005\01-04-2005-NA-CT THORAX WCONTRAST-96702\5.000000-No series description-34385\1-079.dcm,2.852508990085056,0.9924549192734392,0.48539029390015465,64.61625070369675,0.21389716563681202
Adrenal_Ki67_Seg_005,1-080.dcm,E:\Computer vision\Projects\dataset\manifest-1788901441878\Adrenal-ACC-Ki67-Seg\Adrenal_Ki67_Seg_005\01-04-2005-NA-CT THORAX WCONTRAST-96702\5.000000-No series description-34385\1-080.dcm,3.0844129732959047,0.9923827894772936,0.46488832268164026,71.17452445418024,0.21288396769830176
Adrenal_Ki67_Seg_005,1-081.dcm,E:\Computer vision\Projects\dataset\manifest-1788901441878\Adrenal-ACC-Ki67-Seg\Adrenal_Ki67_Seg_005\01-04-2005-NA-CT THORAX WCONTRAST-96702\5.000000-No series description-34385\1-081.dcm,3.0835436445172926,0.9923490868449173,0.4637757435964013,68.76568334220535,0.21292860682117776
Adrenal_Ki67_Seg_005,1-082.dcm,E:\Computer vision\Projects\dataset\manifest-1788901441878\Adrenal-ACC-Ki67-Seg\Adrenal_Ki67_Seg_005\01-04-2005-NA-CT THORAX WCONTRAST-96702\5.000000-No series description-34385\1-082.dcm,2.9283627130717176,0.9924016325377044,0.47749472278702965,64.16094071330915,0.21323006318918403
Adrenal_Ki67_Seg_005,1-083.dcm,E:\Computer vision\Projects\dataset\manifest-1788901441878\Adrenal-ACC-Ki67-Seg\Adrenal_Ki67_Seg_005\01-04-2005-NA-CT THORAX WCONTRAST-96702\5.000000-No series description-34385\1-083.dcm,2.9723231758456805,0.9923882055298113,0.47644614780040856,66.83246464282843,0.2130233329593584
Adrenal_Ki67_Seg_005,1-084.dcm,E:\Computer vision\Projects\dataset\manifest-1788901441878\Adrenal-ACC-Ki67-Seg\Adrenal_Ki67_Seg_005\01-04-2005-NA-CT THORAX WCONTRAST-96702\5.000000-No series description-34385\1-084.dcm,3.0075137579895914,0.9922882655587918,0.47121703576576746,65.85913427108505,0.2130155858036766
Adrenal_Ki67_Seg_005,1-085.dcm,E:\Computer vision\Projects\dataset\manifest-1788901441878\Adrenal-ACC-Ki67-Seg\Adrenal_Ki67_Seg_005\01-04-2005-NA-CT THORAX WCONTRAST-96702\5.000000-No series description-34385\1-085.dcm,3.1203311874571558,0.9922873796938625,0.4659299537366819,70.41913136055697,0.21275161217794533
Adrenal_Ki67_Seg_005,1-086.dcm,E:\Computer vision\Projects\dataset\manifest-1788901441878\Adrenal-ACC-Ki67-Seg\Adrenal_Ki67_Seg_005\01-04-2005-NA-CT THORAX WCONTRAST-96702\5.000000-No series description-34385\1-086.dcm,2.958172647929504,0.9923291309254478,0.48109143536467547,66.65593728577939,0.2131046654258573
Adrenal_Ki67_Seg_005,1-087.dcm,E:\Computer vision\Projects\dataset\manifest-1788901441878\Adrenal-ACC-Ki67-Seg\Adrenal_Ki67_Seg_005\01-04-2005-NA-CT THORAX WCONTRAST-96702\5.000000-No series description-34385\1-087.dcm,3.0265279314953606,0.9922817799759247,0.4760909296515493,70.83937331735096,0.2127492722668821
Adrenal_Ki67_Seg_005,1-088.dcm,E:\Computer vision\Projects\dataset\manifest-1788901441878\Adrenal-ACC-Ki67-Seg\Adrenal_Ki67_Seg_005\01-04-2005-NA-CT THORAX WCONTRAST-96702\5.000000-No series description-34385\1-088.dcm,3.1566706622600247,0.9921001913099894,0.46826749337333684,75.64076807303894,0.21265017706457523
Adrenal_Ki67_Seg_005,1-089.dcm,E:\Computer vision\Projects\dataset\manifest-1788901441878\Adrenal-ACC-Ki67-Seg\Adrenal_Ki67_Seg_005\01-04-2005-NA-CT THORAX WCONTRAST-96702\5.000000-No series description-34385\1-089.dcm,2.9838503988572347,0.9919734896674325,0.4832961642102883,69.35298195089634,0.21341605206459777
Adrenal_Ki67_Seg_005,1-090.dcm,E:\Computer vision\Projects\dataset\manifest-1788901441878\Adrenal-ACC-Ki67-Seg\Adrenal_Ki67_Seg_005\01-04-2005-NA-CT THORAX WCONTRAST-96702\5.000000-No series description-34385\1-090.dcm,2.8798641242948673,0.9919148529608988,0.4963819336525981,68.36126163732523,0.21370101298015182
Adrenal_Ki67_Seg_005,1-091.dcm,E:\Computer vision\Projects\dataset\manifest-1788901441878\Adrenal-ACC-Ki67-Seg\Adrenal_Ki67_Seg_005\01-04-2005-NA-CT THORAX WCONTRAST-96702\5.000000-No series description-34385\1-091.dcm,2.857698155261354,0.9918292779464158,0.49946794895527635,67.86854753160412,0.2140345659130738
Adrenal_Ki67_Seg_005,1-092.dcm,E:\Computer vision\Projects\dataset\manifest-1788901441878\Adrenal-ACC-Ki67-Seg\Adrenal_Ki67_Seg_005\01-04-2005-NA-CT THORAX WCONTRAST-96702\5.000000-No series description-34385\1-092.dcm,2.933586345027784,0.9916593877802129,0.4933346781090976,71.06305888840805,0.2140194354639238
Adrenal_Ki67_Seg_005,1-093.dcm,E:\Computer vision\Projects\dataset\manifest-1788901441878\Adrenal-ACC-Ki67-Seg\Adrenal_Ki67_Seg_005\01-04-2005-NA-CT THORAX WCONTRAST-96702\5.000000-No series description-34385\1-093.dcm,2.846048383699511,0.9914832091188546,0.5070454129601722,70.86025635624864,0.21458016078508918
Adrenal_Ki67_Seg_005,1-094.dcm,E:\Computer vision\Projects\dataset\manifest-1788901441878\Adrenal-ACC-Ki67-Seg\Adrenal_Ki67_Seg_005\01-04-2005-NA-CT THORAX WCONTRAST-96702\5.000000-No series description-34385\1-094.dcm,2.7528195740671952,0.9913254956509966,0.5220478115819107,69.96268779607921,0.21527749180041023
Adrenal_Ki67_Seg_005,1-095.dcm,E:\Computer vision\Projects\dataset\manifest-1788901441878\Adrenal-ACC-Ki67-Seg\Adrenal_Ki67_Seg_005\01-04-2005-NA-CT THORAX WCONTRAST-96702\5.000000-No series description-34385\1-095.dcm,2.81293346762612,0.9911437410175323,0.5195276385529286,72.9905216355636,0.21537678154834758
Adrenal_Ki67_Seg_005,1-096.dcm,E:\Computer vision\Projects\dataset\manifest-1788901441878\Adrenal-ACC-Ki67-Seg\Adrenal_Ki67_Seg_005\01-04-2005-NA-CT THORAX WCONTRAST-96702\5.000000-No series description-34385\1-096.dcm,2.8046537811972225,0.9909900568023953,0.5207075998324845,71.69310013365451,0.21588223483184488
Adrenal_Ki67_Seg_005,1-097.dcm,E:\Computer vision\Projects\dataset\manifest-1788901441878\Adrenal-ACC-Ki67-Seg\Adrenal_Ki67_Seg_005\01-04-2005-NA-CT THORAX WCONTRAST-96702\5.000000-No series description-34385\1-097.dcm,2.8089008543931744,0.9908305395241661,0.5315965523335047,74.90550740844282,0.21622859206322884
Adrenal_Ki67_Seg_005,1-098.dcm,E:\Computer vision\Projects\dataset\manifest-1788901441878\Adrenal-ACC-Ki67-Seg\Adrenal_Ki67_Seg_005\01-04-2005-NA-CT THORAX WCONTRAST-96702\5.000000-No series description-34385\1-098.dcm,2.641082103699051,0.9907251923146004,0.5527231432235535,69.0430107115092,0.21759300615667343
Adrenal_Ki67_Seg_005,1-099.dcm,E:\Computer vision\Projects\dataset\manifest-1788901441878\Adrenal-ACC-Ki67-Seg\Adrenal_Ki67_Seg_005\01-04-2005-NA-CT THORAX WCONTRAST-96702\5.000000-No series description-34385\1-099.dcm,2.6260354395088865,0.9905597015711607,0.551864522264428,68.09822649269879,0.2179469259696057
Adrenal_Ki67_Seg_005,1-100.dcm,E:\Computer vision\Projects\dataset\manifest-1788901441878\Adrenal-ACC-Ki67-Seg\Adrenal_Ki67_Seg_005\01-04-2005-NA-CT THORAX WCONTRAST-96702\5.000000-No series description-34385\1-100.dcm,2.6066459610678576,0.9903389897593078,0.5560070085813714,69.99837623170868,0.21813205609227615
Adrenal_Ki67_Seg_005,1-101.dcm,E:\Computer vision\Projects\dataset\manifest-1788901441878\Adrenal-ACC-Ki67-Seg\Adrenal_Ki67_Seg_005\01-04-2005-NA-CT THORAX WCONTRAST-96702\5.000000-No series description-34385\1-101.dcm,2.565197743574818,0.9899448159938712,0.5683267002915917,72.94475358167287,0.21841678488648844
Adrenal_Ki67_Seg_005,1-102.dcm,E:\Computer vision\Projects\dataset\manifest-1788901441878\Adrenal-ACC-Ki67-Seg\Adrenal_Ki67_Seg_005\01-04-2005-NA-CT THORAX WCONTRAST-96702\5.000000-No series description-34385\1-102.dcm,2.6791832139123244,0.9894254620334048,0.5644557236511293,83.0679838082728,0.2181447708285274
Adrenal_Ki67_Seg_005,1-103.dcm,E:\Computer vision\Projects\dataset\manifest-1788901441878\Adrenal-ACC-Ki67-Seg\Adrenal_Ki67_Seg_005\01-04-2005-NA-CT THORAX WCONTRAST-96702\5.000000-No series description-34385\1-103.dcm,2.6028546152932934,0.9891347020932001,0.567860087650684,78.24424692001027,0.21966827824566626
Adrenal_Ki67_Seg_005,1-104.dcm,E:\Computer vision\Projects\dataset\manifest-1788901441878\Adrenal-ACC-Ki67-Seg\Adrenal_Ki67_Seg_005\01-04-2005-NA-CT THORAX WCONTRAST-96702\5.000000-No series description-34385\1-104.dcm,2.4911439524205248,0.9889418826556318,0.5769176678649703,71.41925773874948,0.22138109158121147
Adrenal_Ki67_Seg_005,1-105.dcm,E:\Computer vision\Projects\dataset\manifest-1788901441878\Adrenal-ACC-Ki67-Seg\Adrenal_Ki67_Seg_005\01-04-2005-NA-CT THORAX WCONTRAST-96702\5.000000-No series description-34385\1-105.dcm,2.599381129821041,0.9888424585987075,0.5765234017601499,80.81379513712034,0.2209742669633888
Adrenal_Ki67_Seg_005,1-106.dcm,E:\Computer vision\Projects\dataset\manifest-1788901441878\Adrenal-ACC-Ki67-Seg\Adrenal_Ki67_Seg_005\01-04-2005-NA-CT THORAX WCONTRAST-96702\5.000000-No series description-34385\1-106.dcm,2.7267090735712562,0.9886316030380323,0.5655132569903096,89.2156241742334,0.2198422579557213
Adrenal_Ki67_Seg_005,1-107.dcm,E:\Computer vision\Projects\dataset\manifest-1788901441878\Adrenal-ACC-Ki67-Seg\Adrenal_Ki67_Seg_005\01-04-2005-NA-CT THORAX WCONTRAST-96702\5.000000-No series description-34385\1-107.dcm,2.7067374895163545,0.9884709474482625,0.5634651857611588,85.74888270188916,0.22073331626231
Adrenal_Ki67_Seg_005,1-108.dcm,E:\Computer vision\Projects\dataset\manifest-1788901441878\Adrenal-ACC-Ki67-Seg\Adrenal_Ki67_Seg_005\01-04-2005-NA-CT THORAX WCONTRAST-96702\5.000000-No series description-34385\1-108.dcm,2.6166106900632276,0.9884414865950986,0.5718379703693885,79.87254950769949,0.22184679839249793
Adrenal_Ki67_Seg_005,1-109.dcm,E:\Computer vision\Projects\dataset\manifest-1788901441878\Adrenal-ACC-Ki67-Seg\Adrenal_Ki67_Seg_005\01-04-2005-NA-CT THORAX WCONTRAST-96702\5.000000-No series description-34385\1-109.dcm,2.6244078415753616,0.9884073172168302,0.5716558579260967,81.05580937573002,0.2205217805378074
Adrenal_Ki67_Seg_005,1-110.dcm,E:\Computer vision\Projects\dataset\manifest-1788901441878\Adrenal-ACC-Ki67-Seg\Adrenal_Ki67_Seg_005\01-04-2005-NA-CT THORAX WCONTRAST-96702\5.000000-No series description-34385\1-110.dcm,2.6955932307244534,0.9882680700337739,0.5636713556397497,84.1024965437479,0.22033523308585856
Adrenal_Ki67_Seg_005,1-111.dcm,E:\Computer vision\Projects\dataset\manifest-1788901441878\Adrenal-ACC-Ki67-Seg\Adrenal_Ki67_Seg_005\01-04-2005-NA-CT THORAX WCONTRAST-96702\5.000000-No series description-34385\1-111.dcm,2.729374504540041,0.9882557121321874,0.5568045290346293,85.6894811217788,0.21993549922798203
Adrenal_Ki67_Seg_005,1-112.dcm,E:\Computer vision\Projects\dataset\manifest-1788901441878\Adrenal-ACC-Ki67-Seg\Adrenal_Ki67_Seg_005\01-04-2005-NA-CT THORAX WCONTRAST-96702\5.000000-No series description-34385\1-112.dcm,2.6963514998793663,0.9882867936697677,0.5631332729202584,83.64043489416784,0.22040951543096865
Adrenal_Ki67_Seg_005,1-113.dcm,E:\Computer vision\Projects\dataset\manifest-1788901441878\Adrenal-ACC-Ki67-Seg\Adrenal_Ki67_Seg_005\01-04-2005-NA-CT THORAX WCONTRAST-96702\5.000000-No series description-34385\1-113.dcm,2.658556761041816,0.9883103544264901,0.5698549309717742,82.10498198153346,0.2212371547279055
Adrenal_Ki67_Seg_005,1-114.dcm,E:\Computer vision\Projects\dataset\manifest-1788901441878\Adrenal-ACC-Ki67-Seg\Adrenal_Ki67_Seg_005\01-04-2005-NA-CT THORAX WCONTRAST-96702\5.000000-No series description-34385\1-114.dcm,2.802876827218033,0.9882801482841787,0.5528658445989881,89.416247639983,0.22000556152317705
Adrenal_Ki67_Seg_005,1-115.dcm,E:\Computer vision\Projects\dataset\manifest-1788901441878\Adrenal-ACC-Ki67-Seg\Adrenal_Ki67_Seg_005\01-04-2005-NA-CT THORAX WCONTRAST-96702\5.000000-No series description-34385\1-115.dcm,2.8848158516549796,0.9882126476006595,0.5439725741245041,92.25818681760563,0.21934972687830942
Adrenal_Ki67_Seg_005,1-116.dcm,E:\Computer vision\Projects\dataset\manifest-1788901441878\Adrenal-ACC-Ki67-Seg\Adrenal_Ki67_Seg_005\01-04-2005-NA-CT THORAX WCONTRAST-96702\5.000000-No series description-34385\1-116.dcm,2.8315455287012536,0.9882834020130061,0.552017868309713,90.65902014774758,0.2198558914039957
Adrenal_Ki67_Seg_005,1-117.dcm,E:\Computer vision\Projects\dataset\manifest-1788901441878\Adrenal-ACC-Ki67-Seg\Adrenal_Ki67_Seg_005\01-04-2005-NA-CT THORAX WCONTRAST-96702\5.000000-No series description-34385\1-117.dcm,2.832736547424374,0.9883610106282879,0.5487532551154091,90.64779546646957,0.21910122419055228
Adrenal_Ki67_Seg_005,1-118.dcm,E:\Computer vision\Projects\dataset\manifest-1788901441878\Adrenal-ACC-Ki67-Seg\Adrenal_Ki67_Seg_005\01-04-2005-NA-CT THORAX WCONTRAST-96702\5.000000-No series description-34385\1-118.dcm,2.803125753960807,0.9883761544976393,0.5435068560182414,86.07445973322713,0.21948638577024832
Adrenal_Ki67_Seg_005,1-119.dcm,E:\Computer vision\Projects\dataset\manifest-1788901441878\Adrenal-ACC-Ki67-Seg\Adrenal_Ki67_Seg_005\01-04-2005-NA-CT THORAX WCONTRAST-96702\5.000000-No series description-34385\1-119.dcm,2.8858268771948636,0.9883544587478548,0.5383748321330399,90.72465255571173,0.2185174912543315
Adrenal_Ki67_Seg_005,1-120.dcm,E:\Computer vision\Projects\dataset\manifest-1788901441878\Adrenal-ACC-Ki67-Seg\Adrenal_Ki67_Seg_005\01-04-2005-NA-CT THORAX WCONTRAST-96702\5.000000-No series description-34385\1-120.dcm,2.9420766617774903,0.9883991039551024,0.5389831840462711,96.80839917126542,0.21808701972210673
Adrenal_Ki67_Seg_005,1-121.dcm,E:\Computer vision\Projects\dataset\manifest-1788901441878\Adrenal-ACC-Ki67-Seg\Adrenal_Ki67_Seg_005\01-04-2005-NA-CT THORAX WCONTRAST-96702\5.000000-No series description-34385\1-121.dcm,2.9308672990682485,0.9883141143131831,0.5384043173885983,95.13683311568201,0.21834962331735847
Adrenal_Ki67_Seg_006,1-01.dcm,E:\Computer vision\Projects\dataset\manifest-1788901441878\Adrenal-ACC-Ki67-Seg\Adrenal_Ki67_Seg_006\02-12-2005-NA-CT ABDOMEN-82940\3.000000-CEFC01-29796\1-01.dcm,2.4676873939667816,0.9920652884766746,0.5625198776402124,55.4773802183662,0.23206496936860813
Adrenal_Ki67_Seg_006,1-02.dcm,E:\Computer vision\Projects\dataset\manifest-1788901441878\Adrenal-ACC-Ki67-Seg\Adrenal_Ki67_Seg_006\02-12-2005-NA-CT ABDOMEN-82940\3.000000-CEFC01-29796\1-02.dcm,2.3265880568778465,0.992281312034087,0.5781396613494434,51.760467369533664,0.23338685000520334
Adrenal_Ki67_Seg_006,1-03.dcm,E:\Computer vision\Projects\dataset\manifest-1788901441878\Adrenal-ACC-Ki67-Seg\Adrenal_Ki67_Seg_006\02-12-2005-NA-CT ABDOMEN-82940\3.000000-CEFC01-29796\1-03.dcm,2.373558618418281,0.99266299504874,0.5791464862401091,56.93594157497865,0.23302079843439202
Adrenal_Ki67_Seg_006,1-04.dcm,E:\Computer vision\Projects\dataset\manifest-1788901441878\Adrenal-ACC-Ki67-Seg\Adrenal_Ki67_Seg_006\02-12-2005-NA-CT ABDOMEN-82940\3.000000-CEFC01-29796\1-04.dcm,2.2546673764270206,0.9929272717948554,0.5784636557066043,51.90376492124341,0.2332323264118211
Adrenal_Ki67_Seg_006,1-05.dcm,E:\Computer vision\Projects\dataset\manifest-1788901441878\Adrenal-ACC-Ki67-Seg\Adrenal_Ki67_Seg_006\02-12-2005-NA-CT ABDOMEN-82940\3.000000-CEFC01-29796\1-05.dcm,2.29016815958885,0.9930778225258224,0.5708522701262443,55.3258719137871,0.23300774775254873
Adrenal_Ki67_Seg_006,1-06.dcm,E:\Computer vision\Projects\dataset\manifest-1788901441878\Adrenal-ACC-Ki67-Seg\Adrenal_Ki67_Seg_006\02-12-2005-NA-CT ABDOMEN-82940\3.000000-CEFC01-29796\1-06.dcm,2.1758724882334244,0.9931959172108255,0.5801685230210378,50.71873192887589,0.2341073239604522
Adrenal_Ki67_Seg_006,1-07.dcm,E:\Computer vision\Projects\dataset\manifest-1788901441878\Adrenal-ACC-Ki67-Seg\Adrenal_Ki67_Seg_006\02-12-2005-NA-CT ABDOMEN-82940\3.000000-CEFC01-29796\1-07.dcm,2.145434492055407,0.9933864422400113,0.5899652779555707,51.868252649155,0.2354522783622075
Adrenal_Ki67_Seg_006,1-08.dcm,E:\Computer vision\Projects\dataset\manifest-1788901441878\Adrenal-ACC-Ki67-Seg\Adrenal_Ki67_Seg_006\02-12-2005-NA-CT ABDOMEN-82940\3.000000-CEFC01-29796\1-08.dcm,2.1029943972334664,0.9933716106087602,0.5954681791003905,50.73942731530593,0.23641955564562356
Adrenal_Ki67_Seg_006,1-09.dcm,E:\Computer vision\Projects\dataset\manifest-1788901441878\Adrenal-ACC-Ki67-Seg\Adrenal_Ki67_Seg_006\02-12-2005-NA-CT ABDOMEN-82940\3.000000-CEFC01-29796\1-09.dcm,2.163613803562333,0.9932753508821918,0.5830347102663731,52.482852777065034,0.2347309192461153
Adrenal_Ki67_Seg_006,1-10.dcm,E:\Computer vision\Projects\dataset\manifest-1788901441878\Adrenal-ACC-Ki67-Seg\Adrenal_Ki67_Seg_006\02-12-2005-NA-CT ABDOMEN-82940\3.000000-CEFC01-29796\1-10.dcm,2.101355310373352,0.9931706468099717,0.5899596368004534,49.76304471873193,0.23542646168840958
Adrenal_Ki67_Seg_006,1-11.dcm,E:\Computer vision\Projects\dataset\manifest-1788901441878\Adrenal-ACC-Ki67-Seg\Adrenal_Ki67_Seg_006\02-12-2005-NA-CT ABDOMEN-82940\3.000000-CEFC01-29796\1-11.dcm,2.0909769800207565,0.9933032781377612,0.5919311531109116,49.87196740208562,0.23579452555645541
Adrenal_Ki67_Seg_006,1-12.dcm,E:\Computer vision\Projects\dataset\manifest-1788901441878\Adrenal-ACC-Ki67-Seg\Adrenal_Ki67_Seg_006\02-12-2005-NA-CT ABDOMEN-82940\3.000000-CEFC01-29796\1-12.dcm,2.0274010899161694,0.9935016177346226,0.6003070171486917,47.537666445823966,0.23680118319410032
Adrenal_Ki67_Seg_006,1-13.dcm,E:\Computer vision\Projects\dataset\manifest-1788901441878\Adrenal-ACC-Ki67-Seg\Adrenal_Ki67_Seg_006\02-12-2005-NA-CT ABDOMEN-82940\3.000000-CEFC01-29796\1-13.dcm,2.049670459288989,0.9933821005341732,0.594852671412698,47.601954649377106,0.2362081464441318
Adrenal_Ki67_Seg_006,1-14.dcm,E:\Computer vision\Projects\dataset\manifest-1788901441878\Adrenal-ACC-Ki67-Seg\Adrenal_Ki67_Seg_006\02-12-2005-NA-CT ABDOMEN-82940\3.000000-CEFC01-29796\1-14.dcm,2.1118753374872186,0.9931551932713155,0.5887804811662501,50.09519341607913,0.23561089048852346
Adrenal_Ki67_Seg_006,1-15.dcm,E:\Computer vision\Projects\dataset\manifest-1788901441878\Adrenal-ACC-Ki67-Seg\Adrenal_Ki67_Seg_006\02-12-2005-NA-CT ABDOMEN-82940\3.000000-CEFC01-29796\1-15.dcm,2.140762328575641,0.9932123912425802,0.582706566498254,51.12792919757507,0.2346496232514891
Adrenal_Ki67_Seg_006,1-16.dcm,E:\Computer vision\Projects\dataset\manifest-1788901441878\Adrenal-ACC-Ki67-Seg\Adrenal_Ki67_Seg_006\02-12-2005-NA-CT ABDOMEN-82940\3.000000-CEFC01-29796\1-16.dcm,2.0732802034305933,0.9934310292156625,0.5916587641277193,48.61847572581294,0.23563863437732835
Adrenal_Ki67_Seg_006,1-17.dcm,E:\Computer vision\Projects\dataset\manifest-1788901441878\Adrenal-ACC-Ki67-Seg\Adrenal_Ki67_Seg_006\02-12-2005-NA-CT ABDOMEN-82940\3.000000-CEFC01-29796\1-17.dcm,2.0341221119710786,0.9933633645777245,0.5990849754227984,47.50982877669739,0.23633120779055375
Adrenal_Ki67_Seg_006,1-18.dcm,E:\Computer vision\Projects\dataset\manifest-1788901441878\Adrenal-ACC-Ki67-Seg\Adrenal_Ki67_Seg_006\02-12-2005-NA-CT ABDOMEN-82940\3.000000-CEFC01-29796\1-18.dcm,2.1555332585276554,0.9931486734387022,0.5820906418919493,51.6194063288667,0.2345347468097464
Adrenal_Ki67_Seg_006,1-19.dcm,E:\Computer vision\Projects\dataset\manifest-1788901441878\Adrenal-ACC-Ki67-Seg\Adrenal_Ki67_Seg_006\02-12-2005-NA-CT ABDOMEN-82940\3.000000-CEFC01-29796\1-19.dcm,2.1908195817264793,0.9931274687329533,0.576216510726468,53.01774656193872,0.2335303706244972
Adrenal_Ki67_Seg_006,1-20.dcm,E:\Computer vision\Projects\dataset\manifest-1788901441878\Adrenal-ACC-Ki67-Seg\Adrenal_Ki67_Seg_006\02-12-2005-NA-CT ABDOMEN-82940\3.000000-CEFC01-29796\1-20.dcm,2.0916280191941667,0.9934063951865079,0.5846282265894374,48.81400576744115,0.23451115994581923
Adrenal_Ki67_Seg_006,1-21.dcm,E:\Computer vision\Projects\dataset\manifest-1788901441878\Adrenal-ACC-Ki67-Seg\Adrenal_Ki67_Seg_006\02-12-2005-NA-CT ABDOMEN-82940\3.000000-CEFC01-29796\1-21.dcm,2.157045967195285,0.9935097560960927,0.5779264591824951,51.90265815464861,0.23389689809207187
Adrenal_Ki67_Seg_006,1-22.dcm,E:\Computer vision\Projects\dataset\manifest-1788901441878\Adrenal-ACC-Ki67-Seg\Adrenal_Ki67_Seg_006\02-12-2005-NA-CT ABDOMEN-82940\3.000000-CEFC01-29796\1-22.dcm,2.112671903064097,0.9934164443903158,0.5805416887947408,49.270372739074986,0.23421170467551103
Adrenal_Ki67_Seg_006,1-23.dcm,E:\Computer vision\Projects\dataset\manifest-1788901441878\Adrenal-ACC-Ki67-Seg\Adrenal_Ki67_Seg_006\02-12-2005-NA-CT ABDOMEN-82940\3.000000-CEFC01-29796\1-23.dcm,2.062683583472796,0.993310804433844,0.5854436381576862,47.45786053209048,0.23456325461844643
Adrenal_Ki67_Seg_006,1-24.dcm,E:\Computer vision\Projects\dataset\manifest-1788901441878\Adrenal-ACC-Ki67-Seg\Adrenal_Ki67_Seg_006\02-12-2005-NA-CT ABDOMEN-82940\3.000000-CEFC01-29796\1-24.dcm,2.0612053415849356,0.9934010825172565,0.5816242533296245,47.018033785103455,0.23358368126354936
Adrenal_Ki67_Seg_006,1-25.dcm,E:\Computer vision\Projects\dataset\manifest-1788901441878\Adrenal-ACC-Ki67-Seg\Adrenal_Ki67_Seg_006\02-12-2005-NA-CT ABDOMEN-82940\3.000000-CEFC01-29796\1-25.dcm,2.1229161959398133,0.9936209184873097,0.5739582684228673,49.432056402970275,0.2331886561764366
Adrenal_Ki67_Seg_006,1-26.dcm,E:\Computer vision\Projects\dataset\manifest-1788901441878\Adrenal-ACC-Ki67-Seg\Adrenal_Ki67_Seg_006\02-12-2005-NA-CT ABDOMEN-82940\3.000000-CEFC01-29796\1-26.dcm,2.0097885654543295,0.9935618280286426,0.5868006194752698,44.06253039778494,0.23451297775242286
Adrenal_Ki67_Seg_006,1-27.dcm,E:\Computer vision\Projects\dataset\manifest-1788901441878\Adrenal-ACC-Ki67-Seg\Adrenal_Ki67_Seg_006\02-12-2005-NA-CT ABDOMEN-82940\3.000000-CEFC01-29796\1-27.dcm,2.0479049942363887,0.993432277853963,0.5797538528554355,44.09736865284676,0.23376527552152718
Adrenal_Ki67_Seg_006,1-28.dcm,E:\Computer vision\Projects\dataset\manifest-1788901441878\Adrenal-ACC-Ki67-Seg\Adrenal_Ki67_Seg_006\02-12-2005-NA-CT ABDOMEN-82940\3.000000-CEFC01-29796\1-28.dcm,1.985730753175731,0.9934670694361506,0.5855796786983343,41.74378161848339,0.23406606707521097
Adrenal_Ki67_Seg_006,1-29.dcm,E:\Computer vision\Projects\dataset\manifest-1788901441878\Adrenal-ACC-Ki67-Seg\Adrenal_Ki67_Seg_006\02-12-2005-NA-CT ABDOMEN-82940\3.000000-CEFC01-29796\1-29.dcm,2.001328885842196,0.9936076907999787,0.5820316329009203,42.36324539198303,0.23386730666318345
Adrenal_Ki67_Seg_006,1-30.dcm,E:\Computer vision\Projects\dataset\manifest-1788901441878\Adrenal-ACC-Ki67-Seg\Adrenal_Ki67_Seg_006\02-12-2005-NA-CT ABDOMEN-82940\3.000000-CEFC01-29796\1-30.dcm,2.115873483940396,0.9936200916173478,0.5729839202344056,47.250719015322396,0.2329842325532431
Adrenal_Ki67_Seg_006,1-31.dcm,E:\Computer vision\Projects\dataset\manifest-1788901441878\Adrenal-ACC-Ki67-Seg\Adrenal_Ki67_Seg_006\02-12-2005-NA-CT ABDOMEN-82940\3.000000-CEFC01-29796\1-31.dcm,2.238850954155353,0.9933926281835919,0.5589392716959883,50.873047361185044,0.23200106536364165
Adrenal_Ki67_Seg_006,1-32.dcm,E:\Computer vision\Projects\dataset\manifest-1788901441878\Adrenal-ACC-Ki67-Seg\Adrenal_Ki67_Seg_006\02-12-2005-NA-CT ABDOMEN-82940\3.000000-CEFC01-29796\1-32.dcm,2.1743176535016335,0.9931867376506204,0.567421060219711,48.72602356761808,0.2328476940645945
Adrenal_Ki67_Seg_006,1-33.dcm,E:\Computer vision\Projects\dataset\manifest-1788901441878\Adrenal-ACC-Ki67-Seg\Adrenal_Ki67_Seg_006\02-12-2005-NA-CT ABDOMEN-82940\3.000000-CEFC01-29796\1-33.dcm,2.1553570949866154,0.9931731523649572,0.5699595381953567,47.9294847982353,0.23312865210991718
Adrenal_Ki67_Seg_006,1-34.dcm,E:\Computer vision\Projects\dataset\manifest-1788901441878\Adrenal-ACC-Ki67-Seg\Adrenal_Ki67_Seg_006\02-12-2005-NA-CT ABDOMEN-82940\3.000000-CEFC01-29796\1-34.dcm,2.134918294583737,0.9933658627373544,0.5714738968071321,47.19230548289874,0.23327498117563075
Adrenal_Ki67_Seg_006,1-35.dcm,E:\Computer vision\Projects\dataset\manifest-1788901441878\Adrenal-ACC-Ki67-Seg\Adrenal_Ki67_Seg_006\02-12-2005-NA-CT ABDOMEN-82940\3.000000-CEFC01-29796\1-35.dcm,2.079955269779145,0.9933434135356596,0.5813393872658201,45.11061155556237,0.23386267758691048
Adrenal_Ki67_Seg_006,1-36.dcm,E:\Computer vision\Projects\dataset\manifest-1788901441878\Adrenal-ACC-Ki67-Seg\Adrenal_Ki67_Seg_006\02-12-2005-NA-CT ABDOMEN-82940\3.000000-CEFC01-29796\1-36.dcm,2.090080843746769,0.9932500969357634,0.5785187991515124,45.393116601115956,0.23385877821997564
Adrenal_Ki67_Seg_006,1-37.dcm,E:\Computer vision\Projects\dataset\manifest-1788901441878\Adrenal-ACC-Ki67-Seg\Adrenal_Ki67_Seg_006\02-12-2005-NA-CT ABDOMEN-82940\3.000000-CEFC01-29796\1-37.dcm,2.1056713171288406,0.993182266176469,0.5779105815526421,46.56778658169967,0.2331401142311616
Adrenal_Ki67_Seg_006,1-38.dcm,E:\Computer vision\Projects\dataset\manifest-1788901441878\Adrenal-ACC-Ki67-Seg\Adrenal_Ki67_Seg_006\02-12-2005-NA-CT ABDOMEN-82940\3.000000-CEFC01-29796\1-38.dcm,2.226358661310274,0.9932605930326193,0.5612812689187073,51.004404088526016,0.23233840458027682
Adrenal_Ki67_Seg_006,1-39.dcm,E:\Computer vision\Projects\dataset\manifest-1788901441878\Adrenal-ACC-Ki67-Seg\Adrenal_Ki67_Seg_006\02-12-2005-NA-CT ABDOMEN-82940\3.000000-CEFC01-29796\1-39.dcm,2.0985328640745093,0.9933014185314745,0.5785372724522941,45.41376220219745,0.23401993128733414
Adrenal_Ki67_Seg_006,1-40.dcm,E:\Computer vision\Projects\dataset\manifest-1788901441878\Adrenal-ACC-Ki67-Seg\Adrenal_Ki67_Seg_006\02-12-2005-NA-CT ABDOMEN-82940\3.000000-CEFC01-29796\1-40.dcm,2.0964725165727764,0.9932234100452452,0.5751297141202254,43.858031334132455,0.23445539091508738
Adrenal_Ki67_Seg_006,1-41.dcm,E:\Computer vision\Projects\dataset\manifest-1788901441878\Adrenal-ACC-Ki67-Seg\Adrenal_Ki67_Seg_006\02-12-2005-NA-CT ABDOMEN-82940\3.000000-CEFC01-29796\1-41.dcm,2.016655113912707,0.9932161309028248,0.5837020593027957,41.291313222605616,0.23557665661399926
Adrenal_Ki67_Seg_006,1-42.dcm,E:\Computer vision\Projects\dataset\manifest-1788901441878\Adrenal-ACC-Ki67-Seg\Adrenal_Ki67_Seg_006\02-12-2005-NA-CT ABDOMEN-82940\3.000000-CEFC01-29796\1-42.dcm,2.0989962507802895,0.99330159858205,0.5714733654532155,43.625951187380565,0.2346033628537513
Adrenal_Ki67_Seg_006,1-43.dcm,E:\Computer vision\Projects\dataset\manifest-1788901441878\Adrenal-ACC-Ki67-Seg\Adrenal_Ki67_Seg_006\02-12-2005-NA-CT ABDOMEN-82940\3.000000-CEFC01-29796\1-43.dcm,2.1463612654669677,0.9934578957480003,0.5680516211636492,46.40230391274544,0.2346180298291248
Adrenal_Ki67_Seg_006,1-44.dcm,E:\Computer vision\Projects\dataset\manifest-1788901441878\Adrenal-ACC-Ki67-Seg\Adrenal_Ki67_Seg_006\02-12-2005-NA-CT ABDOMEN-82940\3.000000-CEFC01-29796\1-44.dcm,2.1940594590247433,0.9933454195948178,0.5677209789568871,48.95759820160003,0.2348262140853311
Adrenal_Ki67_Seg_006,1-45.dcm,E:\Computer vision\Projects\dataset\manifest-1788901441878\Adrenal-ACC-Ki67-Seg\Adrenal_Ki67_Seg_006\02-12-2005-NA-CT ABDOMEN-82940\3.000000-CEFC01-29796\1-45.dcm,2.2076853259599956,0.9933180188300337,0.5624198553879332,47.85924916035095,0.2346174364915447
Adrenal_Ki67_Seg_006,1-46.dcm,E:\Computer vision\Projects\dataset\manifest-1788901441878\Adrenal-ACC-Ki67-Seg\Adrenal_Ki67_Seg_006\02-12-2005-NA-CT ABDOMEN-82940\3.000000-CEFC01-29796\1-46.dcm,2.155223057509737,0.9932753749613605,0.5675258819846274,45.324504731522936,0.23486389126508586
Adrenal_Ki67_Seg_006,1-47.dcm,E:\Computer vision\Projects\dataset\manifest-1788901441878\Adrenal-ACC-Ki67-Seg\Adrenal_Ki67_Seg_006\02-12-2005-NA-CT ABDOMEN-82940\3.000000-CEFC01-29796\1-47.dcm,2.1863657078519156,0.99338569944259,0.5649609983338402,46.89645796393244,0.2348075426989077
Adrenal_Ki67_Seg_006,1-48.dcm,E:\Computer vision\Projects\dataset\manifest-1788901441878\Adrenal-ACC-Ki67-Seg\Adrenal_Ki67_Seg_006\02-12-2005-NA-CT ABDOMEN-82940\3.000000-CEFC01-29796\1-48.dcm,2.079135726349087,0.9934686824412023,0.5775607769486789,43.54688439459102,0.23634625590370864
Adrenal_Ki67_Seg_006,1-49.dcm,E:\Computer vision\Projects\dataset\manifest-1788901441878\Adrenal-ACC-Ki67-Seg\Adrenal_Ki67_Seg_006\02-12-2005-NA-CT ABDOMEN-82940\3.000000-CEFC01-29796\1-49.dcm,2.141114655657722,0.9934342179941987,0.5684578274042404,44.852914932157894,0.23562114866366315
Adrenal_Ki67_Seg_006,1-50.dcm,E:\Computer vision\Projects\dataset\manifest-1788901441878\Adrenal-ACC-Ki67-Seg\Adrenal_Ki67_Seg_006\02-12-2005-NA-CT ABDOMEN-82940\3.000000-CEFC01-29796\1-50.dcm,2.1480999230241924,0.9933413307905589,0.5702042287991946,46.15036707120455,0.2356336320606454
Adrenal_Ki67_Seg_006,1-51.dcm,E:\Computer vision\Projects\dataset\manifest-1788901441878\Adrenal-ACC-Ki67-Seg\Adrenal_Ki67_Seg_006\02-12-2005-NA-CT ABDOMEN-82940\3.000000-CEFC01-29796\1-51.dcm,2.2899805071212196,0.9933715401938868,0.554040274632728,51.432416389336744,0.23382069641629977
Adrenal_Ki67_Seg_006,1-52.dcm,E:\Computer vision\Projects\dataset\manifest-1788901441878\Adrenal-ACC-Ki67-Seg\Adrenal_Ki67_Seg_006\02-12-2005-NA-CT ABDOMEN-82940\3.000000-CEFC01-29796\1-52.dcm,2.1297099811964566,0.9935145920663093,0.5698323591406486,44.57405570597539,0.2356669356072027
Adrenal_Ki67_Seg_006,1-53.dcm,E:\Computer vision\Projects\dataset\manifest-1788901441878\Adrenal-ACC-Ki67-Seg\Adrenal_Ki67_Seg_006\02-12-2005-NA-CT ABDOMEN-82940\3.000000-CEFC01-29796\1-53.dcm,2.1737125700345814,0.9934010054865392,0.5683093858078208,45.90108034206364,0.2352007764736282
Adrenal_Ki67_Seg_006,1-54.dcm,E:\Computer vision\Projects\dataset\manifest-1788901441878\Adrenal-ACC-Ki67-Seg\Adrenal_Ki67_Seg_006\02-12-2005-NA-CT ABDOMEN-82940\3.000000-CEFC01-29796\1-54.dcm,2.142252059390091,0.993334410011537,0.5655172278477893,42.17322620547562,0.23531809402958817
Adrenal_Ki67_Seg_006,1-55.dcm,E:\Computer vision\Projects\dataset\manifest-1788901441878\Adrenal-ACC-Ki67-Seg\Adrenal_Ki67_Seg_006\02-12-2005-NA-CT ABDOMEN-82940\3.000000-CEFC01-29796\1-55.dcm,2.2635329981119865,0.99326576382241,0.5532021999125148,46.73038935972213,0.2333661792914449
Adrenal_Ki67_Seg_006,1-56.dcm,E:\Computer vision\Projects\dataset\manifest-1788901441878\Adrenal-ACC-Ki67-Seg\Adrenal_Ki67_Seg_006\02-12-2005-NA-CT ABDOMEN-82940\3.000000-CEFC01-29796\1-56.dcm,2.318342837228718,0.9932730345900985,0.552606346796745,49.750843478693795,0.2334622458024938
Adrenal_Ki67_Seg_006,1-57.dcm,E:\Computer vision\Projects\dataset\manifest-1788901441878\Adrenal-ACC-Ki67-Seg\Adrenal_Ki67_Seg_006\02-12-2005-NA-CT ABDOMEN-82940\3.000000-CEFC01-29796\1-57.dcm,2.3087917095905732,0.9932632981474491,0.5570683367626026,50.04023422091676,0.23432462866327408
Adrenal_Ki67_Seg_006,1-58.dcm,E:\Computer vision\Projects\dataset\manifest-1788901441878\Adrenal-ACC-Ki67-Seg\Adrenal_Ki67_Seg_006\02-12-2005-NA-CT ABDOMEN-82940\3.000000-CEFC01-29796\1-58.dcm,2.350833521624075,0.9930710438734329,0.5518197326719025,49.65862569460135,0.23404556356698997
Adrenal_Ki67_Seg_006,1-59.dcm,E:\Computer vision\Projects\dataset\manifest-1788901441878\Adrenal-ACC-Ki67-Seg\Adrenal_Ki67_Seg_006\02-12-2005-NA-CT ABDOMEN-82940\3.000000-CEFC01-29796\1-59.dcm,2.4232367369916625,0.9928982769241241,0.5474711525255487,53.81672098375849,0.23368940661861148
Adrenal_Ki67_Seg_006,1-60.dcm,E:\Computer vision\Projects\dataset\manifest-1788901441878\Adrenal-ACC-Ki67-Seg\Adrenal_Ki67_Seg_006\02-12-2005-NA-CT ABDOMEN-82940\3.000000-CEFC01-29796\1-60.dcm,2.5241937645765757,0.9929303519307617,0.5369787323565036,56.542009260074835,0.23253302472416457
Adrenal_Ki67_Seg_006,1-61.dcm,E:\Computer vision\Projects\dataset\manifest-1788901441878\Adrenal-ACC-Ki67-Seg\Adrenal_Ki67_Seg_006\02-12-2005-NA-CT ABDOMEN-82940\3.000000-CEFC01-29796\1-61.dcm,2.4192539091072724,0.9931512827868576,0.5466974122635551,52.27724311717556,0.2336878541235248
Adrenal_Ki67_Seg_006,1-62.dcm,E:\Computer vision\Projects\dataset\manifest-1788901441878\Adrenal-ACC-Ki67-Seg\Adrenal_Ki67_Seg_006\02-12-2005-NA-CT ABDOMEN-82940\3.000000-CEFC01-29796\1-62.dcm,2.4390952853274914,0.9930406572466614,0.5444742669852953,51.735138116045825,0.23327040687932302
Adrenal_Ki67_Seg_006,1-63.dcm,E:\Computer vision\Projects\dataset\manifest-1788901441878\Adrenal-ACC-Ki67-Seg\Adrenal_Ki67_Seg_006\02-12-2005-NA-CT ABDOMEN-82940\3.000000-CEFC01-29796\1-63.dcm,2.5298922721650117,0.9929678039898171,0.5327493918577583,54.38301783464371,0.23204567336732723
Adrenal_Ki67_Seg_006,1-64.dcm,E:\Computer vision\Projects\dataset\manifest-1788901441878\Adrenal-ACC-Ki67-Seg\Adrenal_Ki67_Seg_006\02-12-2005-NA-CT ABDOMEN-82940\3.000000-CEFC01-29796\1-64.dcm,2.4990253560609834,0.9929719832765187,0.5370875492945123,54.00510874269017,0.2319277301561593
Adrenal_Ki67_Seg_006,1-65.dcm,E:\Computer vision\Projects\dataset\manifest-1788901441878\Adrenal-ACC-Ki67-Seg\Adrenal_Ki67_Seg_006\02-12-2005-NA-CT ABDOMEN-82940\3.000000-CEFC01-29796\1-65.dcm,2.437222590293389,0.9930204589431112,0.5405373937634543,50.86013763734054,0.23231135897239508
Adrenal_Ki67_Seg_006,1-66.dcm,E:\Computer vision\Projects\dataset\manifest-1788901441878\Adrenal-ACC-Ki67-Seg\Adrenal_Ki67_Seg_006\02-12-2005-NA-CT ABDOMEN-82940\3.000000-CEFC01-29796\1-66.dcm,2.445004423236737,0.992936882916903,0.5430641515034506,52.72168075336721,0.23249663098373782
Adrenal_Ki67_Seg_006,1-67.dcm,E:\Computer vision\Projects\dataset\manifest-1788901441878\Adrenal-ACC-Ki67-Seg\Adrenal_Ki67_Seg_006\02-12-2005-NA-CT ABDOMEN-82940\3.000000-CEFC01-29796\1-67.dcm,2.495184224937864,0.9926470375596195,0.5351675642665495,52.59812500718058,0.23198744212387953
Adrenal_Ki67_Seg_006,1-68.dcm,E:\Computer vision\Projects\dataset\manifest-1788901441878\Adrenal-ACC-Ki67-Seg\Adrenal_Ki67_Seg_006\02-12-2005-NA-CT ABDOMEN-82940\3.000000-CEFC01-29796\1-68.dcm,2.448416634433845,0.9922643179090666,0.540990329764476,53.455895925643674,0.23219209495130863
Adrenal_Ki67_Seg_006,1-69.dcm,E:\Computer vision\Projects\dataset\manifest-1788901441878\Adrenal-ACC-Ki67-Seg\Adrenal_Ki67_Seg_006\02-12-2005-NA-CT ABDOMEN-82940\3.000000-CEFC01-29796\1-69.dcm,2.3817463934344616,0.9920967788474349,0.5455539953603965,50.63624909524703,0.23243276530190873
Adrenal_Ki67_Seg_006,1-70.dcm,E:\Computer vision\Projects\dataset\manifest-1788901441878\Adrenal-ACC-Ki67-Seg\Adrenal_Ki67_Seg_006\02-12-2005-NA-CT ABDOMEN-82940\3.000000-CEFC01-29796\1-70.dcm,2.3078687658212096,0.9923013291460195,0.5552842467372159,51.154648611180264,0.23333271521294666
Adrenal_Ki67_Seg_006,1-71.dcm,E:\Computer vision\Projects\dataset\manifest-1788901441878\Adrenal-ACC-Ki67-Seg\Adrenal_Ki67_Seg_006\02-12-2005-NA-CT ABDOMEN-82940\3.000000-CEFC01-29796\1-71.dcm,2.3289241386177286,0.9920631393647781,0.5584411767106929,54.435755837332124,0.23362379465504698
Adrenal_Ki67_Seg_006,1-72.dcm,E:\Computer vision\Projects\dataset\manifest-1788901441878\Adrenal-ACC-Ki67-Seg\Adrenal_Ki67_Seg_006\02-12-2005-NA-CT ABDOMEN-82940\3.000000-CEFC01-29796\1-72.dcm,2.3406543326656992,0.9920425675198681,0.5512860375277294,54.82891839415443,0.2329204216568377
Adrenal_Ki67_Seg_006,1-73.dcm,E:\Computer vision\Projects\dataset\manifest-1788901441878\Adrenal-ACC-Ki67-Seg\Adrenal_Ki67_Seg_006\02-12-2005-NA-CT ABDOMEN-82940\3.000000-CEFC01-29796\1-73.dcm,2.27003956020389,0.9920739132319856,0.5609730710142401,53.98684517905492,0.23320423318642924
Adrenal_Ki67_Seg_006,1-74.dcm,E:\Computer vision\Projects\dataset\manifest-1788901441878\Adrenal-ACC-Ki67-Seg\Adrenal_Ki67_Seg_006\02-12-2005-NA-CT ABDOMEN-82940\3.000000-CEFC01-29796\1-74.dcm,2.261185427445514,0.9922466929761989,0.5643276431975757,54.55808992765805,0.2340979215290084
Adrenal_Ki67_Seg_006,1-75.dcm,E:\Computer vision\Projects\dataset\manifest-1788901441878\Adrenal-ACC-Ki67-Seg\Adrenal_Ki67_Seg_006\02-12-2005-NA-CT ABDOMEN-82940\3.000000-CEFC01-29796\1-75.dcm,2.224865100853627,0.9925637004670529,0.5687049830964859,54.75732323329032,0.234414921482193
Adrenal_Ki67_Seg_006,1-76.dcm,E:\Computer vision\Projects\dataset\manifest-1788901441878\Adrenal-ACC-Ki67-Seg\Adrenal_Ki67_Seg_006\02-12-2005-NA-CT ABDOMEN-82940\3.000000-CEFC01-29796\1-76.dcm,2.408887067681267,0.9925219399224617,0.5451823884144584,59.36214628467262,0.23239780786968173
Adrenal_Ki67_Seg_006,1-77.dcm,E:\Computer vision\Projects\dataset\manifest-1788901441878\Adrenal-ACC-Ki67-Seg\Adrenal_Ki67_Seg_006\02-12-2005-NA-CT ABDOMEN-82940\3.000000-CEFC01-29796\1-77.dcm,2.4659832031893263,0.9924653764161168,0.5427888372823548,63.99830729814914,0.2320604557822152
Adrenal_Ki67_Seg_006,1-78.dcm,E:\Computer vision\Projects\dataset\manifest-1788901441878\Adrenal-ACC-Ki67-Seg\Adrenal_Ki67_Seg_006\02-12-2005-NA-CT ABDOMEN-82940\3.000000-CEFC01-29796\1-78.dcm,2.433086576721137,0.9924631463490375,0.5444831201845036,58.54944642522048,0.23216496930182065
Adrenal_Ki67_Seg_006,1-79.dcm,E:\Computer vision\Projects\dataset\manifest-1788901441878\Adrenal-ACC-Ki67-Seg\Adrenal_Ki67_Seg_006\02-12-2005-NA-CT ABDOMEN-82940\3.000000-CEFC01-29796\1-79.dcm,2.4293105495153586,0.9927763839553169,0.5476475257354092,57.89648477142781,0.23270009830973695
Adrenal_Ki67_Seg_006,1-80.dcm,E:\Computer vision\Projects\dataset\manifest-1788901441878\Adrenal-ACC-Ki67-Seg\Adrenal_Ki67_Seg_006\02-12-2005-NA-CT ABDOMEN-82940\3.000000-CEFC01-29796\1-80.dcm,2.44657840617951,0.9927420177475428,0.5487603437951883,56.44657074689512,0.23303166371799042
Adrenal_Ki67_Seg_006,1-81.dcm,E:\Computer vision\Projects\dataset\manifest-1788901441878\Adrenal-ACC-Ki67-Seg\Adrenal_Ki67_Seg_006\02-12-2005-NA-CT ABDOMEN-82940\3.000000-CEFC01-29796\1-81.dcm,2.4655466239789217,0.9926993605902006,0.5405859492005383,54.1945534828681,0.23232084253143293
Adrenal_Ki67_Seg_006,1-82.dcm,E:\Computer vision\Projects\dataset\manifest-1788901441878\Adrenal-ACC-Ki67-Seg\Adrenal_Ki67_Seg_006\02-12-2005-NA-CT ABDOMEN-82940\3.000000-CEFC01-29796\1-82.dcm,2.385518590998043,0.9926245847550348,0.5517241634451743,51.166313701310884,0.23311017549913132
Adrenal_Ki67_Seg_006,1-83.dcm,E:\Computer vision\Projects\dataset\manifest-1788901441878\Adrenal-ACC-Ki67-Seg\Adrenal_Ki67_Seg_006\02-12-2005-NA-CT ABDOMEN-82940\3.000000-CEFC01-29796\1-83.dcm,2.230387444901023,0.9927191488663907,0.5692896390027701,45.9568437620873,0.2355767544499435
Adrenal_Ki67_Seg_006,1-84.dcm,E:\Computer vision\Projects\dataset\manifest-1788901441878\Adrenal-ACC-Ki67-Seg\Adrenal_Ki67_Seg_006\02-12-2005-NA-CT ABDOMEN-82940\3.000000-CEFC01-29796\1-84.dcm,2.1188337973583127,0.9928655257318715,0.5825027776129093,42.40459403877896,0.23715585792344057
Adrenal_Ki67_Seg_006,1-85.dcm,E:\Computer vision\Projects\dataset\manifest-1788901441878\Adrenal-ACC-Ki67-Seg\Adrenal_Ki67_Seg_006\02-12-2005-NA-CT ABDOMEN-82940\3.000000-CEFC01-29796\1-85.dcm,2.162143220958866,0.9927979730715174,0.574020340276918,41.664128890437766,0.23626178035538395
Adrenal_Ki67_Seg_006,1-86.dcm,E:\Computer vision\Projects\dataset\manifest-1788901441878\Adrenal-ACC-Ki67-Seg\Adrenal_Ki67_Seg_006\02-12-2005-NA-CT ABDOMEN-82940\3.000000-CEFC01-29796\1-86.dcm,2.1619938649132013,0.9927404839783532,0.5753534691961144,43.356972438065114,0.23610850900894473
Adrenal_Ki67_Seg_006,1-87.dcm,E:\Computer vision\Projects\dataset\manifest-1788901441878\Adrenal-ACC-Ki67-Seg\Adrenal_Ki67_Seg_006\02-12-2005-NA-CT ABDOMEN-82940\3.000000-CEFC01-29796\1-87.dcm,2.1379398822767985,0.9927271384656832,0.5785360514953146,42.06236572317049,0.2361880147415087
Adrenal_Ki67_Seg_006,1-88.dcm,E:\Computer vision\Projects\dataset\manifest-1788901441878\Adrenal-ACC-Ki67-Seg\Adrenal_Ki67_Seg_006\02-12-2005-NA-CT ABDOMEN-82940\3.000000-CEFC01-29796\1-88.dcm,2.0744137775207667,0.9929498915613224,0.5888767906103389,41.78391243906083,0.23779379776488502
Adrenal_Ki67_Seg_006,1-89.dcm,E:\Computer vision\Projects\dataset\manifest-1788901441878\Adrenal-ACC-Ki67-Seg\Adrenal_Ki67_Seg_006\02-12-2005-NA-CT ABDOMEN-82940\3.000000-CEFC01-29796\1-89.dcm,2.062411678876843,0.9928590811974781,0.5909534538430672,41.43641070614773,0.2386077740348513
Adrenal_Ki67_Seg_006,1-90.dcm,E:\Computer vision\Projects\dataset\manifest-1788901441878\Adrenal-ACC-Ki67-Seg\Adrenal_Ki67_Seg_006\02-12-2005-NA-CT ABDOMEN-82940\3.000000-CEFC01-29796\1-90.dcm,2.0554723672167308,0.9927423604570639,0.5873355819276956,41.87548684326424,0.23717129427792724
Adrenal_Ki67_Seg_006,1-01.dcm,E:\Computer vision\Projects\dataset\manifest-1788901441878\Adrenal-ACC-Ki67-Seg\Adrenal_Ki67_Seg_006\02-12-2005-NA-CT ABDOMEN-82940\4.000000-CEFC01-80207\1-01.dcm,2.4676873939667816,0.9920652884766746,0.5625198776402124,55.4773802183662,0.23206496936860813
Adrenal_Ki67_Seg_006,1-02.dcm,E:\Computer vision\Projects\dataset\manifest-1788901441878\Adrenal-ACC-Ki67-Seg\Adrenal_Ki67_Seg_006\02-12-2005-NA-CT ABDOMEN-82940\4.000000-CEFC01-80207\1-02.dcm,2.3265880568778465,0.992281312034087,0.5781396613494434,51.760467369533664,0.23338685000520334
Adrenal_Ki67_Seg_006,1-03.dcm,E:\Computer vision\Projects\dataset\manifest-1788901441878\Adrenal-ACC-Ki67-Seg\Adrenal_Ki67_Seg_006\02-12-2005-NA-CT ABDOMEN-82940\4.000000-CEFC01-80207\1-03.dcm,2.373558618418281,0.99266299504874,0.5791464862401091,56.93594157497865,0.23302079843439202
Adrenal_Ki67_Seg_006,1-04.dcm,E:\Computer vision\Projects\dataset\manifest-1788901441878\Adrenal-ACC-Ki67-Seg\Adrenal_Ki67_Seg_006\02-12-2005-NA-CT ABDOMEN-82940\4.000000-CEFC01-80207\1-04.dcm,2.2546673764270206,0.9929272717948554,0.5784636557066043,51.90376492124341,0.2332323264118211
Adrenal_Ki67_Seg_006,1-05.dcm,E:\Computer vision\Projects\dataset\manifest-1788901441878\Adrenal-ACC-Ki67-Seg\Adrenal_Ki67_Seg_006\02-12-2005-NA-CT ABDOMEN-82940\4.000000-CEFC01-80207\1-05.dcm,2.29016815958885,0.9930778225258224,0.5708522701262443,55.3258719137871,0.23300774775254873
Adrenal_Ki67_Seg_006,1-06.dcm,E:\Computer vision\Projects\dataset\manifest-1788901441878\Adrenal-ACC-Ki67-Seg\Adrenal_Ki67_Seg_006\02-12-2005-NA-CT ABDOMEN-82940\4.000000-CEFC01-80207\1-06.dcm,2.1758724882334244,0.9931959172108255,0.5801685230210378,50.71873192887589,0.2341073239604522
Adrenal_Ki67_Seg_006,1-07.dcm,E:\Computer vision\Projects\dataset\manifest-1788901441878\Adrenal-ACC-Ki67-Seg\Adrenal_Ki67_Seg_006\02-12-2005-NA-CT ABDOMEN-82940\4.000000-CEFC01-80207\1-07.dcm,2.145434492055407,0.9933864422400113,0.5899652779555707,51.868252649155,0.2354522783622075
Adrenal_Ki67_Seg_006,1-08.dcm,E:\Computer vision\Projects\dataset\manifest-1788901441878\Adrenal-ACC-Ki67-Seg\Adrenal_Ki67_Seg_006\02-12-2005-NA-CT ABDOMEN-82940\4.000000-CEFC01-80207\1-08.dcm,2.1029943972334664,0.9933716106087602,0.5954681791003905,50.73942731530593,0.23641955564562356
Adrenal_Ki67_Seg_006,1-09.dcm,E:\Computer vision\Projects\dataset\manifest-1788901441878\Adrenal-ACC-Ki67-Seg\Adrenal_Ki67_Seg_006\02-12-2005-NA-CT ABDOMEN-82940\4.000000-CEFC01-80207\1-09.dcm,2.163613803562333,0.9932753508821918,0.5830347102663731,52.482852777065034,0.2347309192461153
Adrenal_Ki67_Seg_006,1-10.dcm,E:\Computer vision\Projects\dataset\manifest-1788901441878\Adrenal-ACC-Ki67-Seg\Adrenal_Ki67_Seg_006\02-12-2005-NA-CT ABDOMEN-82940\4.000000-CEFC01-80207\1-10.dcm,2.101355310373352,0.9931706468099717,0.5899596368004534,49.76304471873193,0.23542646168840958
Adrenal_Ki67_Seg_006,1-11.dcm,E:\Computer vision\Projects\dataset\manifest-1788901441878\Adrenal-ACC-Ki67-Seg\Adrenal_Ki67_Seg_006\02-12-2005-NA-CT ABDOMEN-82940\4.000000-CEFC01-80207\1-11.dcm,2.0909769800207565,0.9933032781377612,0.5919311531109116,49.87196740208562,0.23579452555645541
Adrenal_Ki67_Seg_006,1-12.dcm,E:\Computer vision\Projects\dataset\manifest-1788901441878\Adrenal-ACC-Ki67-Seg\Adrenal_Ki67_Seg_006\02-12-2005-NA-CT ABDOMEN-82940\4.000000-CEFC01-80207\1-12.dcm,2.0274010899161694,0.9935016177346226,0.6003070171486917,47.537666445823966,0.23680118319410032
Adrenal_Ki67_Seg_006,1-13.dcm,E:\Computer vision\Projects\dataset\manifest-1788901441878\Adrenal-ACC-Ki67-Seg\Adrenal_Ki67_Seg_006\02-12-2005-NA-CT ABDOMEN-82940\4.000000-CEFC01-80207\1-13.dcm,2.049670459288989,0.9933821005341732,0.594852671412698,47.601954649377106,0.2362081464441318
Adrenal_Ki67_Seg_006,1-14.dcm,E:\Computer vision\Projects\dataset\manifest-1788901441878\Adrenal-ACC-Ki67-Seg\Adrenal_Ki67_Seg_006\02-12-2005-NA-CT ABDOMEN-82940\4.000000-CEFC01-80207\1-14.dcm,2.1118753374872186,0.9931551932713155,0.5887804811662501,50.09519341607913,0.23561089048852346
Adrenal_Ki67_Seg_006,1-15.dcm,E:\Computer vision\Projects\dataset\manifest-1788901441878\Adrenal-ACC-Ki67-Seg\Adrenal_Ki67_Seg_006\02-12-2005-NA-CT ABDOMEN-82940\4.000000-CEFC01-80207\1-15.dcm,2.140762328575641,0.9932123912425802,0.582706566498254,51.12792919757507,0.2346496232514891
Adrenal_Ki67_Seg_006,1-16.dcm,E:\Computer vision\Projects\dataset\manifest-1788901441878\Adrenal-ACC-Ki67-Seg\Adrenal_Ki67_Seg_006\02-12-2005-NA-CT ABDOMEN-82940\4.000000-CEFC01-80207\1-16.dcm,2.0732802034305933,0.9934310292156625,0.5916587641277193,48.61847572581294,0.23563863437732835
Adrenal_Ki67_Seg_006,1-17.dcm,E:\Computer vision\Projects\dataset\manifest-1788901441878\Adrenal-ACC-Ki67-Seg\Adrenal_Ki67_Seg_006\02-12-2005-NA-CT ABDOMEN-82940\4.000000-CEFC01-80207\1-17.dcm,2.0341221119710786,0.9933633645777245,0.5990849754227984,47.50982877669739,0.23633120779055375
Adrenal_Ki67_Seg_006,1-18.dcm,E:\Computer vision\Projects\dataset\manifest-1788901441878\Adrenal-ACC-Ki67-Seg\Adrenal_Ki67_Seg_006\02-12-2005-NA-CT ABDOMEN-82940\4.000000-CEFC01-80207\1-18.dcm,2.1555332585276554,0.9931486734387022,0.5820906418919493,51.6194063288667,0.2345347468097464
Adrenal_Ki67_Seg_006,1-19.dcm,E:\Computer vision\Projects\dataset\manifest-1788901441878\Adrenal-ACC-Ki67-Seg\Adrenal_Ki67_Seg_006\02-12-2005-NA-CT ABDOMEN-82940\4.000000-CEFC01-80207\1-19.dcm,2.1908195817264793,0.9931274687329533,0.576216510726468,53.01774656193872,0.2335303706244972
Adrenal_Ki67_Seg_006,1-20.dcm,E:\Computer vision\Projects\dataset\manifest-1788901441878\Adrenal-ACC-Ki67-Seg\Adrenal_Ki67_Seg_006\02-12-2005-NA-CT ABDOMEN-82940\4.000000-CEFC01-80207\1-20.dcm,2.0916280191941667,0.9934063951865079,0.5846282265894374,48.81400576744115,0.23451115994581923
Adrenal_Ki67_Seg_006,1-21.dcm,E:\Computer vision\Projects\dataset\manifest-1788901441878\Adrenal-ACC-Ki67-Seg\Adrenal_Ki67_Seg_006\02-12-2005-NA-CT ABDOMEN-82940\4.000000-CEFC01-80207\1-21.dcm,2.157045967195285,0.9935097560960927,0.5779264591824951,51.90265815464861,0.23389689809207187
Adrenal_Ki67_Seg_006,1-22.dcm,E:\Computer vision\Projects\dataset\manifest-1788901441878\Adrenal-ACC-Ki67-Seg\Adrenal_Ki67_Seg_006\02-12-2005-NA-CT ABDOMEN-82940\4.000000-CEFC01-80207\1-22.dcm,2.112671903064097,0.9934164443903158,0.5805416887947408,49.270372739074986,0.23421170467551103
Adrenal_Ki67_Seg_006,1-23.dcm,E:\Computer vision\Projects\dataset\manifest-1788901441878\Adrenal-ACC-Ki67-Seg\Adrenal_Ki67_Seg_006\02-12-2005-NA-CT ABDOMEN-82940\4.000000-CEFC01-80207\1-23.dcm,2.062683583472796,0.993310804433844,0.5854436381576862,47.45786053209048,0.23456325461844643
Adrenal_Ki67_Seg_006,1-24.dcm,E:\Computer vision\Projects\dataset\manifest-1788901441878\Adrenal-ACC-Ki67-Seg\Adrenal_Ki67_Seg_006\02-12-2005-NA-CT ABDOMEN-82940\4.000000-CEFC01-80207\1-24.dcm,2.0612053415849356,0.9934010825172565,0.5816242533296245,47.018033785103455,0.23358368126354936
Adrenal_Ki67_Seg_006,1-25.dcm,E:\Computer vision\Projects\dataset\manifest-1788901441878\Adrenal-ACC-Ki67-Seg\Adrenal_Ki67_Seg_006\02-12-2005-NA-CT ABDOMEN-82940\4.000000-CEFC01-80207\1-25.dcm,2.1229161959398133,0.9936209184873097,0.5739582684228673,49.432056402970275,0.2331886561764366
Adrenal_Ki67_Seg_006,1-26.dcm,E:\Computer vision\Projects\dataset\manifest-1788901441878\Adrenal-ACC-Ki67-Seg\Adrenal_Ki67_Seg_006\02-12-2005-NA-CT ABDOMEN-82940\4.000000-CEFC01-80207\1-26.dcm,2.0097885654543295,0.9935618280286426,0.5868006194752698,44.06253039778494,0.23451297775242286
Adrenal_Ki67_Seg_006,1-27.dcm,E:\Computer vision\Projects\dataset\manifest-1788901441878\Adrenal-ACC-Ki67-Seg\Adrenal_Ki67_Seg_006\02-12-2005-NA-CT ABDOMEN-82940\4.000000-CEFC01-80207\1-27.dcm,2.0479049942363887,0.993432277853963,0.5797538528554355,44.09736865284676,0.23376527552152718
Adrenal_Ki67_Seg_006,1-28.dcm,E:\Computer vision\Projects\dataset\manifest-1788901441878\Adrenal-ACC-Ki67-Seg\Adrenal_Ki67_Seg_006\02-12-2005-NA-CT ABDOMEN-82940\4.000000-CEFC01-80207\1-28.dcm,1.985730753175731,0.9934670694361506,0.5855796786983343,41.74378161848339,0.23406606707521097
Adrenal_Ki67_Seg_006,1-29.dcm,E:\Computer vision\Projects\dataset\manifest-1788901441878\Adrenal-ACC-Ki67-Seg\Adrenal_Ki67_Seg_006\02-12-2005-NA-CT ABDOMEN-82940\4.000000-CEFC01-80207\1-29.dcm,2.001328885842196,0.9936076907999787,0.5820316329009203,42.36324539198303,0.23386730666318345
Adrenal_Ki67_Seg_006,1-30.dcm,E:\Computer vision\Projects\dataset\manifest-1788901441878\Adrenal-ACC-Ki67-Seg\Adrenal_Ki67_Seg_006\02-12-2005-NA-CT ABDOMEN-82940\4.000000-CEFC01-80207\1-30.dcm,2.115873483940396,0.9936200916173478,0.5729839202344056,47.250719015322396,0.2329842325532431
Adrenal_Ki67_Seg_006,1-31.dcm,E:\Computer vision\Projects\dataset\manifest-1788901441878\Adrenal-ACC-Ki67-Seg\Adrenal_Ki67_Seg_006\02-12-2005-NA-CT ABDOMEN-82940\4.000000-CEFC01-80207\1-31.dcm,2.238850954155353,0.9933926281835919,0.5589392716959883,50.873047361185044,0.23200106536364165
Adrenal_Ki67_Seg_006,1-32.dcm,E:\Computer vision\Projects\dataset\manifest-1788901441878\Adrenal-ACC-Ki67-Seg\Adrenal_Ki67_Seg_006\02-12-2005-NA-CT ABDOMEN-82940\4.000000-CEFC01-80207\1-32.dcm,2.1743176535016335,0.9931867376506204,0.567421060219711,48.72602356761808,0.2328476940645945
Adrenal_Ki67_Seg_006,1-33.dcm,E:\Computer vision\Projects\dataset\manifest-1788901441878\Adrenal-ACC-Ki67-Seg\Adrenal_Ki67_Seg_006\02-12-2005-NA-CT ABDOMEN-82940\4.000000-CEFC01-80207\1-33.dcm,2.1553570949866154,0.9931731523649572,0.5699595381953567,47.9294847982353,0.23312865210991718
Adrenal_Ki67_Seg_006,1-34.dcm,E:\Computer vision\Projects\dataset\manifest-1788901441878\Adrenal-ACC-Ki67-Seg\Adrenal_Ki67_Seg_006\02-12-2005-NA-CT ABDOMEN-82940\4.000000-CEFC01-80207\1-34.dcm,2.134918294583737,0.9933658627373544,0.5714738968071321,47.19230548289874,0.23327498117563075
Adrenal_Ki67_Seg_006,1-35.dcm,E:\Computer vision\Projects\dataset\manifest-1788901441878\Adrenal-ACC-Ki67-Seg\Adrenal_Ki67_Seg_006\02-12-2005-NA-CT ABDOMEN-82940\4.000000-CEFC01-80207\1-35.dcm,2.079955269779145,0.9933434135356596,0.5813393872658201,45.11061155556237,0.23386267758691048
Adrenal_Ki67_Seg_006,1-36.dcm,E:\Computer vision\Projects\dataset\manifest-1788901441878\Adrenal-ACC-Ki67-Seg\Adrenal_Ki67_Seg_006\02-12-2005-NA-CT ABDOMEN-82940\4.000000-CEFC01-80207\1-36.dcm,2.090080843746769,0.9932500969357634,0.5785187991515124,45.393116601115956,0.23385877821997564
Adrenal_Ki67_Seg_006,1-37.dcm,E:\Computer vision\Projects\dataset\manifest-1788901441878\Adrenal-ACC-Ki67-Seg\Adrenal_Ki67_Seg_006\02-12-2005-NA-CT ABDOMEN-82940\4.000000-CEFC01-80207\1-37.dcm,2.1056713171288406,0.993182266176469,0.5779105815526421,46.56778658169967,0.2331401142311616
Adrenal_Ki67_Seg_006,1-38.dcm,E:\Computer vision\Projects\dataset\manifest-1788901441878\Adrenal-ACC-Ki67-Seg\Adrenal_Ki67_Seg_006\02-12-2005-NA-CT ABDOMEN-82940\4.000000-CEFC01-80207\1-38.dcm,2.226358661310274,0.9932605930326193,0.5612812689187073,51.004404088526016,0.23233840458027682
Adrenal_Ki67_Seg_006,1-39.dcm,E:\Computer vision\Projects\dataset\manifest-1788901441878\Adrenal-ACC-Ki67-Seg\Adrenal_Ki67_Seg_006\02-12-2005-NA-CT ABDOMEN-82940\4.000000-CEFC01-80207\1-39.dcm,2.0985328640745093,0.9933014185314745,0.5785372724522941,45.41376220219745,0.23401993128733414
Adrenal_Ki67_Seg_006,1-40.dcm,E:\Computer vision\Projects\dataset\manifest-1788901441878\Adrenal-ACC-Ki67-Seg\Adrenal_Ki67_Seg_006\02-12-2005-NA-CT ABDOMEN-82940\4.000000-CEFC01-80207\1-40.dcm,2.0964725165727764,0.9932234100452452,0.5751297141202254,43.858031334132455,0.23445539091508738
Adrenal_Ki67_Seg_006,1-41.dcm,E:\Computer vision\Projects\dataset\manifest-1788901441878\Adrenal-ACC-Ki67-Seg\Adrenal_Ki67_Seg_006\02-12-2005-NA-CT ABDOMEN-82940\4.000000-CEFC01-80207\1-41.dcm,2.016655113912707,0.9932161309028248,0.5837020593027957,41.291313222605616,0.23557665661399926
Adrenal_Ki67_Seg_006,1-42.dcm,E:\Computer vision\Projects\dataset\manifest-1788901441878\Adrenal-ACC-Ki67-Seg\Adrenal_Ki67_Seg_006\02-12-2005-NA-CT ABDOMEN-82940\4.000000-CEFC01-80207\1-42.dcm,2.0989962507802895,0.99330159858205,0.5714733654532155,43.625951187380565,0.2346033628537513
Adrenal_Ki67_Seg_006,1-43.dcm,E:\Computer vision\Projects\dataset\manifest-1788901441878\Adrenal-ACC-Ki67-Seg\Adrenal_Ki67_Seg_006\02-12-2005-NA-CT ABDOMEN-82940\4.000000-CEFC01-80207\1-43.dcm,2.1463612654669677,0.9934578957480003,0.5680516211636492,46.40230391274544,0.2346180298291248
Adrenal_Ki67_Seg_006,1-44.dcm,E:\Computer vision\Projects\dataset\manifest-1788901441878\Adrenal-ACC-Ki67-Seg\Adrenal_Ki67_Seg_006\02-12-2005-NA-CT ABDOMEN-82940\4.000000-CEFC01-80207\1-44.dcm,2.1940594590247433,0.9933454195948178,0.5677209789568871,48.95759820160003,0.2348262140853311
Adrenal_Ki67_Seg_006,1-45.dcm,E:\Computer vision\Projects\dataset\manifest-1788901441878\Adrenal-ACC-Ki67-Seg\Adrenal_Ki67_Seg_006\02-12-2005-NA-CT ABDOMEN-82940\4.000000-CEFC01-80207\1-45.dcm,2.2076853259599956,0.9933180188300337,0.5624198553879332,47.85924916035095,0.2346174364915447
Adrenal_Ki67_Seg_006,1-46.dcm,E:\Computer vision\Projects\dataset\manifest-1788901441878\Adrenal-ACC-Ki67-Seg\Adrenal_Ki67_Seg_006\02-12-2005-NA-CT ABDOMEN-82940\4.000000-CEFC01-80207\1-46.dcm,2.155223057509737,0.9932753749613605,0.5675258819846274,45.324504731522936,0.23486389126508586
Adrenal_Ki67_Seg_006,1-47.dcm,E:\Computer vision\Projects\dataset\manifest-1788901441878\Adrenal-ACC-Ki67-Seg\Adrenal_Ki67_Seg_006\02-12-2005-NA-CT ABDOMEN-82940\4.000000-CEFC01-80207\1-47.dcm,2.1863657078519156,0.99338569944259,0.5649609983338402,46.89645796393244,0.2348075426989077
Adrenal_Ki67_Seg_006,1-48.dcm,E:\Computer vision\Projects\dataset\manifest-1788901441878\Adrenal-ACC-Ki67-Seg\Adrenal_Ki67_Seg_006\02-12-2005-NA-CT ABDOMEN-82940\4.000000-CEFC01-80207\1-48.dcm,2.079135726349087,0.9934686824412023,0.5775607769486789,43.54688439459102,0.23634625590370864
Adrenal_Ki67_Seg_006,1-49.dcm,E:\Computer vision\Projects\dataset\manifest-1788901441878\Adrenal-ACC-Ki67-Seg\Adrenal_Ki67_Seg_006\02-12-2005-NA-CT ABDOMEN-82940\4.000000-CEFC01-80207\1-49.dcm,2.141114655657722,0.9934342179941987,0.5684578274042404,44.852914932157894,0.23562114866366315
Adrenal_Ki67_Seg_006,1-50.dcm,E:\Computer vision\Projects\dataset\manifest-1788901441878\Adrenal-ACC-Ki67-Seg\Adrenal_Ki67_Seg_006\02-12-2005-NA-CT ABDOMEN-82940\4.000000-CEFC01-80207\1-50.dcm,2.1480999230241924,0.9933413307905589,0.5702042287991946,46.15036707120455,0.2356336320606454
Adrenal_Ki67_Seg_006,1-51.dcm,E:\Computer vision\Projects\dataset\manifest-1788901441878\Adrenal-ACC-Ki67-Seg\Adrenal_Ki67_Seg_006\02-12-2005-NA-CT ABDOMEN-82940\4.000000-CEFC01-80207\1-51.dcm,2.2899805071212196,0.9933715401938868,0.554040274632728,51.432416389336744,0.23382069641629977
Adrenal_Ki67_Seg_006,1-52.dcm,E:\Computer vision\Projects\dataset\manifest-1788901441878\Adrenal-ACC-Ki67-Seg\Adrenal_Ki67_Seg_006\02-12-2005-NA-CT ABDOMEN-82940\4.000000-CEFC01-80207\1-52.dcm,2.1297099811964566,0.9935145920663093,0.5698323591406486,44.57405570597539,0.2356669356072027
Adrenal_Ki67_Seg_006,1-53.dcm,E:\Computer vision\Projects\dataset\manifest-1788901441878\Adrenal-ACC-Ki67-Seg\Adrenal_Ki67_Seg_006\02-12-2005-NA-CT ABDOMEN-82940\4.000000-CEFC01-80207\1-53.dcm,2.1737125700345814,0.9934010054865392,0.5683093858078208,45.90108034206364,0.2352007764736282
Adrenal_Ki67_Seg_006,1-54.dcm,E:\Computer vision\Projects\dataset\manifest-1788901441878\Adrenal-ACC-Ki67-Seg\Adrenal_Ki67_Seg_006\02-12-2005-NA-CT ABDOMEN-82940\4.000000-CEFC01-80207\1-54.dcm,2.142252059390091,0.993334410011537,0.5655172278477893,42.17322620547562,0.23531809402958817
Adrenal_Ki67_Seg_006,1-55.dcm,E:\Computer vision\Projects\dataset\manifest-1788901441878\Adrenal-ACC-Ki67-Seg\Adrenal_Ki67_Seg_006\02-12-2005-NA-CT ABDOMEN-82940\4.000000-CEFC01-80207\1-55.dcm,2.2635329981119865,0.99326576382241,0.5532021999125148,46.73038935972213,0.2333661792914449
Adrenal_Ki67_Seg_006,1-56.dcm,E:\Computer vision\Projects\dataset\manifest-1788901441878\Adrenal-ACC-Ki67-Seg\Adrenal_Ki67_Seg_006\02-12-2005-NA-CT ABDOMEN-82940\4.000000-CEFC01-80207\1-56.dcm,2.318342837228718,0.9932730345900985,0.552606346796745,49.750843478693795,0.2334622458024938
Adrenal_Ki67_Seg_006,1-57.dcm,E:\Computer vision\Projects\dataset\manifest-1788901441878\Adrenal-ACC-Ki67-Seg\Adrenal_Ki67_Seg_006\02-12-2005-NA-CT ABDOMEN-82940\4.000000-CEFC01-80207\1-57.dcm,2.3087917095905732,0.9932632981474491,0.5570683367626026,50.04023422091676,0.23432462866327408
Adrenal_Ki67_Seg_006,1-58.dcm,E:\Computer vision\Projects\dataset\manifest-1788901441878\Adrenal-ACC-Ki67-Seg\Adrenal_Ki67_Seg_006\02-12-2005-NA-CT ABDOMEN-82940\4.000000-CEFC01-80207\1-58.dcm,2.350833521624075,0.9930710438734329,0.5518197326719025,49.65862569460135,0.23404556356698997
Adrenal_Ki67_Seg_006,1-59.dcm,E:\Computer vision\Projects\dataset\manifest-1788901441878\Adrenal-ACC-Ki67-Seg\Adrenal_Ki67_Seg_006\02-12-2005-NA-CT ABDOMEN-82940\4.000000-CEFC01-80207\1-59.dcm,2.4232367369916625,0.9928982769241241,0.5474711525255487,53.81672098375849,0.23368940661861148
Adrenal_Ki67_Seg_006,1-60.dcm,E:\Computer vision\Projects\dataset\manifest-1788901441878\Adrenal-ACC-Ki67-Seg\Adrenal_Ki67_Seg_006\02-12-2005-NA-CT ABDOMEN-82940\4.000000-CEFC01-80207\1-60.dcm,2.5241937645765757,0.9929303519307617,0.5369787323565036,56.542009260074835,0.23253302472416457
Adrenal_Ki67_Seg_006,1-61.dcm,E:\Computer vision\Projects\dataset\manifest-1788901441878\Adrenal-ACC-Ki67-Seg\Adrenal_Ki67_Seg_006\02-12-2005-NA-CT ABDOMEN-82940\4.000000-CEFC01-80207\1-61.dcm,2.4192539091072724,0.9931512827868576,0.5466974122635551,52.27724311717556,0.2336878541235248
Adrenal_Ki67_Seg_006,1-62.dcm,E:\Computer vision\Projects\dataset\manifest-1788901441878\Adrenal-ACC-Ki67-Seg\Adrenal_Ki67_Seg_006\02-12-2005-NA-CT ABDOMEN-82940\4.000000-CEFC01-80207\1-62.dcm,2.4390952853274914,0.9930406572466614,0.5444742669852953,51.735138116045825,0.23327040687932302
Adrenal_Ki67_Seg_006,1-63.dcm,E:\Computer vision\Projects\dataset\manifest-1788901441878\Adrenal-ACC-Ki67-Seg\Adrenal_Ki67_Seg_006\02-12-2005-NA-CT ABDOMEN-82940\4.000000-CEFC01-80207\1-63.dcm,2.5298922721650117,0.9929678039898171,0.5327493918577583,54.38301783464371,0.23204567336732723
Adrenal_Ki67_Seg_006,1-64.dcm,E:\Computer vision\Projects\dataset\manifest-1788901441878\Adrenal-ACC-Ki67-Seg\Adrenal_Ki67_Seg_006\02-12-2005-NA-CT ABDOMEN-82940\4.000000-CEFC01-80207\1-64.dcm,2.4990253560609834,0.9929719832765187,0.5370875492945123,54.00510874269017,0.2319277301561593
Adrenal_Ki67_Seg_006,1-65.dcm,E:\Computer vision\Projects\dataset\manifest-1788901441878\Adrenal-ACC-Ki67-Seg\Adrenal_Ki67_Seg_006\02-12-2005-NA-CT ABDOMEN-82940\4.000000-CEFC01-80207\1-65.dcm,2.437222590293389,0.9930204589431112,0.5405373937634543,50.86013763734054,0.23231135897239508
Adrenal_Ki67_Seg_006,1-66.dcm,E:\Computer vision\Projects\dataset\manifest-1788901441878\Adrenal-ACC-Ki67-Seg\Adrenal_Ki67_Seg_006\02-12-2005-NA-CT ABDOMEN-82940\4.000000-CEFC01-80207\1-66.dcm,2.445004423236737,0.992936882916903,0.5430641515034506,52.72168075336721,0.23249663098373782
Adrenal_Ki67_Seg_006,1-67.dcm,E:\Computer vision\Projects\dataset\manifest-1788901441878\Adrenal-ACC-Ki67-Seg\Adrenal_Ki67_Seg_006\02-12-2005-NA-CT ABDOMEN-82940\4.000000-CEFC01-80207\1-67.dcm,2.495184224937864,0.9926470375596195,0.5351675642665495,52.59812500718058,0.23198744212387953
Adrenal_Ki67_Seg_006,1-68.dcm,E:\Computer vision\Projects\dataset\manifest-1788901441878\Adrenal-ACC-Ki67-Seg\Adrenal_Ki67_Seg_006\02-12-2005-NA-CT ABDOMEN-82940\4.000000-CEFC01-80207\1-68.dcm,2.448416634433845,0.9922643179090666,0.540990329764476,53.455895925643674,0.23219209495130863
Adrenal_Ki67_Seg_006,1-69.dcm,E:\Computer vision\Projects\dataset\manifest-1788901441878\Adrenal-ACC-Ki67-Seg\Adrenal_Ki67_Seg_006\02-12-2005-NA-CT ABDOMEN-82940\4.000000-CEFC01-80207\1-69.dcm,2.3817463934344616,0.9920967788474349,0.5455539953603965,50.63624909524703,0.23243276530190873
Adrenal_Ki67_Seg_006,1-70.dcm,E:\Computer vision\Projects\dataset\manifest-1788901441878\Adrenal-ACC-Ki67-Seg\Adrenal_Ki67_Seg_006\02-12-2005-NA-CT ABDOMEN-82940\4.000000-CEFC01-80207\1-70.dcm,2.3078687658212096,0.9923013291460195,0.5552842467372159,51.154648611180264,0.23333271521294666
Adrenal_Ki67_Seg_006,1-71.dcm,E:\Computer vision\Projects\dataset\manifest-1788901441878\Adrenal-ACC-Ki67-Seg\Adrenal_Ki67_Seg_006\02-12-2005-NA-CT ABDOMEN-82940\4.000000-CEFC01-80207\1-71.dcm,2.3289241386177286,0.9920631393647781,0.5584411767106929,54.435755837332124,0.23362379465504698
Adrenal_Ki67_Seg_006,1-72.dcm,E:\Computer vision\Projects\dataset\manifest-1788901441878\Adrenal-ACC-Ki67-Seg\Adrenal_Ki67_Seg_006\02-12-2005-NA-CT ABDOMEN-82940\4.000000-CEFC01-80207\1-72.dcm,2.3406543326656992,0.9920425675198681,0.5512860375277294,54.82891839415443,0.2329204216568377
Adrenal_Ki67_Seg_006,1-73.dcm,E:\Computer vision\Projects\dataset\manifest-1788901441878\Adrenal-ACC-Ki67-Seg\Adrenal_Ki67_Seg_006\02-12-2005-NA-CT ABDOMEN-82940\4.000000-CEFC01-80207\1-73.dcm,2.27003956020389,0.9920739132319856,0.5609730710142401,53.98684517905492,0.23320423318642924
Adrenal_Ki67_Seg_006,1-74.dcm,E:\Computer vision\Projects\dataset\manifest-1788901441878\Adrenal-ACC-Ki67-Seg\Adrenal_Ki67_Seg_006\02-12-2005-NA-CT ABDOMEN-82940\4.000000-CEFC01-80207\1-74.dcm,2.261185427445514,0.9922466929761989,0.5643276431975757,54.55808992765805,0.2340979215290084
Adrenal_Ki67_Seg_006,1-75.dcm,E:\Computer vision\Projects\dataset\manifest-1788901441878\Adrenal-ACC-Ki67-Seg\Adrenal_Ki67_Seg_006\02-12-2005-NA-CT ABDOMEN-82940\4.000000-CEFC01-80207\1-75.dcm,2.224865100853627,0.9925637004670529,0.5687049830964859,54.75732323329032,0.234414921482193
Adrenal_Ki67_Seg_006,1-76.dcm,E:\Computer vision\Projects\dataset\manifest-1788901441878\Adrenal-ACC-Ki67-Seg\Adrenal_Ki67_Seg_006\02-12-2005-NA-CT ABDOMEN-82940\4.000000-CEFC01-80207\1-76.dcm,2.408887067681267,0.9925219399224617,0.5451823884144584,59.36214628467262,0.23239780786968173
Adrenal_Ki67_Seg_006,1-77.dcm,E:\Computer vision\Projects\dataset\manifest-1788901441878\Adrenal-ACC-Ki67-Seg\Adrenal_Ki67_Seg_006\02-12-2005-NA-CT ABDOMEN-82940\4.000000-CEFC01-80207\1-77.dcm,2.4659832031893263,0.9924653764161168,0.5427888372823548,63.99830729814914,0.2320604557822152
Adrenal_Ki67_Seg_006,1-78.dcm,E:\Computer vision\Projects\dataset\manifest-1788901441878\Adrenal-ACC-Ki67-Seg\Adrenal_Ki67_Seg_006\02-12-2005-NA-CT ABDOMEN-82940\4.000000-CEFC01-80207\1-78.dcm,2.433086576721137,0.9924631463490375,0.5444831201845036,58.54944642522048,0.23216496930182065
Adrenal_Ki67_Seg_006,1-79.dcm,E:\Computer vision\Projects\dataset\manifest-1788901441878\Adrenal-ACC-Ki67-Seg\Adrenal_Ki67_Seg_006\02-12-2005-NA-CT ABDOMEN-82940\4.000000-CEFC01-80207\1-79.dcm,2.4293105495153586,0.9927763839553169,0.5476475257354092,57.89648477142781,0.23270009830973695
Adrenal_Ki67_Seg_006,1-80.dcm,E:\Computer vision\Projects\dataset\manifest-1788901441878\Adrenal-ACC-Ki67-Seg\Adrenal_Ki67_Seg_006\02-12-2005-NA-CT ABDOMEN-82940\4.000000-CEFC01-80207\1-80.dcm,2.44657840617951,0.9927420177475428,0.5487603437951883,56.44657074689512,0.23303166371799042
Adrenal_Ki67_Seg_006,1-81.dcm,E:\Computer vision\Projects\dataset\manifest-1788901441878\Adrenal-ACC-Ki67-Seg\Adrenal_Ki67_Seg_006\02-12-2005-NA-CT ABDOMEN-82940\4.000000-CEFC01-80207\1-81.dcm,2.4655466239789217,0.9926993605902006,0.5405859492005383,54.1945534828681,0.23232084253143293
Adrenal_Ki67_Seg_006,1-82.dcm,E:\Computer vision\Projects\dataset\manifest-1788901441878\Adrenal-ACC-Ki67-Seg\Adrenal_Ki67_Seg_006\02-12-2005-NA-CT ABDOMEN-82940\4.000000-CEFC01-80207\1-82.dcm,2.385518590998043,0.9926245847550348,0.5517241634451743,51.166313701310884,0.23311017549913132
Adrenal_Ki67_Seg_006,1-83.dcm,E:\Computer vision\Projects\dataset\manifest-1788901441878\Adrenal-ACC-Ki67-Seg\Adrenal_Ki67_Seg_006\02-12-2005-NA-CT ABDOMEN-82940\4.000000-CEFC01-80207\1-83.dcm,2.230387444901023,0.9927191488663907,0.5692896390027701,45.9568437620873,0.2355767544499435
Adrenal_Ki67_Seg_006,1-84.dcm,E:\Computer vision\Projects\dataset\manifest-1788901441878\Adrenal-ACC-Ki67-Seg\Adrenal_Ki67_Seg_006\02-12-2005-NA-CT ABDOMEN-82940\4.000000-CEFC01-80207\1-84.dcm,2.1188337973583127,0.9928655257318715,0.5825027776129093,42.40459403877896,0.23715585792344057
Adrenal_Ki67_Seg_006,1-85.dcm,E:\Computer vision\Projects\dataset\manifest-1788901441878\Adrenal-ACC-Ki67-Seg\Adrenal_Ki67_Seg_006\02-12-2005-NA-CT ABDOMEN-82940\4.000000-CEFC01-80207\1-85.dcm,2.162143220958866,0.9927979730715174,0.574020340276918,41.664128890437766,0.23626178035538395
Adrenal_Ki67_Seg_006,1-86.dcm,E:\Computer vision\Projects\dataset\manifest-1788901441878\Adrenal-ACC-Ki67-Seg\Adrenal_Ki67_Seg_006\02-12-2005-NA-CT ABDOMEN-82940\4.000000-CEFC01-80207\1-86.dcm,2.1619938649132013,0.9927404839783532,0.5753534691961144,43.356972438065114,0.23610850900894473
Adrenal_Ki67_Seg_006,1-87.dcm,E:\Computer vision\Projects\dataset\manifest-1788901441878\Adrenal-ACC-Ki67-Seg\Adrenal_Ki67_Seg_006\02-12-2005-NA-CT ABDOMEN-82940\4.000000-CEFC01-80207\1-87.dcm,2.1379398822767985,0.9927271384656832,0.5785360514953146,42.06236572317049,0.2361880147415087
Adrenal_Ki67_Seg_006,1-88.dcm,E:\Computer vision\Projects\dataset\manifest-1788901441878\Adrenal-ACC-Ki67-Seg\Adrenal_Ki67_Seg_006\02-12-2005-NA-CT ABDOMEN-82940\4.000000-CEFC01-80207\1-88.dcm,2.0744137775207667,0.9929498915613224,0.5888767906103389,41.78391243906083,0.23779379776488502
Adrenal_Ki67_Seg_006,1-89.dcm,E:\Computer vision\Projects\dataset\manifest-1788901441878\Adrenal-ACC-Ki67-Seg\Adrenal_Ki67_Seg_006\02-12-2005-NA-CT ABDOMEN-82940\4.000000-CEFC01-80207\1-89.dcm,2.062411678876843,0.9928590811974781,0.5909534538430672,41.43641070614773,0.2386077740348513
Adrenal_Ki67_Seg_006,1-90.dcm,E:\Computer vision\Projects\dataset\manifest-1788901441878\Adrenal-ACC-Ki67-Seg\Adrenal_Ki67_Seg_006\02-12-2005-NA-CT ABDOMEN-82940\4.000000-CEFC01-80207\1-90.dcm,2.0554723672167308,0.9927423604570639,0.5873355819276956,41.87548684326424,0.23717129427792724
Adrenal_Ki67_Seg_007,1-001.dcm,E:\Computer vision\Projects\dataset\manifest-1788901441878\Adrenal-ACC-Ki67-Seg\Adrenal_Ki67_Seg_007\03-12-2005-NA-CT ABDOMEN-34185\2.000000-AX W-49827\1-001.dcm,1.9787301672404745,0.9861933989602574,0.648805748681108,35.98479632047977,0.23679664375540607
Adrenal_Ki67_Seg_007,1-002.dcm,E:\Computer vision\Projects\dataset\manifest-1788901441878\Adrenal-ACC-Ki67-Seg\Adrenal_Ki67_Seg_007\03-12-2005-NA-CT ABDOMEN-34185\2.000000-AX W-49827\1-002.dcm,1.9874808996595452,0.9860741299479056,0.6503099465350866,36.17222283922013,0.2374631800637019
Adrenal_Ki67_Seg_007,1-003.dcm,E:\Computer vision\Projects\dataset\manifest-1788901441878\Adrenal-ACC-Ki67-Seg\Adrenal_Ki67_Seg_007\03-12-2005-NA-CT ABDOMEN-34185\2.000000-AX W-49827\1-003.dcm,2.0048636455895923,0.9859091311651782,0.6497718913616727,36.4144668563616,0.23678891128561913
Adrenal_Ki67_Seg_007,1-004.dcm,E:\Computer vision\Projects\dataset\manifest-1788901441878\Adrenal-ACC-Ki67-Seg\Adrenal_Ki67_Seg_007\03-12-2005-NA-CT ABDOMEN-34185\2.000000-AX W-49827\1-004.dcm,1.974835421126604,0.9860766322523816,0.650797146757934,35.733338184213444,0.2362439667755487
Adrenal_Ki67_Seg_007,1-005.dcm,E:\Computer vision\Projects\dataset\manifest-1788901441878\Adrenal-ACC-Ki67-Seg\Adrenal_Ki67_Seg_007\03-12-2005-NA-CT ABDOMEN-34185\2.000000-AX W-49827\1-005.dcm,1.9656404502127363,0.9859654049446781,0.6534024366552568,35.76214092317355,0.23710829930000882
Adrenal_Ki67_Seg_007,1-006.dcm,E:\Computer vision\Projects\dataset\manifest-1788901441878\Adrenal-ACC-Ki67-Seg\Adrenal_Ki67_Seg_007\03-12-2005-NA-CT ABDOMEN-34185\2.000000-AX W-49827\1-006.dcm,1.9616499630439528,0.9856152977002851,0.6567262264610855,36.42920331953385,0.23867474336056801
Adrenal_Ki67_Seg_007,1-007.dcm,E:\Computer vision\Projects\dataset\manifest-1788901441878\Adrenal-ACC-Ki67-Seg\Adrenal_Ki67_Seg_007\03-12-2005-NA-CT ABDOMEN-34185\2.000000-AX W-49827\1-007.dcm,1.972970385376894,0.984723703859954,0.6567786438041714,38.4390837964009,0.24029352795784856
Adrenal_Ki67_Seg_007,1-008.dcm,E:\Computer vision\Projects\dataset\manifest-1788901441878\Adrenal-ACC-Ki67-Seg\Adrenal_Ki67_Seg_007\03-12-2005-NA-CT ABDOMEN-34185\2.000000-AX W-49827\1-008.dcm,1.9820964227312245,0.9841733381964624,0.6599665243813373,39.89580692475903,0.24263112851295435
Adrenal_Ki67_Seg_007,1-009.dcm,E:\Computer vision\Projects\dataset\manifest-1788901441878\Adrenal-ACC-Ki67-Seg\Adrenal_Ki67_Seg_007\03-12-2005-NA-CT ABDOMEN-34185\2.000000-AX W-49827\1-009.dcm,1.9685280004289198,0.9839554080690954,0.6640241190652011,40.15032877478258,0.24481475914732706
Adrenal_Ki67_Seg_007,1-010.dcm,E:\Computer vision\Projects\dataset\manifest-1788901441878\Adrenal-ACC-Ki67-Seg\Adrenal_Ki67_Seg_007\03-12-2005-NA-CT ABDOMEN-34185\2.000000-AX W-49827\1-010.dcm,1.939943551074023,0.9845209771077877,0.667772909830735,38.369506856974354,0.24713930547925816
Adrenal_Ki67_Seg_007,1-011.dcm,E:\Computer vision\Projects\dataset\manifest-1788901441878\Adrenal-ACC-Ki67-Seg\Adrenal_Ki67_Seg_007\03-12-2005-NA-CT ABDOMEN-34185\2.000000-AX W-49827\1-011.dcm,1.9199834559457107,0.9843827155583136,0.673302819092761,38.734295594762585,0.2487463930733105
Adrenal_Ki67_Seg_007,1-012.dcm,E:\Computer vision\Projects\dataset\manifest-1788901441878\Adrenal-ACC-Ki67-Seg\Adrenal_Ki67_Seg_007\03-12-2005-NA-CT ABDOMEN-34185\2.000000-AX W-49827\1-012.dcm,1.9040061887017896,0.9849135137629297,0.6756405828404972,37.41415665534369,0.25179254257937633
Adrenal_Ki67_Seg_007,1-013.dcm,E:\Computer vision\Projects\dataset\manifest-1788901441878\Adrenal-ACC-Ki67-Seg\Adrenal_Ki67_Seg_007\03-12-2005-NA-CT ABDOMEN-34185\2.000000-AX W-49827\1-013.dcm,1.920649813687907,0.9846813327179614,0.6755933234110884,38.34623795098824,0.2519055761719131
Adrenal_Ki67_Seg_007,1-014.dcm,E:\Computer vision\Projects\dataset\manifest-1788901441878\Adrenal-ACC-Ki67-Seg\Adrenal_Ki67_Seg_007\03-12-2005-NA-CT ABDOMEN-34185\2.000000-AX W-49827\1-014.dcm,1.9314187675445478,0.9846016320990787,0.675818503462714,38.58207497673492,0.2535830488739065
Adrenal_Ki67_Seg_007,1-015.dcm,E:\Computer vision\Projects\dataset\manifest-1788901441878\Adrenal-ACC-Ki67-Seg\Adrenal_Ki67_Seg_007\03-12-2005-NA-CT ABDOMEN-34185\2.000000-AX W-49827\1-015.dcm,1.9311047368844332,0.9846145459313361,0.6758890813264061,38.59726333768637,0.25291490423758056
Adrenal_Ki67_Seg_007,1-016.dcm,E:\Computer vision\Projects\dataset\manifest-1788901441878\Adrenal-ACC-Ki67-Seg\Adrenal_Ki67_Seg_007\03-12-2005-NA-CT ABDOMEN-34185\2.000000-AX W-49827\1-016.dcm,1.9334331593399225,0.9846075756082598,0.6764604725266755,38.719903799388014,0.25140132445170077
Adrenal_Ki67_Seg_007,1-017.dcm,E:\Computer vision\Projects\dataset\manifest-1788901441878\Adrenal-ACC-Ki67-Seg\Adrenal_Ki67_Seg_007\03-12-2005-NA-CT ABDOMEN-34185\2.000000-AX W-49827\1-017.dcm,1.9707032371965487,0.9835971871840429,0.6731168212181963,41.57364593426036,0.24950484282914065
Adrenal_Ki67_Seg_007,1-018.dcm,E:\Computer vision\Projects\dataset\manifest-1788901441878\Adrenal-ACC-Ki67-Seg\Adrenal_Ki67_Seg_007\03-12-2005-NA-CT ABDOMEN-34185\2.000000-AX W-49827\1-018.dcm,1.9764323819225567,0.9834838364645881,0.670825441897136,42.255804780159394,0.2460690029455149
Adrenal_Ki67_Seg_007,1-019.dcm,E:\Computer vision\Projects\dataset\manifest-1788901441878\Adrenal-ACC-Ki67-Seg\Adrenal_Ki67_Seg_007\03-12-2005-NA-CT ABDOMEN-34185\2.000000-AX W-49827\1-019.dcm,1.9382929752873186,0.9836507124433421,0.6771120644310591,42.054943876593605,0.2447722567574788
Adrenal_Ki67_Seg_007,1-020.dcm,E:\Computer vision\Projects\dataset\manifest-1788901441878\Adrenal-ACC-Ki67-Seg\Adrenal_Ki67_Seg_007\03-12-2005-NA-CT ABDOMEN-34185\2.000000-AX W-49827\1-020.dcm,1.837829971545759,0.9860534444070658,0.6867616971161986,35.661796638340086,0.2497439919702491
Adrenal_Ki67_Seg_007,1-021.dcm,E:\Computer vision\Projects\dataset\manifest-1788901441878\Adrenal-ACC-Ki67-Seg\Adrenal_Ki67_Seg_007\03-12-2005-NA-CT ABDOMEN-34185\2.000000-AX W-49827\1-021.dcm,1.9268002190555333,0.9876785412608423,0.6702598931639092,37.67984957165452,0.24059286135139954
Adrenal_Ki67_Seg_007,1-022.dcm,E:\Computer vision\Projects\dataset\manifest-1788901441878\Adrenal-ACC-Ki67-Seg\Adrenal_Ki67_Seg_007\03-12-2005-NA-CT ABDOMEN-34185\2.000000-AX W-49827\1-022.dcm,2.6440845431811306,0.9880549515725713,0.611640927596896,72.07961060198146,0.23351934691321893
Adrenal_Ki67_Seg_007,1-023.dcm,E:\Computer vision\Projects\dataset\manifest-1788901441878\Adrenal-ACC-Ki67-Seg\Adrenal_Ki67_Seg_007\03-12-2005-NA-CT ABDOMEN-34185\2.000000-AX W-49827\1-023.dcm,2.588554731331451,0.9881349536935785,0.6141199749377876,69.28126807112412,0.23465946118512368
Adrenal_Ki67_Seg_007,1-024.dcm,E:\Computer vision\Projects\dataset\manifest-1788901441878\Adrenal-ACC-Ki67-Seg\Adrenal_Ki67_Seg_007\03-12-2005-NA-CT ABDOMEN-34185\2.000000-AX W-49827\1-024.dcm,1.793953760900119,0.9872175598807094,0.6801494199892384,34.67848621903256,0.2531188487522088
Adrenal_Ki67_Seg_007,1-025.dcm,E:\Computer vision\Projects\dataset\manifest-1788901441878\Adrenal-ACC-Ki67-Seg\Adrenal_Ki67_Seg_007\03-12-2005-NA-CT ABDOMEN-34185\2.000000-AX W-49827\1-025.dcm,1.8049410043619625,0.9874632038166753,0.6767068151125413,34.6411357186898,0.25338833010922346
Adrenal_Ki67_Seg_007,1-026.dcm,E:\Computer vision\Projects\dataset\manifest-1788901441878\Adrenal-ACC-Ki67-Seg\Adrenal_Ki67_Seg_007\03-12-2005-NA-CT ABDOMEN-34185\2.000000-AX W-49827\1-026.dcm,1.8351147552284186,0.9871118452668693,0.6713662729060509,36.22214605489408,0.25187832254635467
Adrenal_Ki67_Seg_007,1-027.dcm,E:\Computer vision\Projects\dataset\manifest-1788901441878\Adrenal-ACC-Ki67-Seg\Adrenal_Ki67_Seg_007\03-12-2005-NA-CT ABDOMEN-34185\2.000000-AX W-49827\1-027.dcm,2.0068244223942155,0.9885310536610501,0.6479656859781728,40.57589393422973,0.24448739874080172
Adrenal_Ki67_Seg_007,1-028.dcm,E:\Computer vision\Projects\dataset\manifest-1788901441878\Adrenal-ACC-Ki67-Seg\Adrenal_Ki67_Seg_007\03-12-2005-NA-CT ABDOMEN-34185\2.000000-AX W-49827\1-028.dcm,2.642487582385178,0.9889942543890455,0.591489775547971,69.93967164647806,0.2301308289846471
Adrenal_Ki67_Seg_007,1-029.dcm,E:\Computer vision\Projects\dataset\manifest-1788901441878\Adrenal-ACC-Ki67-Seg\Adrenal_Ki67_Seg_007\03-12-2005-NA-CT ABDOMEN-34185\2.000000-AX W-49827\1-029.dcm,2.582488578092149,0.9891103595967263,0.5952060812755156,67.75441270522094,0.23048474573572314
Adrenal_Ki67_Seg_007,1-030.dcm,E:\Computer vision\Projects\dataset\manifest-1788901441878\Adrenal-ACC-Ki67-Seg\Adrenal_Ki67_Seg_007\03-12-2005-NA-CT ABDOMEN-34185\2.000000-AX W-49827\1-030.dcm,2.596102956100811,0.9892879026392022,0.5906613444401925,69.28241313414088,0.22882400327861127
Adrenal_Ki67_Seg_007,1-031.dcm,E:\Computer vision\Projects\dataset\manifest-1788901441878\Adrenal-ACC-Ki67-Seg\Adrenal_Ki67_Seg_007\03-12-2005-NA-CT ABDOMEN-34185\2.000000-AX W-49827\1-031.dcm,2.573956135278281,0.9895205644994374,0.5880175706337124,68.40144607289342,0.2272419709767154
Adrenal_Ki67_Seg_007,1-032.dcm,E:\Computer vision\Projects\dataset\manifest-1788901441878\Adrenal-ACC-Ki67-Seg\Adrenal_Ki67_Seg_007\03-12-2005-NA-CT ABDOMEN-34185\2.000000-AX W-49827\1-032.dcm,2.5447704320985287,0.9897173987848833,0.5903406371718595,66.97109386070059,0.22839977311127738
Adrenal_Ki67_Seg_007,1-033.dcm,E:\Computer vision\Projects\dataset\manifest-1788901441878\Adrenal-ACC-Ki67-Seg\Adrenal_Ki67_Seg_007\03-12-2005-NA-CT ABDOMEN-34185\2.000000-AX W-49827\1-033.dcm,2.6054626016291302,0.9898719229969271,0.5799651883377102,69.26714818034552,0.22563864756331636
Adrenal_Ki67_Seg_007,1-034.dcm,E:\Computer vision\Projects\dataset\manifest-1788901441878\Adrenal-ACC-Ki67-Seg\Adrenal_Ki67_Seg_007\03-12-2005-NA-CT ABDOMEN-34185\2.000000-AX W-49827\1-034.dcm,2.6136197395077376,0.9900157797401983,0.5774481257923803,69.07630945040805,0.22562795209331143
Adrenal_Ki67_Seg_007,1-035.dcm,E:\Computer vision\Projects\dataset\manifest-1788901441878\Adrenal-ACC-Ki67-Seg\Adrenal_Ki67_Seg_007\03-12-2005-NA-CT ABDOMEN-34185\2.000000-AX W-49827\1-035.dcm,2.6763339601181064,0.9900838330038843,0.5690676887731486,71.56338632281586,0.2246447961725409
Adrenal_Ki67_Seg_007,1-036.dcm,E:\Computer vision\Projects\dataset\manifest-1788901441878\Adrenal-ACC-Ki67-Seg\Adrenal_Ki67_Seg_007\03-12-2005-NA-CT ABDOMEN-34185\2.000000-AX W-49827\1-036.dcm,2.6605711528371905,0.9901006550656977,0.5675366422087365,70.08809325944677,0.22419340736851295
Adrenal_Ki67_Seg_007,1-037.dcm,E:\Computer vision\Projects\dataset\manifest-1788901441878\Adrenal-ACC-Ki67-Seg\Adrenal_Ki67_Seg_007\03-12-2005-NA-CT ABDOMEN-34185\2.000000-AX W-49827\1-037.dcm,2.58245411131238,0.9901317380457828,0.5722815294027626,65.71384530543313,0.22526450673013368
Adrenal_Ki67_Seg_007,1-038.dcm,E:\Computer vision\Projects\dataset\manifest-1788901441878\Adrenal-ACC-Ki67-Seg\Adrenal_Ki67_Seg_007\03-12-2005-NA-CT ABDOMEN-34185\2.000000-AX W-49827\1-038.dcm,2.6038081962002293,0.990208129349251,0.5687271965197513,66.52341634721068,0.22481850585607607
Adrenal_Ki67_Seg_007,1-039.dcm,E:\Computer vision\Projects\dataset\manifest-1788901441878\Adrenal-ACC-Ki67-Seg\Adrenal_Ki67_Seg_007\03-12-2005-NA-CT ABDOMEN-34185\2.000000-AX W-49827\1-039.dcm,2.6542560728551132,0.9902301034089602,0.5634079832662165,69.3820412758836,0.22426305132698454
Adrenal_Ki67_Seg_007,1-040.dcm,E:\Computer vision\Projects\dataset\manifest-1788901441878\Adrenal-ACC-Ki67-Seg\Adrenal_Ki67_Seg_007\03-12-2005-NA-CT ABDOMEN-34185\2.000000-AX W-49827\1-040.dcm,1.7106513838412079,0.9902574427755656,0.6521338610368597,29.725839744792644,0.243385979076768
Adrenal_Ki67_Seg_007,1-041.dcm,E:\Computer vision\Projects\dataset\manifest-1788901441878\Adrenal-ACC-Ki67-Seg\Adrenal_Ki67_Seg_007\03-12-2005-NA-CT ABDOMEN-34185\2.000000-AX W-49827\1-041.dcm,1.6861263552146324,0.9902810318806776,0.6576033703392998,29.613730799131442,0.24392007324596948
Adrenal_Ki67_Seg_007,1-042.dcm,E:\Computer vision\Projects\dataset\manifest-1788901441878\Adrenal-ACC-Ki67-Seg\Adrenal_Ki67_Seg_007\03-12-2005-NA-CT ABDOMEN-34185\2.000000-AX W-49827\1-042.dcm,1.662620011412334,0.9903411408084453,0.661531878249498,29.388586134397464,0.24399747079573247
Adrenal_Ki67_Seg_007,1-043.dcm,E:\Computer vision\Projects\dataset\manifest-1788901441878\Adrenal-ACC-Ki67-Seg\Adrenal_Ki67_Seg_007\03-12-2005-NA-CT ABDOMEN-34185\2.000000-AX W-49827\1-043.dcm,1.6697048494759135,0.9903330760024012,0.6618801238675996,29.433293377399753,0.2438725120744246
Adrenal_Ki67_Seg_007,1-044.dcm,E:\Computer vision\Projects\dataset\manifest-1788901441878\Adrenal-ACC-Ki67-Seg\Adrenal_Ki67_Seg_007\03-12-2005-NA-CT ABDOMEN-34185\2.000000-AX W-49827\1-044.dcm,1.6650748120603094,0.9903813186395588,0.660631412298655,29.198501843972714,0.2439700387733646
Adrenal_Ki67_Seg_007,1-045.dcm,E:\Computer vision\Projects\dataset\manifest-1788901441878\Adrenal-ACC-Ki67-Seg\Adrenal_Ki67_Seg_007\03-12-2005-NA-CT ABDOMEN-34185\2.000000-AX W-49827\1-045.dcm,1.6521765771423975,0.9905660800511686,0.6624569736590448,28.55733548814534,0.24481522249889365
Adrenal_Ki67_Seg_007,1-046.dcm,E:\Computer vision\Projects\dataset\manifest-1788901441878\Adrenal-ACC-Ki67-Seg\Adrenal_Ki67_Seg_007\03-12-2005-NA-CT ABDOMEN-34185\2.000000-AX W-49827\1-046.dcm,1.6577295583273657,0.9904932385518294,0.6606217093712856,28.75983930821344,0.24458602979278118
Adrenal_Ki67_Seg_007,1-047.dcm,E:\Computer vision\Projects\dataset\manifest-1788901441878\Adrenal-ACC-Ki67-Seg\Adrenal_Ki67_Seg_007\03-12-2005-NA-CT ABDOMEN-34185\2.000000-AX W-49827\1-047.dcm,2.2159496938201064,0.9907130931616569,0.599249967757733,50.261721577353036,0.2297912035050005
Adrenal_Ki67_Seg_007,1-048.dcm,E:\Computer vision\Projects\dataset\manifest-1788901441878\Adrenal-ACC-Ki67-Seg\Adrenal_Ki67_Seg_007\03-12-2005-NA-CT ABDOMEN-34185\2.000000-AX W-49827\1-048.dcm,1.4016643624986118,0.9903786575999569,0.6885096291055817,20.64613723139847,0.2507157016111596
Adrenal_Ki67_Seg_007,1-049.dcm,E:\Computer vision\Projects\dataset\manifest-1788901441878\Adrenal-ACC-Ki67-Seg\Adrenal_Ki67_Seg_007\03-12-2005-NA-CT ABDOMEN-34185\2.000000-AX W-49827\1-049.dcm,1.6823196908712814,0.9906752861424826,0.6521257065187274,28.755285863641753,0.24122000532938495
Adrenal_Ki67_Seg_007,1-050.dcm,E:\Computer vision\Projects\dataset\manifest-1788901441878\Adrenal-ACC-Ki67-Seg\Adrenal_Ki67_Seg_007\03-12-2005-NA-CT ABDOMEN-34185\2.000000-AX W-49827\1-050.dcm,1.6437130678880667,0.990640567386388,0.6601809985719819,27.930652839105235,0.24571418442260912
Adrenal_Ki67_Seg_007,1-051.dcm,E:\Computer vision\Projects\dataset\manifest-1788901441878\Adrenal-ACC-Ki67-Seg\Adrenal_Ki67_Seg_007\03-12-2005-NA-CT ABDOMEN-34185\2.000000-AX W-49827\1-051.dcm,2.272122885558802,0.9908300632017933,0.5958256668016031,53.68706078791058,0.22969128047686857
Adrenal_Ki67_Seg_007,1-052.dcm,E:\Computer vision\Projects\dataset\manifest-1788901441878\Adrenal-ACC-Ki67-Seg\Adrenal_Ki67_Seg_007\03-12-2005-NA-CT ABDOMEN-34185\2.000000-AX W-49827\1-052.dcm,2.408852600901498,0.990759651593522,0.5865320419195891,61.80936807074116,0.22767019021609577
Adrenal_Ki67_Seg_007,1-053.dcm,E:\Computer vision\Projects\dataset\manifest-1788901441878\Adrenal-ACC-Ki67-Seg\Adrenal_Ki67_Seg_007\03-12-2005-NA-CT ABDOMEN-34185\2.000000-AX W-49827\1-053.dcm,1.3638428161656857,0.990206524363249,0.6992484968969752,20.54406194829217,0.2526836005840366
Adrenal_Ki67_Seg_007,1-054.dcm,E:\Computer vision\Projects\dataset\manifest-1788901441878\Adrenal-ACC-Ki67-Seg\Adrenal_Ki67_Seg_007\03-12-2005-NA-CT ABDOMEN-34185\2.000000-AX W-49827\1-054.dcm,1.5856480329042857,0.9904859955577361,0.6755600244110478,27.71862852853658,0.25014232414401133
Adrenal_Ki67_Seg_007,1-055.dcm,E:\Computer vision\Projects\dataset\manifest-1788901441878\Adrenal-ACC-Ki67-Seg\Adrenal_Ki67_Seg_007\03-12-2005-NA-CT ABDOMEN-34185\2.000000-AX W-49827\1-055.dcm,1.93453992593472,0.9904837387996438,0.6350719525263679,39.934953527291945,0.2369555545463133
Adrenal_Ki67_Seg_007,1-056.dcm,E:\Computer vision\Projects\dataset\manifest-1788901441878\Adrenal-ACC-Ki67-Seg\Adrenal_Ki67_Seg_007\03-12-2005-NA-CT ABDOMEN-34185\2.000000-AX W-49827\1-056.dcm,2.1105081552230573,0.9903685777445783,0.618550425712899,46.868662420870024,0.2337021270908081
Adrenal_Ki67_Seg_007,1-057.dcm,E:\Computer vision\Projects\dataset\manifest-1788901441878\Adrenal-ACC-Ki67-Seg\Adrenal_Ki67_Seg_007\03-12-2005-NA-CT ABDOMEN-34185\2.000000-AX W-49827\1-057.dcm,2.3029017198923105,0.990309496385295,0.6024310433030807,55.0923594808537,0.2311486731790648
Adrenal_Ki67_Seg_007,1-058.dcm,E:\Computer vision\Projects\dataset\manifest-1788901441878\Adrenal-ACC-Ki67-Seg\Adrenal_Ki67_Seg_007\03-12-2005-NA-CT ABDOMEN-34185\2.000000-AX W-49827\1-058.dcm,1.9296801099873244,0.9902657709169332,0.6365315784391307,38.22682204801606,0.23916947735608615
Adrenal_Ki67_Seg_007,1-059.dcm,E:\Computer vision\Projects\dataset\manifest-1788901441878\Adrenal-ACC-Ki67-Seg\Adrenal_Ki67_Seg_007\03-12-2005-NA-CT ABDOMEN-34185\2.000000-AX W-49827\1-059.dcm,1.9562539971890427,0.9902702280375879,0.631173942237588,39.16860382734441,0.23595263376866832
Adrenal_Ki67_Seg_007,1-060.dcm,E:\Computer vision\Projects\dataset\manifest-1788901441878\Adrenal-ACC-Ki67-Seg\Adrenal_Ki67_Seg_007\03-12-2005-NA-CT ABDOMEN-34185\2.000000-AX W-49827\1-060.dcm,2.060864503429445,0.9902881674028526,0.6207428797161898,43.80178920883422,0.23419441099766483
Adrenal_Ki67_Seg_007,1-061.dcm,E:\Computer vision\Projects\dataset\manifest-1788901441878\Adrenal-ACC-Ki67-Seg\Adrenal_Ki67_Seg_007\03-12-2005-NA-CT ABDOMEN-34185\2.000000-AX W-49827\1-061.dcm,1.731067206390907,0.9903839444905962,0.6486941909058244,30.426897874931544,0.23907029197756993
Adrenal_Ki67_Seg_007,1-062.dcm,E:\Computer vision\Projects\dataset\manifest-1788901441878\Adrenal-ACC-Ki67-Seg\Adrenal_Ki67_Seg_007\03-12-2005-NA-CT ABDOMEN-34185\2.000000-AX W-49827\1-062.dcm,2.4449201711084134,0.9905129435168268,0.5850110829548854,61.90628865545092,0.2269548313063652
Adrenal_Ki67_Seg_007,1-063.dcm,E:\Computer vision\Projects\dataset\manifest-1788901441878\Adrenal-ACC-Ki67-Seg\Adrenal_Ki67_Seg_007\03-12-2005-NA-CT ABDOMEN-34185\2.000000-AX W-49827\1-063.dcm,2.194752624262315,0.9905235163798568,0.6065873018867864,51.44590438915292,0.23119737690163253
Adrenal_Ki67_Seg_007,1-064.dcm,E:\Computer vision\Projects\dataset\manifest-1788901441878\Adrenal-ACC-Ki67-Seg\Adrenal_Ki67_Seg_007\03-12-2005-NA-CT ABDOMEN-34185\2.000000-AX W-49827\1-064.dcm,1.836133440052696,0.9903993936317486,0.6446262548930214,36.483480838385276,0.2398312250082594
Adrenal_Ki67_Seg_007,1-065.dcm,E:\Computer vision\Projects\dataset\manifest-1788901441878\Adrenal-ACC-Ki67-Seg\Adrenal_Ki67_Seg_007\03-12-2005-NA-CT ABDOMEN-34185\2.000000-AX W-49827\1-065.dcm,1.8125083773423047,0.9901704371577718,0.6477815435529627,35.50874881759796,0.23879568383894
Adrenal_Ki67_Seg_007,1-066.dcm,E:\Computer vision\Projects\dataset\manifest-1788901441878\Adrenal-ACC-Ki67-Seg\Adrenal_Ki67_Seg_007\03-12-2005-NA-CT ABDOMEN-34185\2.000000-AX W-49827\1-066.dcm,2.4377051252101514,0.990013098826085,0.5917484133314307,63.057854404662976,0.22765368089356294
Adrenal_Ki67_Seg_007,1-067.dcm,E:\Computer vision\Projects\dataset\manifest-1788901441878\Adrenal-ACC-Ki67-Seg\Adrenal_Ki67_Seg_007\03-12-2005-NA-CT ABDOMEN-34185\2.000000-AX W-49827\1-067.dcm,2.249665863718353,0.9897357962951598,0.6104751169192587,52.39400507810555,0.23041074984736035
Adrenal_Ki67_Seg_007,1-068.dcm,E:\Computer vision\Projects\dataset\manifest-1788901441878\Adrenal-ACC-Ki67-Seg\Adrenal_Ki67_Seg_007\03-12-2005-NA-CT ABDOMEN-34185\2.000000-AX W-49827\1-068.dcm,2.1279062197218916,0.9894852048379116,0.6218022567347629,45.822048016053856,0.23227012477625425
Adrenal_Ki67_Seg_007,1-069.dcm,E:\Computer vision\Projects\dataset\manifest-1788901441878\Adrenal-ACC-Ki67-Seg\Adrenal_Ki67_Seg_007\03-12-2005-NA-CT ABDOMEN-34185\2.000000-AX W-49827\1-069.dcm,2.613887814461495,0.9894240235175393,0.5854357864031843,68.47002347570665,0.22609207174320256
Adrenal_Ki67_Seg_007,1-070.dcm,E:\Computer vision\Projects\dataset\manifest-1788901441878\Adrenal-ACC-Ki67-Seg\Adrenal_Ki67_Seg_007\03-12-2005-NA-CT ABDOMEN-34185\2.000000-AX W-49827\1-070.dcm,2.6319062809961666,0.9892937168747924,0.5861459012491887,68.08149478594216,0.22629135251867907
Adrenal_Ki67_Seg_007,1-071.dcm,E:\Computer vision\Projects\dataset\manifest-1788901441878\Adrenal-ACC-Ki67-Seg\Adrenal_Ki67_Seg_007\03-12-2005-NA-CT ABDOMEN-34185\2.000000-AX W-49827\1-071.dcm,2.698542055215781,0.9891740983146006,0.5810998336090937,70.4842276186136,0.22610055386440828
Adrenal_Ki67_Seg_007,1-072.dcm,E:\Computer vision\Projects\dataset\manifest-1788901441878\Adrenal-ACC-Ki67-Seg\Adrenal_Ki67_Seg_007\03-12-2005-NA-CT ABDOMEN-34185\2.000000-AX W-49827\1-072.dcm,2.6136618655718995,0.9892195086508281,0.5879172332737053,66.43586689695582,0.22623979801912725
Adrenal_Ki67_Seg_007,1-073.dcm,E:\Computer vision\Projects\dataset\manifest-1788901441878\Adrenal-ACC-Ki67-Seg\Adrenal_Ki67_Seg_007\03-12-2005-NA-CT ABDOMEN-34185\2.000000-AX W-49827\1-073.dcm,1.763565550070657,0.9890727889198385,0.6652938372754775,30.876942107298913,0.2450966994225446
Adrenal_Ki67_Seg_007,1-074.dcm,E:\Computer vision\Projects\dataset\manifest-1788901441878\Adrenal-ACC-Ki67-Seg\Adrenal_Ki67_Seg_007\03-12-2005-NA-CT ABDOMEN-34185\2.000000-AX W-49827\1-074.dcm,1.7731856112683393,0.9889478800035361,0.6672756831715466,31.217136882901023,0.24522105488728677
Adrenal_Ki67_Seg_007,1-075.dcm,E:\Computer vision\Projects\dataset\manifest-1788901441878\Adrenal-ACC-Ki67-Seg\Adrenal_Ki67_Seg_007\03-12-2005-NA-CT ABDOMEN-34185\2.000000-AX W-49827\1-075.dcm,2.2527985110351136,0.9887634699337161,0.6255888339264535,49.81683970266658,0.23323405533549346
Adrenal_Ki67_Seg_007,1-076.dcm,E:\Computer vision\Projects\dataset\manifest-1788901441878\Adrenal-ACC-Ki67-Seg\Adrenal_Ki67_Seg_007\03-12-2005-NA-CT ABDOMEN-34185\2.000000-AX W-49827\1-076.dcm,2.3920289827321435,0.9885771900289156,0.6201417251503292,56.392419606236196,0.23217319083576965
Adrenal_Ki67_Seg_007,1-077.dcm,E:\Computer vision\Projects\dataset\manifest-1788901441878\Adrenal-ACC-Ki67-Seg\Adrenal_Ki67_Seg_007\03-12-2005-NA-CT ABDOMEN-34185\2.000000-AX W-49827\1-077.dcm,2.269997434139728,0.9886526143876184,0.6315304251277359,51.183642832250186,0.23409508606573212
Adrenal_Ki67_Seg_007,1-078.dcm,E:\Computer vision\Projects\dataset\manifest-1788901441878\Adrenal-ACC-Ki67-Seg\Adrenal_Ki67_Seg_007\03-12-2005-NA-CT ABDOMEN-34185\2.000000-AX W-49827\1-078.dcm,2.6449308941065635,0.9886930011086669,0.6018686040694159,70.01487815993352,0.22630950665224453
Adrenal_Ki67_Seg_007,1-079.dcm,E:\Computer vision\Projects\dataset\manifest-1788901441878\Adrenal-ACC-Ki67-Seg\Adrenal_Ki67_Seg_007\03-12-2005-NA-CT ABDOMEN-34185\2.000000-AX W-49827\1-079.dcm,2.620026730902532,0.9886452649732655,0.6048028738090674,68.9611559392006,0.2269286388181544
Adrenal_Ki67_Seg_007,1-080.dcm,E:\Computer vision\Projects\dataset\manifest-1788901441878\Adrenal-ACC-Ki67-Seg\Adrenal_Ki67_Seg_007\03-12-2005-NA-CT ABDOMEN-34185\2.000000-AX W-49827\1-080.dcm,2.388069132700932,0.9886394838904141,0.619645401202906,55.66661049858113,0.23008317630026182
Adrenal_Ki67_Seg_007,1-081.dcm,E:\Computer vision\Projects\dataset\manifest-1788901441878\Adrenal-ACC-Ki67-Seg\Adrenal_Ki67_Seg_007\03-12-2005-NA-CT ABDOMEN-34185\2.000000-AX W-49827\1-081.dcm,2.807234960037684,0.9885142634566779,0.5895279920442784,75.04784371996125,0.22603682403061032
Adrenal_Ki67_Seg_007,1-082.dcm,E:\Computer vision\Projects\dataset\manifest-1788901441878\Adrenal-ACC-Ki67-Seg\Adrenal_Ki67_Seg_007\03-12-2005-NA-CT ABDOMEN-34185\2.000000-AX W-49827\1-082.dcm,1.9504137928393355,0.988308679315574,0.6581688948335018,36.419820696152364,0.2407267612486427
Adrenal_Ki67_Seg_007,1-083.dcm,E:\Computer vision\Projects\dataset\manifest-1788901441878\Adrenal-ACC-Ki67-Seg\Adrenal_Ki67_Seg_007\03-12-2005-NA-CT ABDOMEN-34185\2.000000-AX W-49827\1-083.dcm,2.645712141114656,0.9883921601352054,0.6054139156063286,67.20118642315248,0.22948046207949235
Adrenal_Ki67_Seg_007,1-084.dcm,E:\Computer vision\Projects\dataset\manifest-1788901441878\Adrenal-ACC-Ki67-Seg\Adrenal_Ki67_Seg_007\03-12-2005-NA-CT ABDOMEN-34185\2.000000-AX W-49827\1-084.dcm,2.3802375144090284,0.9881894741000424,0.6266369966618242,54.87733273080296,0.23119794660077916
Adrenal_Ki67_Seg_007,1-085.dcm,E:\Computer vision\Projects\dataset\manifest-1788901441878\Adrenal-ACC-Ki67-Seg\Adrenal_Ki67_Seg_007\03-12-2005-NA-CT ABDOMEN-34185\2.000000-AX W-49827\1-085.dcm,2.4706974927332537,0.9881220910222333,0.6209226479996655,58.844991402453275,0.22943959274064452
Adrenal_Ki67_Seg_007,1-086.dcm,E:\Computer vision\Projects\dataset\manifest-1788901441878\Adrenal-ACC-Ki67-Seg\Adrenal_Ki67_Seg_007\03-12-2005-NA-CT ABDOMEN-34185\2.000000-AX W-49827\1-086.dcm,2.362418189268577,0.9882206796498538,0.6335518581068948,54.42208401469051,0.23473131812276127
Adrenal_Ki67_Seg_007,1-087.dcm,E:\Computer vision\Projects\dataset\manifest-1788901441878\Adrenal-ACC-Ki67-Seg\Adrenal_Ki67_Seg_007\03-12-2005-NA-CT ABDOMEN-34185\2.000000-AX W-49827\1-087.dcm,2.6673764270204234,0.9882992676697768,0.613404786426895,70.30309320200215,0.2301695295971315
Adrenal_Ki67_Seg_007,1-088.dcm,E:\Computer vision\Projects\dataset\manifest-1788901441878\Adrenal-ACC-Ki67-Seg\Adrenal_Ki67_Seg_007\03-12-2005-NA-CT ABDOMEN-34185\2.000000-AX W-49827\1-088.dcm,2.5455095530424594,0.9883576378566561,0.6195006829392653,64.3676839472888,0.2310191738508133
Adrenal_Ki67_Seg_007,1-089.dcm,E:\Computer vision\Projects\dataset\manifest-1788901441878\Adrenal-ACC-Ki67-Seg\Adrenal_Ki67_Seg_007\03-12-2005-NA-CT ABDOMEN-34185\2.000000-AX W-49827\1-089.dcm,2.608775242129128,0.9884237477534142,0.6138091874382265,66.76585184646198,0.22846840007772742
Adrenal_Ki67_Seg_007,1-090.dcm,E:\Computer vision\Projects\dataset\manifest-1788901441878\Adrenal-ACC-Ki67-Seg\Adrenal_Ki67_Seg_007\03-12-2005-NA-CT ABDOMEN-34185\2.000000-AX W-49827\1-090.dcm,2.72176117585334,0.98849586563967,0.6058429195622745,70.74986309029148,0.2302875506937172
Adrenal_Ki67_Seg_007,1-091.dcm,E:\Computer vision\Projects\dataset\manifest-1788901441878\Adrenal-ACC-Ki67-Seg\Adrenal_Ki67_Seg_007\03-12-2005-NA-CT ABDOMEN-34185\2.000000-AX W-49827\1-091.dcm,2.7821891000723804,0.988475752605553,0.5975814783668241,72.90704309496365,0.2265072675455125
Adrenal_Ki67_Seg_007,1-092.dcm,E:\Computer vision\Projects\dataset\manifest-1788901441878\Adrenal-ACC-Ki67-Seg\Adrenal_Ki67_Seg_007\03-12-2005-NA-CT ABDOMEN-34185\2.000000-AX W-49827\1-092.dcm,2.702988269805952,0.9886790226633927,0.6013164464011493,70.87295544977233,0.22661084508945928
Adrenal_Ki67_Seg_007,1-093.dcm,E:\Computer vision\Projects\dataset\manifest-1788901441878\Adrenal-ACC-Ki67-Seg\Adrenal_Ki67_Seg_007\03-12-2005-NA-CT ABDOMEN-34185\2.000000-AX W-49827\1-093.dcm,2.6905342733828377,0.9887902020854072,0.6023236205322882,69.49591568659741,0.22851535903401327
Adrenal_Ki67_Seg_007,1-094.dcm,E:\Computer vision\Projects\dataset\manifest-1788901441878\Adrenal-ACC-Ki67-Seg\Adrenal_Ki67_Seg_007\03-12-2005-NA-CT ABDOMEN-34185\2.000000-AX W-49827\1-094.dcm,1.9524817996254613,0.9888597094871286,0.6597718072240181,36.077963855836956,0.24287310421234873
Adrenal_Ki67_Seg_007,1-095.dcm,E:\Computer vision\Projects\dataset\manifest-1788901441878\Adrenal-ACC-Ki67-Seg\Adrenal_Ki67_Seg_007\03-12-2005-NA-CT ABDOMEN-34185\2.000000-AX W-49827\1-095.dcm,2.2767490933322097,0.9891061612359912,0.6263040928948663,48.445199734988755,0.23128062536328475
Adrenal_Ki67_Seg_007,1-096.dcm,E:\Computer vision\Projects\dataset\manifest-1788901441878\Adrenal-ACC-Ki67-Seg\Adrenal_Ki67_Seg_007\03-12-2005-NA-CT ABDOMEN-34185\2.000000-AX W-49827\1-096.dcm,2.049969171380318,0.9891163367731083,0.6420736680361354,38.15118661463459,0.23275346926609247
Adrenal_Ki67_Seg_007,1-097.dcm,E:\Computer vision\Projects\dataset\manifest-1788901441878\Adrenal-ACC-Ki67-Seg\Adrenal_Ki67_Seg_007\03-12-2005-NA-CT ABDOMEN-34185\2.000000-AX W-49827\1-097.dcm,2.74094002397356,0.9892180191086677,0.5904959435573343,67.61566859808289,0.22435276174149182
Adrenal_Ki67_Seg_007,1-098.dcm,E:\Computer vision\Projects\dataset\manifest-1788901441878\Adrenal-ACC-Ki67-Seg\Adrenal_Ki67_Seg_007\03-12-2005-NA-CT ABDOMEN-34185\2.000000-AX W-49827\1-098.dcm,2.7676594375787475,0.9893738809604206,0.5913742861823508,69.12383913970919,0.22582247912483627
Adrenal_Ki67_Seg_007,1-099.dcm,E:\Computer vision\Projects\dataset\manifest-1788901441878\Adrenal-ACC-Ki67-Seg\Adrenal_Ki67_Seg_007\03-12-2005-NA-CT ABDOMEN-34185\2.000000-AX W-49827\1-099.dcm,2.752532350902455,0.9894102212100733,0.5924056916350997,69.23953263046633,0.22500801937981446
Adrenal_Ki67_Seg_007,1-100.dcm,E:\Computer vision\Projects\dataset\manifest-1788901441878\Adrenal-ACC-Ki67-Seg\Adrenal_Ki67_Seg_007\03-12-2005-NA-CT ABDOMEN-34185\2.000000-AX W-49827\1-100.dcm,2.7615358397064957,0.9894038610105416,0.5934399358374489,70.12615224359587,0.2258218611997978
Adrenal_Ki67_Seg_007,1-101.dcm,E:\Computer vision\Projects\dataset\manifest-1788901441878\Adrenal-ACC-Ki67-Seg\Adrenal_Ki67_Seg_007\03-12-2005-NA-CT ABDOMEN-34185\2.000000-AX W-49827\1-101.dcm,2.7768544084926146,0.989446382423612,0.5900591939871234,70.36927324880037,0.22513418572203212
Adrenal_Ki67_Seg_007,1-102.dcm,E:\Computer vision\Projects\dataset\manifest-1788901441878\Adrenal-ACC-Ki67-Seg\Adrenal_Ki67_Seg_007\03-12-2005-NA-CT ABDOMEN-34185\2.000000-AX W-49827\1-102.dcm,2.845761160534771,0.9894578285087148,0.5827174126956629,72.5478992497731,0.22446747539477216
Adrenal_Ki67_Seg_007,1-103.dcm,E:\Computer vision\Projects\dataset\manifest-1788901441878\Adrenal-ACC-Ki67-Seg\Adrenal_Ki67_Seg_007\03-12-2005-NA-CT ABDOMEN-34185\2.000000-AX W-49827\1-103.dcm,2.8931300048636457,0.9893623101206361,0.5773877499940295,72.63997533710426,0.22384349423000535
Adrenal_Ki67_Seg_007,1-104.dcm,E:\Computer vision\Projects\dataset\manifest-1788901441878\Adrenal-ACC-Ki67-Seg\Adrenal_Ki67_Seg_007\03-12-2005-NA-CT ABDOMEN-34185\2.000000-AX W-49827\1-104.dcm,2.9431872580144836,0.9894742399831188,0.5691765582817069,74.08436701758956,0.22252796232981784
Adrenal_Ki67_Seg_007,1-105.dcm,E:\Computer vision\Projects\dataset\manifest-1788901441878\Adrenal-ACC-Ki67-Seg\Adrenal_Ki67_Seg_007\03-12-2005-NA-CT ABDOMEN-34185\2.000000-AX W-49827\1-105.dcm,2.92382458706883,0.9896757873770408,0.5659959868137614,72.01989882085317,0.22192562525534681
Adrenal_Ki67_Seg_007,1-106.dcm,E:\Computer vision\Projects\dataset\manifest-1788901441878\Adrenal-ACC-Ki67-Seg\Adrenal_Ki67_Seg_007\03-12-2005-NA-CT ABDOMEN-34185\2.000000-AX W-49827\1-106.dcm,2.9510954691503173,0.9896346808737455,0.5633465835743744,72.82284075198854,0.22173481468169473
Adrenal_Ki67_Seg_007,1-107.dcm,E:\Computer vision\Projects\dataset\manifest-1788901441878\Adrenal-ACC-Ki67-Seg\Adrenal_Ki67_Seg_007\03-12-2005-NA-CT ABDOMEN-34185\2.000000-AX W-49827\1-107.dcm,2.944795707737026,0.9895828804532812,0.562541861375866,72.715070790936,0.22153094203116502
Adrenal_Ki67_Seg_007,1-108.dcm,E:\Computer vision\Projects\dataset\manifest-1788901441878\Adrenal-ACC-Ki67-Seg\Adrenal_Ki67_Seg_007\03-12-2005-NA-CT ABDOMEN-34185\2.000000-AX W-49827\1-108.dcm,1.98482695761735,0.9895893075099068,0.6344542245825359,33.6234925570904,0.23400522787415187
Adrenal_Ki67_Seg_007,1-109.dcm,E:\Computer vision\Projects\dataset\manifest-1788901441878\Adrenal-ACC-Ki67-Seg\Adrenal_Ki67_Seg_007\03-12-2005-NA-CT ABDOMEN-34185\2.000000-AX W-49827\1-109.dcm,2.5556542752210665,0.989704612015673,0.5845996415409965,55.7892279824296,0.2237834881566345
Adrenal_Ki67_Seg_007,1-110.dcm,E:\Computer vision\Projects\dataset\manifest-1788901441878\Adrenal-ACC-Ki67-Seg\Adrenal_Ki67_Seg_007\03-12-2005-NA-CT ABDOMEN-34185\2.000000-AX W-49827\1-110.dcm,2.663707629796148,0.9895626981953048,0.5759685262800944,58.824407075646924,0.22245268463057666
Adrenal_Ki67_Seg_007,1-111.dcm,E:\Computer vision\Projects\dataset\manifest-1788901441878\Adrenal-ACC-Ki67-Seg\Adrenal_Ki67_Seg_007\03-12-2005-NA-CT ABDOMEN-34185\2.000000-AX W-49827\1-111.dcm,2.6133554941961776,0.9896118010405351,0.577019030767626,55.53585502506502,0.2228320887009469
Adrenal_Ki67_Seg_007,1-112.dcm,E:\Computer vision\Projects\dataset\manifest-1788901441878\Adrenal-ACC-Ki67-Seg\Adrenal_Ki67_Seg_007\03-12-2005-NA-CT ABDOMEN-34185\2.000000-AX W-49827\1-112.dcm,3.060205804971642,0.9895874791967388,0.545914989620772,74.66489481887707,0.21961778854929884
Adrenal_Ki67_Seg_007,1-113.dcm,E:\Computer vision\Projects\dataset\manifest-1788901441878\Adrenal-ACC-Ki67-Seg\Adrenal_Ki67_Seg_007\03-12-2005-NA-CT ABDOMEN-34185\2.000000-AX W-49827\1-113.dcm,3.0525273723675994,0.9896241470611226,0.5421440873844874,73.9416247639983,0.21904973105414535
Adrenal_Ki67_Seg_007,1-114.dcm,E:\Computer vision\Projects\dataset\manifest-1788901441878\Adrenal-ACC-Ki67-Seg\Adrenal_Ki67_Seg_007\03-12-2005-NA-CT ABDOMEN-34185\2.000000-AX W-49827\1-114.dcm,2.732128017279346,0.9893849106033602,0.5606873553464823,59.505754037400294,0.22132211635713603
Adrenal_Ki67_Seg_007,1-115.dcm,E:\Computer vision\Projects\dataset\manifest-1788901441878\Adrenal-ACC-Ki67-Seg\Adrenal_Ki67_Seg_007\03-12-2005-NA-CT ABDOMEN-34185\2.000000-AX W-49827\1-115.dcm,2.0801620704577566,0.9889883176218651,0.6128433081816944,35.258160010110245,0.23010432120923163
Adrenal_Ki67_Seg_007,1-116.dcm,E:\Computer vision\Projects\dataset\manifest-1788901441878\Adrenal-ACC-Ki67-Seg\Adrenal_Ki67_Seg_007\03-12-2005-NA-CT ABDOMEN-34185\2.000000-AX W-49827\1-116.dcm,3.060290057099965,0.988924570176444,0.5417260998752428,76.18864051531665,0.2200916027126712
Adrenal_Ki67_Seg_007,1-117.dcm,E:\Computer vision\Projects\dataset\manifest-1788901441878\Adrenal-ACC-Ki67-Seg\Adrenal_Ki67_Seg_007\03-12-2005-NA-CT ABDOMEN-34185\2.000000-AX W-49827\1-117.dcm,2.124329333910333,0.9887040253160343,0.6094261251846255,37.27495299114204,0.22794845865707913
Adrenal_Ki67_Seg_007,1-001.dcm,E:\Computer vision\Projects\dataset\manifest-1788901441878\Adrenal-ACC-Ki67-Seg\Adrenal_Ki67_Seg_007\03-12-2005-NA-CT ABDOMEN-34185\2.000000-AX WO-85337\1-001.dcm,1.7789224152787404,0.9838876582415723,0.7065873379299215,35.91503555822779,0.2765654768450657
Adrenal_Ki67_Seg_007,1-002.dcm,E:\Computer vision\Projects\dataset\manifest-1788901441878\Adrenal-ACC-Ki67-Seg\Adrenal_Ki67_Seg_007\03-12-2005-NA-CT ABDOMEN-34185\2.000000-AX WO-85337\1-002.dcm,1.7944248068902924,0.9837234869801416,0.705040309360869,36.084083624067006,0.2760313022173541
Adrenal_Ki67_Seg_007,1-003.dcm,E:\Computer vision\Projects\dataset\manifest-1788901441878\Adrenal-ACC-Ki67-Seg\Adrenal_Ki67_Seg_007\03-12-2005-NA-CT ABDOMEN-34185\2.000000-AX WO-85337\1-003.dcm,1.8105016448313236,0.9835158405204892,0.7016001944881622,36.525963059271376,0.2747216004252336
Adrenal_Ki67_Seg_007,1-004.dcm,E:\Computer vision\Projects\dataset\manifest-1788901441878\Adrenal-ACC-Ki67-Seg\Adrenal_Ki67_Seg_007\03-12-2005-NA-CT ABDOMEN-34185\2.000000-AX WO-85337\1-004.dcm,1.8220786531914328,0.9833907243731609,0.6996180154743882,36.617617885960925,0.2755775809091335
Adrenal_Ki67_Seg_007,1-005.dcm,E:\Computer vision\Projects\dataset\manifest-1788901441878\Adrenal-ACC-Ki67-Seg\Adrenal_Ki67_Seg_007\03-12-2005-NA-CT ABDOMEN-34185\2.000000-AX WO-85337\1-005.dcm,1.8186626123521281,0.9829893524461827,0.7004000801960021,37.3413130311235,0.2780040770035289
Adrenal_Ki67_Seg_007,1-006.dcm,E:\Computer vision\Projects\dataset\manifest-1788901441878\Adrenal-ACC-Ki67-Seg\Adrenal_Ki67_Seg_007\03-12-2005-NA-CT ABDOMEN-34185\2.000000-AX WO-85337\1-006.dcm,1.8246062170411417,0.9825135951744359,0.7026414985638114,38.30573948475994,0.28261063749114546
Adrenal_Ki67_Seg_007,1-007.dcm,E:\Computer vision\Projects\dataset\manifest-1788901441878\Adrenal-ACC-Ki67-Seg\Adrenal_Ki67_Seg_007\03-12-2005-NA-CT ABDOMEN-34185\2.000000-AX WO-85337\1-007.dcm,1.8087017129989547,0.9826126814705142,0.7082486148786055,38.028798909317906,0.2875046898046041
Adrenal_Ki67_Seg_007,1-008.dcm,E:\Computer vision\Projects\dataset\manifest-1788901441878\Adrenal-ACC-Ki67-Seg\Adrenal_Ki67_Seg_007\03-12-2005-NA-CT ABDOMEN-34185\2.000000-AX WO-85337\1-008.dcm,1.7918283094810452,0.9817565272263915,0.7198572746773938,39.58986829860486,0.29691179515464267
Adrenal_Ki67_Seg_007,1-009.dcm,E:\Computer vision\Projects\dataset\manifest-1788901441878\Adrenal-ACC-Ki67-Seg\Adrenal_Ki67_Seg_007\03-12-2005-NA-CT ABDOMEN-34185\2.000000-AX WO-85337\1-009.dcm,1.735118967834835,0.9829073247776102,0.7281461996248717,36.568962281854,0.3043203451374061
Adrenal_Ki67_Seg_007,1-010.dcm,E:\Computer vision\Projects\dataset\manifest-1788901441878\Adrenal-ACC-Ki67-Seg\Adrenal_Ki67_Seg_007\03-12-2005-NA-CT ABDOMEN-34185\2.000000-AX WO-85337\1-010.dcm,1.7190459595360006,0.9829153672973087,0.7335673349677945,36.39205196058533,0.3091396569663372
Adrenal_Ki67_Seg_007,1-011.dcm,E:\Computer vision\Projects\dataset\manifest-1788901441878\Adrenal-ACC-Ki67-Seg\Adrenal_Ki67_Seg_007\03-12-2005-NA-CT ABDOMEN-34185\2.000000-AX WO-85337\1-011.dcm,1.720972269560855,0.9826619675302983,0.7343640568476466,36.65983203189326,0.3107195872230069
Adrenal_Ki67_Seg_007,1-012.dcm,E:\Computer vision\Projects\dataset\manifest-1788901441878\Adrenal-ACC-Ki67-Seg\Adrenal_Ki67_Seg_007\03-12-2005-NA-CT ABDOMEN-34185\2.000000-AX WO-85337\1-012.dcm,1.7312318810053577,0.9824244275864572,0.7325256149883261,37.148720325060026,0.30976958958555434
Adrenal_Ki67_Seg_007,1-013.dcm,E:\Computer vision\Projects\dataset\manifest-1788901441878\Adrenal-ACC-Ki67-Seg\Adrenal_Ki67_Seg_007\03-12-2005-NA-CT ABDOMEN-34185\2.000000-AX WO-85337\1-013.dcm,1.753773154974131,0.982189032341061,0.7274417690798372,37.61606688087133,0.3065239691763508
Adrenal_Ki67_Seg_007,1-014.dcm,E:\Computer vision\Projects\dataset\manifest-1788901441878\Adrenal-ACC-Ki67-Seg\Adrenal_Ki67_Seg_007\03-12-2005-NA-CT ABDOMEN-34185\2.000000-AX WO-85337\1-014.dcm,1.7805615021388552,0.98159560237887,0.7251315017623405,38.904025336912774,0.30291402535898604
Adrenal_Ki67_Seg_007,1-015.dcm,E:\Computer vision\Projects\dataset\manifest-1788901441878\Adrenal-ACC-Ki67-Seg\Adrenal_Ki67_Seg_007\03-12-2005-NA-CT ABDOMEN-34185\2.000000-AX WO-85337\1-015.dcm,1.8044354915920202,0.9814859907047232,0.71931393694721,39.3347988097472,0.2969206612500491
Adrenal_Ki67_Seg_007,1-016.dcm,E:\Computer vision\Projects\dataset\manifest-1788901441878\Adrenal-ACC-Ki67-Seg\Adrenal_Ki67_Seg_007\03-12-2005-NA-CT ABDOMEN-34185\2.000000-AX WO-85337\1-016.dcm,1.8199263942769828,0.9805658643503344,0.7171264708351764,41.635192114000795,0.29007320847493234
Adrenal_Ki67_Seg_007,1-017.dcm,E:\Computer vision\Projects\dataset\manifest-1788901441878\Adrenal-ACC-Ki67-Seg\Adrenal_Ki67_Seg_007\03-12-2005-NA-CT ABDOMEN-34185\2.000000-AX WO-85337\1-017.dcm,1.7876922959087935,0.9810237401895507,0.7250848460577693,40.826796772377556,0.2933056533853523
Adrenal_Ki67_Seg_007,1-018.dcm,E:\Computer vision\Projects\dataset\manifest-1788901441878\Adrenal-ACC-Ki67-Seg\Adrenal_Ki67_Seg_007\03-12-2005-NA-CT ABDOMEN-34185\2.000000-AX WO-85337\1-018.dcm,1.7820895293752703,0.9806861240988012,0.7289561806227792,41.52711195193033,0.2946080653322543
Adrenal_Ki67_Seg_007,1-019.dcm,E:\Computer vision\Projects\dataset\manifest-1788901441878\Adrenal-ACC-Ki67-Seg\Adrenal_Ki67_Seg_007\03-12-2005-NA-CT ABDOMEN-34185\2.000000-AX WO-85337\1-019.dcm,1.7600614274608324,0.9818091923437086,0.7287154811437523,39.00700824521965,0.29540851034984184
Adrenal_Ki67_Seg_007,1-020.dcm,E:\Computer vision\Projects\dataset\manifest-1788901441878\Adrenal-ACC-Ki67-Seg\Adrenal_Ki67_Seg_007\03-12-2005-NA-CT ABDOMEN-34185\2.000000-AX WO-85337\1-020.dcm,1.746990858644077,0.981965828976928,0.7311287122489438,38.704592889886314,0.29406943416622827
Adrenal_Ki67_Seg_007,1-021.dcm,E:\Computer vision\Projects\dataset\manifest-1788901441878\Adrenal-ACC-Ki67-Seg\Adrenal_Ki67_Seg_007\03-12-2005-NA-CT ABDOMEN-34185\2.000000-AX WO-85337\1-021.dcm,1.7489975911550584,0.9820123691682484,0.7319901048346052,38.964870692131235,0.2893347129640274
Adrenal_Ki67_Seg_007,1-022.dcm,E:\Computer vision\Projects\dataset\manifest-1788901441878\Adrenal-ACC-Ki67-Seg\Adrenal_Ki67_Seg_007\03-12-2005-NA-CT ABDOMEN-34185\2.000000-AX WO-85337\1-022.dcm,1.6982088763446836,0.9834889385163129,0.7366953082292362,35.8675939506972,0.2977754216585244
Adrenal_Ki67_Seg_007,1-023.dcm,E:\Computer vision\Projects\dataset\manifest-1788901441878\Adrenal-ACC-Ki67-Seg\Adrenal_Ki67_Seg_007\03-12-2005-NA-CT ABDOMEN-34185\2.000000-AX WO-85337\1-023.dcm,1.6688623281926769,0.9839130915443521,0.734712573428194,35.25571286874668,0.30127913283907204
Adrenal_Ki67_Seg_007,1-024.dcm,E:\Computer vision\Projects\dataset\manifest-1788901441878\Adrenal-ACC-Ki67-Seg\Adrenal_Ki67_Seg_007\03-12-2005-NA-CT ABDOMEN-34185\2.000000-AX WO-85337\1-024.dcm,1.6657832958666676,0.9842057037478643,0.7310779160573496,35.15225125516524,0.2973328685788095
Adrenal_Ki67_Seg_007,1-025.dcm,E:\Computer vision\Projects\dataset\manifest-1788901441878\Adrenal-ACC-Ki67-Seg\Adrenal_Ki67_Seg_007\03-12-2005-NA-CT ABDOMEN-34185\2.000000-AX WO-85337\1-025.dcm,1.664634403207708,0.9844597563174461,0.7303347872280939,35.14368051592939,0.29326974790398447
Adrenal_Ki67_Seg_007,1-026.dcm,E:\Computer vision\Projects\dataset\manifest-1788901441878\Adrenal-ACC-Ki67-Seg\Adrenal_Ki67_Seg_007\03-12-2005-NA-CT ABDOMEN-34185\2.000000-AX WO-85337\1-026.dcm,1.6336296199846054,0.9858312354408133,0.731066039871424,32.492993669601454,0.29492854421387144
Adrenal_Ki67_Seg_007,1-027.dcm,E:\Computer vision\Projects\dataset\manifest-1788901441878\Adrenal-ACC-Ki67-Seg\Adrenal_Ki67_Seg_007\03-12-2005-NA-CT ABDOMEN-34185\2.000000-AX WO-85337\1-027.dcm,1.6459763864262165,0.9858447962783627,0.7284306156169649,33.13180862512016,0.29551079751225506
Adrenal_Ki67_Seg_007,1-028.dcm,E:\Computer vision\Projects\dataset\manifest-1788901441878\Adrenal-ACC-Ki67-Seg\Adrenal_Ki67_Seg_007\03-12-2005-NA-CT ABDOMEN-34185\2.000000-AX WO-85337\1-028.dcm,1.6587559024360354,0.9860082604078548,0.7232940806524688,33.34690813837263,0.2932077646750981
Adrenal_Ki67_Seg_007,1-029.dcm,E:\Computer vision\Projects\dataset\manifest-1788901441878\Adrenal-ACC-Ki67-Seg\Adrenal_Ki67_Seg_007\03-12-2005-NA-CT ABDOMEN-34185\2.000000-AX WO-85337\1-029.dcm,1.6434296743655241,0.9863429243066513,0.7236776728026169,33.03272429256934,0.2936221016905777
Adrenal_Ki67_Seg_007,1-030.dcm,E:\Computer vision\Projects\dataset\manifest-1788901441878\Adrenal-ACC-Ki67-Seg\Adrenal_Ki67_Seg_007\03-12-2005-NA-CT ABDOMEN-34185\2.000000-AX WO-85337\1-030.dcm,1.6134244277557148,0.9866358482069849,0.7275651192910401,32.59886795776671,0.29624673849475264
Adrenal_Ki67_Seg_007,1-031.dcm,E:\Computer vision\Projects\dataset\manifest-1788901441878\Adrenal-ACC-Ki67-Seg\Adrenal_Ki67_Seg_007\03-12-2005-NA-CT ABDOMEN-34185\2.000000-AX WO-85337\1-031.dcm,1.3539087243078878,0.9866795169147734,0.7526625142248643,23.505608510996815,0.29638951639107886
Adrenal_Ki67_Seg_007,1-032.dcm,E:\Computer vision\Projects\dataset\manifest-1788901441878\Adrenal-ACC-Ki67-Seg\Adrenal_Ki67_Seg_007\03-12-2005-NA-CT ABDOMEN-34185\2.000000-AX WO-85337\1-032.dcm,1.557810363777712,0.9869872577638735,0.7388567354951211,32.15675874403054,0.301234598789296
Adrenal_Ki67_Seg_007,1-033.dcm,E:\Computer vision\Projects\dataset\manifest-1788901441878\Adrenal-ACC-Ki67-Seg\Adrenal_Ki67_Seg_007\03-12-2005-NA-CT ABDOMEN-34185\2.000000-AX WO-85337\1-033.dcm,1.5489332531661566,0.9872240355501584,0.7386705559865729,31.82230077243883,0.3002994337171915
Adrenal_Ki67_Seg_007,1-034.dcm,E:\Computer vision\Projects\dataset\manifest-1788901441878\Adrenal-ACC-Ki67-Seg\Adrenal_Ki67_Seg_007\03-12-2005-NA-CT ABDOMEN-34185\2.000000-AX WO-85337\1-034.dcm,1.5552559924326272,0.987352529189774,0.7332980026273058,31.691223608978216,0.29723788089039793
Adrenal_Ki67_Seg_007,1-035.dcm,E:\Computer vision\Projects\dataset\manifest-1788901441878\Adrenal-ACC-Ki67-Seg\Adrenal_Ki67_Seg_007\03-12-2005-NA-CT ABDOMEN-34185\2.000000-AX WO-85337\1-035.dcm,1.5679780638094984,0.987441556197764,0.7263105706911621,31.63545635931235,0.294491239849469
Adrenal_Ki67_Seg_007,1-036.dcm,E:\Computer vision\Projects\dataset\manifest-1788901441878\Adrenal-ACC-Ki67-Seg\Adrenal_Ki67_Seg_007\03-12-2005-NA-CT ABDOMEN-34185\2.000000-AX WO-85337\1-036.dcm,1.3527904687865016,0.98724699790261,0.7408257059632591,23.171364999368112,0.2873867878757879
Adrenal_Ki67_Seg_007,1-037.dcm,E:\Computer vision\Projects\dataset\manifest-1788901441878\Adrenal-ACC-Ki67-Seg\Adrenal_Ki67_Seg_007\03-12-2005-NA-CT ABDOMEN-34185\2.000000-AX WO-85337\1-037.dcm,1.5643705408603676,0.9877078946561196,0.7210053474722012,31.21481611972994,0.29236337586380434
Adrenal_Ki67_Seg_007,1-038.dcm,E:\Computer vision\Projects\dataset\manifest-1788901441878\Adrenal-ACC-Ki67-Seg\Adrenal_Ki67_Seg_007\03-12-2005-NA-CT ABDOMEN-34185\2.000000-AX WO-85337\1-038.dcm,1.5540458254985234,0.9879112818447464,0.722002371482768,30.84864871075095,0.29042197796723696
Adrenal_Ki67_Seg_007,1-039.dcm,E:\Computer vision\Projects\dataset\manifest-1788901441878\Adrenal-ACC-Ki67-Seg\Adrenal_Ki67_Seg_007\03-12-2005-NA-CT ABDOMEN-34185\2.000000-AX WO-85337\1-039.dcm,1.5738910313609402,0.9878870048346472,0.7218766466620897,31.05040192094853,0.2888218540413857
Adrenal_Ki67_Seg_007,1-040.dcm,E:\Computer vision\Projects\dataset\manifest-1788901441878\Adrenal-ACC-Ki67-Seg\Adrenal_Ki67_Seg_007\03-12-2005-NA-CT ABDOMEN-34185\2.000000-AX WO-85337\1-040.dcm,1.349148479057602,0.9874611630901627,0.7489129802280206,23.13442810038259,0.2902618865933131
Adrenal_Ki67_Seg_007,1-041.dcm,E:\Computer vision\Projects\dataset\manifest-1788901441878\Adrenal-ACC-Ki67-Seg\Adrenal_Ki67_Seg_007\03-12-2005-NA-CT ABDOMEN-34185\2.000000-AX WO-85337\1-041.dcm,1.5799380363892603,0.9878462866202464,0.7239698422363327,31.308554271774398,0.2872064089153246
Adrenal_Ki67_Seg_007,1-042.dcm,E:\Computer vision\Projects\dataset\manifest-1788901441878\Adrenal-ACC-Ki67-Seg\Adrenal_Ki67_Seg_007\03-12-2005-NA-CT ABDOMEN-34185\2.000000-AX WO-85337\1-042.dcm,1.5859237671424358,0.9879120546334582,0.7203749771143428,31.104223712378555,0.2866306880181847
Adrenal_Ki67_Seg_007,1-043.dcm,E:\Computer vision\Projects\dataset\manifest-1788901441878\Adrenal-ACC-Ki67-Seg\Adrenal_Ki67_Seg_007\03-12-2005-NA-CT ABDOMEN-34185\2.000000-AX WO-85337\1-043.dcm,1.5945059953048588,0.987950375245318,0.7166904622504717,30.93370889357808,0.28620311560151673
Adrenal_Ki67_Seg_007,1-044.dcm,E:\Computer vision\Projects\dataset\manifest-1788901441878\Adrenal-ACC-Ki67-Seg\Adrenal_Ki67_Seg_007\03-12-2005-NA-CT ABDOMEN-34185\2.000000-AX WO-85337\1-044.dcm,1.393717854940813,0.9877179539538945,0.7286625267053995,22.474680320617647,0.2909170700617091
Adrenal_Ki67_Seg_007,1-045.dcm,E:\Computer vision\Projects\dataset\manifest-1788901441878\Adrenal-ACC-Ki67-Seg\Adrenal_Ki67_Seg_007\03-12-2005-NA-CT ABDOMEN-34185\2.000000-AX WO-85337\1-045.dcm,1.6547998820470202,0.9876963942097485,0.7073070646979462,31.598220748235484,0.28376381593303446
Adrenal_Ki67_Seg_007,1-046.dcm,E:\Computer vision\Projects\dataset\manifest-1788901441878\Adrenal-ACC-Ki67-Seg\Adrenal_Ki67_Seg_007\03-12-2005-NA-CT ABDOMEN-34185\2.000000-AX WO-85337\1-046.dcm,1.6406378652042537,0.9877926190572234,0.7104860762084801,31.348934019094592,0.28446595464015273
Adrenal_Ki67_Seg_007,1-047.dcm,E:\Computer vision\Projects\dataset\manifest-1788901441878\Adrenal-ACC-Ki67-Seg\Adrenal_Ki67_Seg_007\03-12-2005-NA-CT ABDOMEN-34185\2.000000-AX WO-85337\1-047.dcm,1.6234197938886572,0.9879328427303856,0.7136642396762084,30.992784954101747,0.2847344658214044
Adrenal_Ki67_Seg_007,1-048.dcm,E:\Computer vision\Projects\dataset\manifest-1788901441878\Adrenal-ACC-Ki67-Seg\Adrenal_Ki67_Seg_007\03-12-2005-NA-CT ABDOMEN-34185\2.000000-AX WO-85337\1-048.dcm,1.608645034294446,0.9879808119689463,0.71720339403255,30.77237372712268,0.2841244792682561
Adrenal_Ki67_Seg_007,1-049.dcm,E:\Computer vision\Projects\dataset\manifest-1788901441878\Adrenal-ACC-Ki67-Seg\Adrenal_Ki67_Seg_007\03-12-2005-NA-CT ABDOMEN-34185\2.000000-AX WO-85337\1-049.dcm,1.5970144109435858,0.988117787358643,0.7173442058574018,30.26789113093164,0.28258235755740924
Adrenal_Ki67_Seg_007,1-050.dcm,E:\Computer vision\Projects\dataset\manifest-1788901441878\Adrenal-ACC-Ki67-Seg\Adrenal_Ki67_Seg_007\03-12-2005-NA-CT ABDOMEN-34185\2.000000-AX WO-85337\1-050.dcm,1.5350086741395752,0.9876957941129089,0.7278444489945829,27.61115727957537,0.2952788872387352
Adrenal_Ki67_Seg_007,1-051.dcm,E:\Computer vision\Projects\dataset\manifest-1788901441878\Adrenal-ACC-Ki67-Seg\Adrenal_Ki67_Seg_007\03-12-2005-NA-CT ABDOMEN-34185\2.000000-AX WO-85337\1-051.dcm,2.305927137227569,0.9879710642993581,0.6468345775578325,58.69092106724469,0.25451763852609754
Adrenal_Ki67_Seg_007,1-052.dcm,E:\Computer vision\Projects\dataset\manifest-1788901441878\Adrenal-ACC-Ki67-Seg\Adrenal_Ki67_Seg_007\03-12-2005-NA-CT ABDOMEN-34185\2.000000-AX WO-85337\1-052.dcm,2.369537494111925,0.9880044851340047,0.632367811511182,61.14866288042708,0.24578304506973403
Adrenal_Ki67_Seg_007,1-053.dcm,E:\Computer vision\Projects\dataset\manifest-1788901441878\Adrenal-ACC-Ki67-Seg\Adrenal_Ki67_Seg_007\03-12-2005-NA-CT ABDOMEN-34185\2.000000-AX WO-85337\1-053.dcm,1.9643498607925058,0.987998381473116,0.6759957741628584,43.58497784551989,0.26842778740900386
Adrenal_Ki67_Seg_007,1-054.dcm,E:\Computer vision\Projects\dataset\manifest-1788901441878\Adrenal-ACC-Ki67-Seg\Adrenal_Ki67_Seg_007\03-12-2005-NA-CT ABDOMEN-34185\2.000000-AX WO-85337\1-054.dcm,2.000857839852023,0.9879417945763415,0.6735781015291581,45.809452322869475,0.26459842189674343
Adrenal_Ki67_Seg_007,1-055.dcm,E:\Computer vision\Projects\dataset\manifest-1788901441878\Adrenal-ACC-Ki67-Seg\Adrenal_Ki67_Seg_007\03-12-2005-NA-CT ABDOMEN-34185\2.000000-AX WO-85337\1-055.dcm,1.921362127136462,0.9879174353993416,0.6786142626677296,42.49432255544365,0.2586294299263959
Adrenal_Ki67_Seg_007,1-056.dcm,E:\Computer vision\Projects\dataset\manifest-1788901441878\Adrenal-ACC-Ki67-Seg\Adrenal_Ki67_Seg_007\03-12-2005-NA-CT ABDOMEN-34185\2.000000-AX WO-85337\1-056.dcm,1.6320211702620626,0.9878036695227421,0.7126398462315658,30.971921063415053,0.2755869298306636
Adrenal_Ki67_Seg_007,1-057.dcm,E:\Computer vision\Projects\dataset\manifest-1788901441878\Adrenal-ACC-Ki67-Seg\Adrenal_Ki67_Seg_007\03-12-2005-NA-CT ABDOMEN-34185\2.000000-AX WO-85337\1-057.dcm,1.9561505968497364,0.9876972101900651,0.6839622597108519,44.055453219005756,0.2627693885371989
Adrenal_Ki67_Seg_007,1-058.dcm,E:\Computer vision\Projects\dataset\manifest-1788901441878\Adrenal-ACC-Ki67-Seg\Adrenal_Ki67_Seg_007\03-12-2005-NA-CT ABDOMEN-34185\2.000000-AX WO-85337\1-058.dcm,1.9807330701092596,0.987530824208326,0.6819744582312344,44.380494100436195,0.26670624164976225
Adrenal_Ki67_Seg_007,1-059.dcm,E:\Computer vision\Projects\dataset\manifest-1788901441878\Adrenal-ACC-Ki67-Seg\Adrenal_Ki67_Seg_007\03-12-2005-NA-CT ABDOMEN-34185\2.000000-AX WO-85337\1-059.dcm,2.092122043037519,0.9875095223904756,0.6661228002390364,48.01367565228382,0.2630608107698877
Adrenal_Ki67_Seg_007,1-060.dcm,E:\Computer vision\Projects\dataset\manifest-1788901441878\Adrenal-ACC-Ki67-Seg\Adrenal_Ki67_Seg_007\03-12-2005-NA-CT ABDOMEN-34185\2.000000-AX WO-85337\1-060.dcm,1.9892348757855556,0.9874840178100484,0.6779659553414976,43.76061289593713,0.2730909319295078
Adrenal_Ki67_Seg_007,1-061.dcm,E:\Computer vision\Projects\dataset\manifest-1788901441878\Adrenal-ACC-Ki67-Seg\Adrenal_Ki67_Seg_007\03-12-2005-NA-CT ABDOMEN-34185\2.000000-AX WO-85337\1-061.dcm,2.079327208458914,0.9875216432904516,0.6717140537017875,48.07315382523811,0.26739932933612154
Adrenal_Ki67_Seg_007,1-062.dcm,E:\Computer vision\Projects\dataset\manifest-1788901441878\Adrenal-ACC-Ki67-Seg\Adrenal_Ki67_Seg_007\03-12-2005-NA-CT ABDOMEN-34185\2.000000-AX WO-85337\1-062.dcm,2.1541048019883506,0.9875603413358951,0.658002153457272,51.7072468319285,0.25485765911292296
Adrenal_Ki67_Seg_007,1-063.dcm,E:\Computer vision\Projects\dataset\manifest-1788901441878\Adrenal-ACC-Ki67-Seg\Adrenal_Ki67_Seg_007\03-12-2005-NA-CT ABDOMEN-34185\2.000000-AX WO-85337\1-063.dcm,1.4133754083355992,0.9872732023067304,0.7325050819659463,22.85765602919719,0.2913522734225203
Adrenal_Ki67_Seg_007,1-064.dcm,E:\Computer vision\Projects\dataset\manifest-1788901441878\Adrenal-ACC-Ki67-Seg\Adrenal_Ki67_Seg_007\03-12-2005-NA-CT ABDOMEN-34185\2.000000-AX WO-85337\1-064.dcm,1.8887374052642263,0.9874173235314537,0.6974389300705893,42.39130135071481,0.2733382724251798
Adrenal_Ki67_Seg_007,1-065.dcm,E:\Computer vision\Projects\dataset\manifest-1788901441878\Adrenal-ACC-Ki67-Seg\Adrenal_Ki67_Seg_007\03-12-2005-NA-CT ABDOMEN-34185\2.000000-AX WO-85337\1-065.dcm,2.1291393645091743,0.9874303830891503,0.6707566944374915,53.4388693364379,0.2592202082880337
Adrenal_Ki67_Seg_007,1-066.dcm,E:\Computer vision\Projects\dataset\manifest-1788901441878\Adrenal-ACC-Ki67-Seg\Adrenal_Ki67_Seg_007\03-12-2005-NA-CT ABDOMEN-34185\2.000000-AX WO-85337\1-066.dcm,2.132199248624201,0.9873787969882272,0.6642337835653463,53.28264674231487,0.2562724289570337
Adrenal_Ki67_Seg_007,1-067.dcm,E:\Computer vision\Projects\dataset\manifest-1788901441878\Adrenal-ACC-Ki67-Seg\Adrenal_Ki67_Seg_007\03-12-2005-NA-CT ABDOMEN-34185\2.000000-AX WO-85337\1-067.dcm,1.9086400557595908,0.9871889395296781,0.677786683253773,41.89583373225441,0.2580596288416889
Adrenal_Ki67_Seg_007,1-068.dcm,E:\Computer vision\Projects\dataset\manifest-1788901441878\Adrenal-ACC-Ki67-Seg\Adrenal_Ki67_Seg_007\03-12-2005-NA-CT ABDOMEN-34185\2.000000-AX WO-85337\1-068.dcm,1.4710574790997277,0.9869836026241899,0.7147743019498407,24.107727834988374,0.2692274070336397
Adrenal_Ki67_Seg_007,1-069.dcm,E:\Computer vision\Projects\dataset\manifest-1788901441878\Adrenal-ACC-Ki67-Seg\Adrenal_Ki67_Seg_007\03-12-2005-NA-CT ABDOMEN-34185\2.000000-AX WO-85337\1-069.dcm,2.185232133761742,0.9871435833341103,0.6556560447729189,54.294599055610234,0.25253873490177164
Adrenal_Ki67_Seg_007,1-070.dcm,E:\Computer vision\Projects\dataset\manifest-1788901441878\Adrenal-ACC-Ki67-Seg\Adrenal_Ki67_Seg_007\03-12-2005-NA-CT ABDOMEN-34185\2.000000-AX WO-85337\1-070.dcm,2.1069963733288404,0.9871192321240715,0.6686999440786556,50.86322815859315,0.26376165503342
Adrenal_Ki67_Seg_007,1-071.dcm,E:\Computer vision\Projects\dataset\manifest-1788901441878\Adrenal-ACC-Ki67-Seg\Adrenal_Ki67_Seg_007\03-12-2005-NA-CT ABDOMEN-34185\2.000000-AX WO-85337\1-071.dcm,2.297030878405031,0.9872824152220695,0.6507136355518917,60.062449975298826,0.24918331298379653
Adrenal_Ki67_Seg_007,1-072.dcm,E:\Computer vision\Projects\dataset\manifest-1788901441878\Adrenal-ACC-Ki67-Seg\Adrenal_Ki67_Seg_007\03-12-2005-NA-CT ABDOMEN-34185\2.000000-AX WO-85337\1-072.dcm,2.278594980870937,0.9871938403921832,0.6519192659305313,59.00770524009942,0.24694769350663076
Adrenal_Ki67_Seg_007,1-073.dcm,E:\Computer vision\Projects\dataset\manifest-1788901441878\Adrenal-ACC-Ki67-Seg\Adrenal_Ki67_Seg_007\03-12-2005-NA-CT ABDOMEN-34185\2.000000-AX WO-85337\1-073.dcm,2.2868631783732445,0.9872742442708813,0.647962302217054,58.75492970691748,0.24580855060129297
Adrenal_Ki67_Seg_007,1-074.dcm,E:\Computer vision\Projects\dataset\manifest-1788901441878\Adrenal-ACC-Ki67-Seg\Adrenal_Ki67_Seg_007\03-12-2005-NA-CT ABDOMEN-34185\2.000000-AX WO-85337\1-074.dcm,2.3294143328188848,0.9873723459240207,0.6426946111265562,60.247934865445515,0.24884094834955284
Adrenal_Ki67_Seg_007,1-075.dcm,E:\Computer vision\Projects\dataset\manifest-1788901441878\Adrenal-ACC-Ki67-Seg\Adrenal_Ki67_Seg_007\03-12-2005-NA-CT ABDOMEN-34185\2.000000-AX WO-85337\1-075.dcm,1.817142244400106,0.9870292499452679,0.688237580917801,36.768379410311695,0.2662292993940806
Adrenal_Ki67_Seg_007,1-076.dcm,E:\Computer vision\Projects\dataset\manifest-1788901441878\Adrenal-ACC-Ki67-Seg\Adrenal_Ki67_Seg_007\03-12-2005-NA-CT ABDOMEN-34185\2.000000-AX WO-85337\1-076.dcm,2.209849073801035,0.9872643775183114,0.6505629165883859,53.565680278491584,0.2516002494770906
Adrenal_Ki67_Seg_007,1-077.dcm,E:\Computer vision\Projects\dataset\manifest-1788901441878\Adrenal-ACC-Ki67-Seg\Adrenal_Ki67_Seg_007\03-12-2005-NA-CT ABDOMEN-34185\2.000000-AX WO-85337\1-077.dcm,2.1532661103473103,0.9872559276556546,0.6600216398513432,51.78328437774059,0.25907236861035415
Adrenal_Ki67_Seg_007,1-078.dcm,E:\Computer vision\Projects\dataset\manifest-1788901441878\Adrenal-ACC-Ki67-Seg\Adrenal_Ki67_Seg_007\03-12-2005-NA-CT ABDOMEN-34185\2.000000-AX WO-85337\1-078.dcm,2.02429907973698,0.9871921110403132,0.6681726028253203,46.19751379628601,0.2530723345885213
Adrenal_Ki67_Seg_007,1-079.dcm,E:\Computer vision\Projects\dataset\manifest-1788901441878\Adrenal-ACC-Ki67-Seg\Adrenal_Ki67_Seg_007\03-12-2005-NA-CT ABDOMEN-34185\2.000000-AX WO-85337\1-079.dcm,1.5381796178783018,0.9866800619993183,0.7227876793208599,27.6889219940181,0.2763227543807415
Adrenal_Ki67_Seg_007,1-080.dcm,E:\Computer vision\Projects\dataset\manifest-1788901441878\Adrenal-ACC-Ki67-Seg\Adrenal_Ki67_Seg_007\03-12-2005-NA-CT ABDOMEN-34185\2.000000-AX WO-85337\1-080.dcm,1.6438624239337318,0.9870278429020988,0.7141807020523295,31.256379226488864,0.27954028846675627
Adrenal_Ki67_Seg_007,1-081.dcm,E:\Computer vision\Projects\dataset\manifest-1788901441878\Adrenal-ACC-Ki67-Seg\Adrenal_Ki67_Seg_007\03-12-2005-NA-CT ABDOMEN-34185\2.000000-AX WO-85337\1-081.dcm,1.7074689511758918,0.9868162093540507,0.7041846234058264,32.04654547125663,0.27488192520226506
Adrenal_Ki67_Seg_007,1-082.dcm,E:\Computer vision\Projects\dataset\manifest-1788901441878\Adrenal-ACC-Ki67-Seg\Adrenal_Ki67_Seg_007\03-12-2005-NA-CT ABDOMEN-34185\2.000000-AX WO-85337\1-082.dcm,1.7355402284764534,0.9866638229442086,0.698550882320851,32.52207214279969,0.27456175756752377
Adrenal_Ki67_Seg_007,1-083.dcm,E:\Computer vision\Projects\dataset\manifest-1788901441878\Adrenal-ACC-Ki67-Seg\Adrenal_Ki67_Seg_007\03-12-2005-NA-CT ABDOMEN-34185\2.000000-AX WO-85337\1-083.dcm,1.744842429371824,0.9866538450276421,0.6963141229712042,32.477184906614184,0.2733457519289619
Adrenal_Ki67_Seg_007,1-084.dcm,E:\Computer vision\Projects\dataset\manifest-1788901441878\Adrenal-ACC-Ki67-Seg\Adrenal_Ki67_Seg_007\03-12-2005-NA-CT ABDOMEN-34185\2.000000-AX WO-85337\1-084.dcm,1.7495337410625724,0.9865334848709111,0.7007684591120218,32.572991065444754,0.27770703474428887
Adrenal_Ki67_Seg_007,1-085.dcm,E:\Computer vision\Projects\dataset\manifest-1788901441878\Adrenal-ACC-Ki67-Seg\Adrenal_Ki67_Seg_007\03-12-2005-NA-CT ABDOMEN-34185\2.000000-AX WO-85337\1-085.dcm,1.7477721056521687,0.9863333851716035,0.7071855366277042,32.8259772289475,0.28037295028332276
Adrenal_Ki67_Seg_007,1-086.dcm,E:\Computer vision\Projects\dataset\manifest-1788901441878\Adrenal-ACC-Ki67-Seg\Adrenal_Ki67_Seg_007\03-12-2005-NA-CT ABDOMEN-34185\2.000000-AX WO-85337\1-086.dcm,1.7885118393388508,0.9863361658704635,0.7153430926001424,35.482768524936716,0.29045656658798275
Adrenal_Ki67_Seg_007,1-087.dcm,E:\Computer vision\Projects\dataset\manifest-1788901441878\Adrenal-ACC-Ki67-Seg\Adrenal_Ki67_Seg_007\03-12-2005-NA-CT ABDOMEN-34185\2.000000-AX WO-85337\1-087.dcm,1.9037151358948534,0.9863814918881861,0.7114569081587362,41.20719513175885,0.2811428862492987
Adrenal_Ki67_Seg_007,1-088.dcm,E:\Computer vision\Projects\dataset\manifest-1788901441878\Adrenal-ACC-Ki67-Seg\Adrenal_Ki67_Seg_007\03-12-2005-NA-CT ABDOMEN-34185\2.000000-AX WO-85337\1-088.dcm,1.9747856357780493,0.9863043285352717,0.7117502301495381,45.44186794627778,0.28253358415614055
Adrenal_Ki67_Seg_007,1-089.dcm,E:\Computer vision\Projects\dataset\manifest-1788901441878\Adrenal-ACC-Ki67-Seg\Adrenal_Ki67_Seg_007\03-12-2005-NA-CT ABDOMEN-34185\2.000000-AX WO-85337\1-089.dcm,1.6475273915158108,0.9863993256583468,0.7410656894584434,32.48552969696042,0.3005230485539666
Adrenal_Ki67_Seg_007,1-090.dcm,E:\Computer vision\Projects\dataset\manifest-1788901441878\Adrenal-ACC-Ki67-Seg\Adrenal_Ki67_Seg_007\03-12-2005-NA-CT ABDOMEN-34185\2.000000-AX WO-85337\1-090.dcm,2.222023506343802,0.9867196727525951,0.6884059194016731,57.38452671366914,0.2703936341325224
Adrenal_Ki67_Seg_007,1-091.dcm,E:\Computer vision\Projects\dataset\manifest-1788901441878\Adrenal-ACC-Ki67-Seg\Adrenal_Ki67_Seg_007\03-12-2005-NA-CT ABDOMEN-34185\2.000000-AX WO-85337\1-091.dcm,1.6583614492897927,0.9865519907398921,0.7344020376586746,32.317098203514846,0.2998821070957728
Adrenal_Ki67_Seg_007,1-092.dcm,E:\Computer vision\Projects\dataset\manifest-1788901441878\Adrenal-ACC-Ki67-Seg\Adrenal_Ki67_Seg_007\03-12-2005-NA-CT ABDOMEN-34185\2.000000-AX WO-85337\1-092.dcm,2.134558308217263,0.9866202520038833,0.6939864000883237,52.34148153538015,0.27078330999178546
Adrenal_Ki67_Seg_007,1-093.dcm,E:\Computer vision\Projects\dataset\manifest-1788901441878\Adrenal-ACC-Ki67-Seg\Adrenal_Ki67_Seg_007\03-12-2005-NA-CT ABDOMEN-34185\2.000000-AX WO-85337\1-093.dcm,2.1378862672860475,0.9868982420784174,0.6887386818540656,52.81138246253653,0.2634402469351706
Adrenal_Ki67_Seg_007,1-094.dcm,E:\Computer vision\Projects\dataset\manifest-1788901441878\Adrenal-ACC-Ki67-Seg\Adrenal_Ki67_Seg_007\03-12-2005-NA-CT ABDOMEN-34185\2.000000-AX WO-85337\1-094.dcm,2.139046648871596,0.9871880450648058,0.6887446620783743,52.96133976202605,0.2662110144690216
Adrenal_Ki67_Seg_007,1-095.dcm,E:\Computer vision\Projects\dataset\manifest-1788901441878\Adrenal-ACC-Ki67-Seg\Adrenal_Ki67_Seg_007\03-12-2005-NA-CT ABDOMEN-34185\2.000000-AX WO-85337\1-095.dcm,2.109826478912075,0.9874248164906457,0.6923714497014765,51.21257194940277,0.2673959104561125
Adrenal_Ki67_Seg_007,1-096.dcm,E:\Computer vision\Projects\dataset\manifest-1788901441878\Adrenal-ACC-Ki67-Seg\Adrenal_Ki67_Seg_007\03-12-2005-NA-CT ABDOMEN-34185\2.000000-AX WO-85337\1-096.dcm,2.018895454597677,0.9874508959911956,0.697394376616153,45.832928029534195,0.2684919910119144
Adrenal_Ki67_Seg_007,1-097.dcm,E:\Computer vision\Projects\dataset\manifest-1788901441878\Adrenal-ACC-Ki67-Seg\Adrenal_Ki67_Seg_007\03-12-2005-NA-CT ABDOMEN-34185\2.000000-AX WO-85337\1-097.dcm,2.008831154905198,0.9873027258099856,0.6971099532487371,44.14231716330744,0.2702178937889998
Adrenal_Ki67_Seg_007,1-098.dcm,E:\Computer vision\Projects\dataset\manifest-1788901441878\Adrenal-ACC-Ki67-Seg\Adrenal_Ki67_Seg_007\03-12-2005-NA-CT ABDOMEN-34185\2.000000-AX WO-85337\1-098.dcm,2.0776536548190303,0.9873279674508358,0.6872547760109159,45.69177124781232,0.2713520649813771
Adrenal_Ki67_Seg_007,1-099.dcm,E:\Computer vision\Projects\dataset\manifest-1788901441878\Adrenal-ACC-Ki67-Seg\Adrenal_Ki67_Seg_007\03-12-2005-NA-CT ABDOMEN-34185\2.000000-AX WO-85337\1-099.dcm,1.985110351139893,0.9873680341392257,0.6785200052011284,39.81125991398623,0.25332056775274747
Adrenal_Ki67_Seg_007,1-100.dcm,E:\Computer vision\Projects\dataset\manifest-1788901441878\Adrenal-ACC-Ki67-Seg\Adrenal_Ki67_Seg_007\03-12-2005-NA-CT ABDOMEN-34185\2.000000-AX WO-85337\1-100.dcm,1.9729129407439463,0.9873463223844056,0.6921527524668016,40.540105927903156,0.2735971182011461
Adrenal_Ki67_Seg_007,1-101.dcm,E:\Computer vision\Projects\dataset\manifest-1788901441878\Adrenal-ACC-Ki67-Seg\Adrenal_Ki67_Seg_007\03-12-2005-NA-CT ABDOMEN-34185\2.000000-AX WO-85337\1-101.dcm,2.150696420433439,0.9875062371009226,0.6769831920670857,48.17257899594441,0.2542524478058269
Adrenal_Ki67_Seg_007,1-102.dcm,E:\Computer vision\Projects\dataset\manifest-1788901441878\Adrenal-ACC-Ki67-Seg\Adrenal_Ki67_Seg_007\03-12-2005-NA-CT ABDOMEN-34185\2.000000-AX WO-85337\1-102.dcm,2.010657894232942,0.9876982673910054,0.6853033582529017,42.44401254590784,0.26052725277712396
Adrenal_Ki67_Seg_007,1-103.dcm,E:\Computer vision\Projects\dataset\manifest-1788901441878\Adrenal-ACC-Ki67-Seg\Adrenal_Ki67_Seg_007\03-12-2005-NA-CT ABDOMEN-34185\2.000000-AX WO-85337\1-103.dcm,2.0844321215068873,0.9879289282901985,0.6902994432324623,46.929595857859,0.2669538040954177
Adrenal_Ki67_Seg_007,1-104.dcm,E:\Computer vision\Projects\dataset\manifest-1788901441878\Adrenal-ACC-Ki67-Seg\Adrenal_Ki67_Seg_007\03-12-2005-NA-CT ABDOMEN-34185\2.000000-AX WO-85337\1-104.dcm,2.058896067340428,0.9880185812623945,0.6933220227143798,45.423014617744265,0.270829251049584
Adrenal_Ki67_Seg_007,1-105.dcm,E:\Computer vision\Projects\dataset\manifest-1788901441878\Adrenal-ACC-Ki67-Seg\Adrenal_Ki67_Seg_007\03-12-2005-NA-CT ABDOMEN-34185\2.000000-AX WO-85337\1-105.dcm,2.105150485790113,0.9883656180886277,0.6783765429119268,46.42951352055179,0.25433754019596366
Adrenal_Ki67_Seg_007,1-106.dcm,E:\Computer vision\Projects\dataset\manifest-1788901441878\Adrenal-ACC-Ki67-Seg\Adrenal_Ki67_Seg_007\03-12-2005-NA-CT ABDOMEN-34185\2.000000-AX WO-85337\1-106.dcm,2.0794497570092028,0.9886533868571287,0.6760620398675157,45.227009700483684,0.2619131926359947
Adrenal_Ki67_Seg_007,1-107.dcm,E:\Computer vision\Projects\dataset\manifest-1788901441878\Adrenal-ACC-Ki67-Seg\Adrenal_Ki67_Seg_007\03-12-2005-NA-CT ABDOMEN-34185\2.000000-AX WO-85337\1-107.dcm,2.1348417017398065,0.9886009384151706,0.6614183373790107,46.498772599676016,0.24600101441898603
Adrenal_Ki67_Seg_007,1-108.dcm,E:\Computer vision\Projects\dataset\manifest-1788901441878\Adrenal-ACC-Ki67-Seg\Adrenal_Ki67_Seg_007\03-12-2005-NA-CT ABDOMEN-34185\2.000000-AX WO-85337\1-108.dcm,2.1347919163912517,0.9885406397394714,0.6679566015954052,47.293365910822956,0.25783789381217675
Adrenal_Ki67_Seg_007,1-109.dcm,E:\Computer vision\Projects\dataset\manifest-1788901441878\Adrenal-ACC-Ki67-Seg\Adrenal_Ki67_Seg_007\03-12-2005-NA-CT ABDOMEN-34185\2.000000-AX WO-85337\1-109.dcm,2.085209538872783,0.9886123118774781,0.6677449084449075,45.082249225454866,0.24783298957003738
Adrenal_Ki67_Seg_008,1-001.dcm,E:\Computer vision\Projects\dataset\manifest-1788901441878\Adrenal-ACC-Ki67-Seg\Adrenal_Ki67_Seg_008\05-15-2005-NA-CT ABDOMEN-07400\103.000000-THINS-66703\1-001.dcm,1.954346835375171,0.9858610752143289,0.6364955135890737,39.87177209033361,0.2310058292886038
Adrenal_Ki67_Seg_008,1-002.dcm,E:\Computer vision\Projects\dataset\manifest-1788901441878\Adrenal-ACC-Ki67-Seg\Adrenal_Ki67_Seg_008\05-15-2005-NA-CT ABDOMEN-07400\103.000000-THINS-66703\1-002.dcm,1.9320506585069757,0.9858557318685434,0.642956110674968,39.78872246965966,0.23116543471086237
Adrenal_Ki67_Seg_008,1-003.dcm,E:\Computer vision\Projects\dataset\manifest-1788901441878\Adrenal-ACC-Ki67-Seg\Adrenal_Ki67_Seg_008\05-15-2005-NA-CT ABDOMEN-07400\103.000000-THINS-66703\1-003.dcm,1.906905227844563,0.9861553738334524,0.6479320981530969,38.82049701096427,0.23209159146040084
Adrenal_Ki67_Seg_008,1-004.dcm,E:\Computer vision\Projects\dataset\manifest-1788901441878\Adrenal-ACC-Ki67-Seg\Adrenal_Ki67_Seg_008\05-15-2005-NA-CT ABDOMEN-07400\103.000000-THINS-66703\1-004.dcm,1.8840039675093152,0.9864431375520235,0.6507316606071243,37.86186097632897,0.2336935200554841
Adrenal_Ki67_Seg_008,1-005.dcm,E:\Computer vision\Projects\dataset\manifest-1788901441878\Adrenal-ACC-Ki67-Seg\Adrenal_Ki67_Seg_008\05-15-2005-NA-CT ABDOMEN-07400\103.000000-THINS-66703\1-005.dcm,1.8672569421838918,0.9866470588489902,0.6514530155674039,37.13051037641553,0.23530797098238637
Adrenal_Ki67_Seg_008,1-006.dcm,E:\Computer vision\Projects\dataset\manifest-1788901441878\Adrenal-ACC-Ki67-Seg\Adrenal_Ki67_Seg_008\05-15-2005-NA-CT ABDOMEN-07400\103.000000-THINS-66703\1-006.dcm,1.8589734261127986,0.9865810379768987,0.6533124488468328,37.15478647829934,0.23777080209954715
Adrenal_Ki67_Seg_008,1-007.dcm,E:\Computer vision\Projects\dataset\manifest-1788901441878\Adrenal-ACC-Ki67-Seg\Adrenal_Ki67_Seg_008\05-15-2005-NA-CT ABDOMEN-07400\103.000000-THINS-66703\1-007.dcm,1.857571777068868,0.9866869579302705,0.6541821106334107,36.70026156456201,0.23998498329202336
Adrenal_Ki67_Seg_008,1-008.dcm,E:\Computer vision\Projects\dataset\manifest-1788901441878\Adrenal-ACC-Ki67-Seg\Adrenal_Ki67_Seg_008\05-15-2005-NA-CT ABDOMEN-07400\103.000000-THINS-66703\1-008.dcm,1.8570317975191577,0.986629817993368,0.6518413150241892,36.745079867188004,0.2396064227834993
Adrenal_Ki67_Seg_008,1-009.dcm,E:\Computer vision\Projects\dataset\manifest-1788901441878\Adrenal-ACC-Ki67-Seg\Adrenal_Ki67_Seg_008\05-15-2005-NA-CT ABDOMEN-07400\103.000000-THINS-66703\1-009.dcm,1.8413953684307276,0.9867417926182206,0.6521124444107542,36.29467947809636,0.23916766783728055
Adrenal_Ki67_Seg_008,1-010.dcm,E:\Computer vision\Projects\dataset\manifest-1788901441878\Adrenal-ACC-Ki67-Seg\Adrenal_Ki67_Seg_008\05-15-2005-NA-CT ABDOMEN-07400\103.000000-THINS-66703\1-010.dcm,1.8346820056602116,0.9867615168860905,0.6529521690323097,36.095051719317865,0.23783112745943114
Adrenal_Ki67_Seg_008,1-011.dcm,E:\Computer vision\Projects\dataset\manifest-1788901441878\Adrenal-ACC-Ki67-Seg\Adrenal_Ki67_Seg_008\05-15-2005-NA-CT ABDOMEN-07400\103.000000-THINS-66703\1-011.dcm,1.8459028572960428,0.9866634244604923,0.652686124320101,36.344307811321194,0.23629959509183832
Adrenal_Ki67_Seg_008,1-012.dcm,E:\Computer vision\Projects\dataset\manifest-1788901441878\Adrenal-ACC-Ki67-Seg\Adrenal_Ki67_Seg_008\05-15-2005-NA-CT ABDOMEN-07400\103.000000-THINS-66703\1-012.dcm,1.8346781760180146,0.9866179390000654,0.6578560094774895,36.52121813258988,0.23558485399213883
Adrenal_Ki67_Seg_008,1-013.dcm,E:\Computer vision\Projects\dataset\manifest-1788901441878\Adrenal-ACC-Ki67-Seg\Adrenal_Ki67_Seg_008\05-15-2005-NA-CT ABDOMEN-07400\103.000000-THINS-66703\1-013.dcm,1.8169239547949037,0.9864573532352153,0.6631244157661531,36.96837481474106,0.2346476182135265
Adrenal_Ki67_Seg_008,1-014.dcm,E:\Computer vision\Projects\dataset\manifest-1788901441878\Adrenal-ACC-Ki67-Seg\Adrenal_Ki67_Seg_008\05-15-2005-NA-CT ABDOMEN-07400\103.000000-THINS-66703\1-014.dcm,1.7997671577544507,0.9864322713819971,0.6650432090571012,37.005369158359535,0.23423347001868206
Adrenal_Ki67_Seg_008,1-015.dcm,E:\Computer vision\Projects\dataset\manifest-1788901441878\Adrenal-ACC-Ki67-Seg\Adrenal_Ki67_Seg_008\05-15-2005-NA-CT ABDOMEN-07400\103.000000-THINS-66703\1-015.dcm,1.796155805163124,0.9864491490268352,0.6650395186923419,36.94792835505378,0.23527358314723285
Adrenal_Ki67_Seg_008,1-016.dcm,E:\Computer vision\Projects\dataset\manifest-1788901441878\Adrenal-ACC-Ki67-Seg\Adrenal_Ki67_Seg_008\05-15-2005-NA-CT ABDOMEN-07400\103.000000-THINS-66703\1-016.dcm,1.7914108784816236,0.9864490394829604,0.664799371257843,36.9173563213989,0.23625522756501957
Adrenal_Ki67_Seg_008,1-017.dcm,E:\Computer vision\Projects\dataset\manifest-1788901441878\Adrenal-ACC-Ki67-Seg\Adrenal_Ki67_Seg_008\05-15-2005-NA-CT ABDOMEN-07400\103.000000-THINS-66703\1-017.dcm,1.7799296111764278,0.986378654098337,0.6667553229257034,37.09577169205081,0.2379060029643338
Adrenal_Ki67_Seg_008,1-018.dcm,E:\Computer vision\Projects\dataset\manifest-1788901441878\Adrenal-ACC-Ki67-Seg\Adrenal_Ki67_Seg_008\05-15-2005-NA-CT ABDOMEN-07400\103.000000-THINS-66703\1-018.dcm,1.7783479689492616,0.9864264382752282,0.6657351845081009,36.993416845064175,0.2375524780212409
Adrenal_Ki67_Seg_008,1-019.dcm,E:\Computer vision\Projects\dataset\manifest-1788901441878\Adrenal-ACC-Ki67-Seg\Adrenal_Ki67_Seg_008\05-15-2005-NA-CT ABDOMEN-07400\103.000000-THINS-66703\1-019.dcm,1.7801785379192023,0.9864687483309443,0.6653466900523626,36.9749656289613,0.23753228249492592
Adrenal_Ki67_Seg_008,1-020.dcm,E:\Computer vision\Projects\dataset\manifest-1788901441878\Adrenal-ACC-Ki67-Seg\Adrenal_Ki67_Seg_008\05-15-2005-NA-CT ABDOMEN-07400\103.000000-THINS-66703\1-020.dcm,1.790453467932491,0.9863448642695724,0.6609887290150119,37.406692682702655,0.23484312951451555
Adrenal_Ki67_Seg_008,1-021.dcm,E:\Computer vision\Projects\dataset\manifest-1788901441878\Adrenal-ACC-Ki67-Seg\Adrenal_Ki67_Seg_008\05-15-2005-NA-CT ABDOMEN-07400\103.000000-THINS-66703\1-021.dcm,1.7945511850827778,0.9861674286977622,0.6628829085804905,37.912266726919704,0.23553440975907283
Adrenal_Ki67_Seg_008,1-022.dcm,E:\Computer vision\Projects\dataset\manifest-1788901441878\Adrenal-ACC-Ki67-Seg\Adrenal_Ki67_Seg_008\05-15-2005-NA-CT ABDOMEN-07400\103.000000-THINS-66703\1-022.dcm,1.8093297743191854,0.985816888579593,0.6628661353679796,38.961500606998285,0.23564284987347126
Adrenal_Ki67_Seg_008,1-023.dcm,E:\Computer vision\Projects\dataset\manifest-1788901441878\Adrenal-ACC-Ki67-Seg\Adrenal_Ki67_Seg_008\05-15-2005-NA-CT ABDOMEN-07400\103.000000-THINS-66703\1-023.dcm,1.8159205885394127,0.9857179855040864,0.6628244588829046,39.47965502583094,0.23530352432457777
Adrenal_Ki67_Seg_008,1-024.dcm,E:\Computer vision\Projects\dataset\manifest-1788901441878\Adrenal-ACC-Ki67-Seg\Adrenal_Ki67_Seg_008\05-15-2005-NA-CT ABDOMEN-07400\103.000000-THINS-66703\1-024.dcm,1.8225994845301603,0.9857848797366763,0.6650138126069157,39.566296850885216,0.2346086366285212
Adrenal_Ki67_Seg_008,1-025.dcm,E:\Computer vision\Projects\dataset\manifest-1788901441878\Adrenal-ACC-Ki67-Seg\Adrenal_Ki67_Seg_008\05-15-2005-NA-CT ABDOMEN-07400\103.000000-THINS-66703\1-025.dcm,1.8095710417775668,0.9860640730453705,0.6686767895872147,38.99770987396647,0.23476934182894588
Adrenal_Ki67_Seg_008,1-026.dcm,E:\Computer vision\Projects\dataset\manifest-1788901441878\Adrenal-ACC-Ki67-Seg\Adrenal_Ki67_Seg_008\05-15-2005-NA-CT ABDOMEN-07400\103.000000-THINS-66703\1-026.dcm,1.7850651613619741,0.9868179896778273,0.6703099644864327,37.04670248658668,0.23578321312508962
Adrenal_Ki67_Seg_008,1-027.dcm,E:\Computer vision\Projects\dataset\manifest-1788901441878\Adrenal-ACC-Ki67-Seg\Adrenal_Ki67_Seg_008\05-15-2005-NA-CT ABDOMEN-07400\103.000000-THINS-66703\1-027.dcm,1.7401779251764506,0.9880006854363197,0.6707347390849928,33.73245736650825,0.2388924990807346
Adrenal_Ki67_Seg_008,1-028.dcm,E:\Computer vision\Projects\dataset\manifest-1788901441878\Adrenal-ACC-Ki67-Seg\Adrenal_Ki67_Seg_008\05-15-2005-NA-CT ABDOMEN-07400\103.000000-THINS-66703\1-028.dcm,1.705343499756818,0.9887074843582727,0.6703071986230981,31.675816958421574,0.24173949053742727
Adrenal_Ki67_Seg_008,1-029.dcm,E:\Computer vision\Projects\dataset\manifest-1788901441878\Adrenal-ACC-Ki67-Seg\Adrenal_Ki67_Seg_008\05-15-2005-NA-CT ABDOMEN-07400\103.000000-THINS-66703\1-029.dcm,2.4042876674032345,0.9891573155407796,0.600035199461762,61.462900341221115,0.2280915891689607
Adrenal_Ki67_Seg_008,1-030.dcm,E:\Computer vision\Projects\dataset\manifest-1788901441878\Adrenal-ACC-Ki67-Seg\Adrenal_Ki67_Seg_008\05-15-2005-NA-CT ABDOMEN-07400\103.000000-THINS-66703\1-030.dcm,2.1530554800265014,0.9892059220141041,0.6174353140895814,48.488968715652895,0.23143885432625588
Adrenal_Ki67_Seg_008,1-031.dcm,E:\Computer vision\Projects\dataset\manifest-1788901441878\Adrenal-ACC-Ki67-Seg\Adrenal_Ki67_Seg_008\05-15-2005-NA-CT ABDOMEN-07400\103.000000-THINS-66703\1-031.dcm,2.0525771577161547,0.9893217031279312,0.6256835775034598,44.18873625637156,0.23633307132788975
Adrenal_Ki67_Seg_008,1-032.dcm,E:\Computer vision\Projects\dataset\manifest-1788901441878\Adrenal-ACC-Ki67-Seg\Adrenal_Ki67_Seg_008\05-15-2005-NA-CT ABDOMEN-07400\103.000000-THINS-66703\1-032.dcm,2.5754879921568925,0.9893923361433632,0.5787254906068797,69.60838078898288,0.22518412010819602
Adrenal_Ki67_Seg_008,1-033.dcm,E:\Computer vision\Projects\dataset\manifest-1788901441878\Adrenal-ACC-Ki67-Seg\Adrenal_Ki67_Seg_008\05-15-2005-NA-CT ABDOMEN-07400\103.000000-THINS-66703\1-033.dcm,2.656783636704823,0.9894551461377888,0.5733896940980335,75.11635601885716,0.223338069901155
Adrenal_Ki67_Seg_008,1-034.dcm,E:\Computer vision\Projects\dataset\manifest-1788901441878\Adrenal-ACC-Ki67-Seg\Adrenal_Ki67_Seg_008\05-15-2005-NA-CT ABDOMEN-07400\103.000000-THINS-66703\1-034.dcm,2.650885987722167,0.9895632518493522,0.5721407634279049,76.07529842486815,0.22143523469032697
Adrenal_Ki67_Seg_008,1-035.dcm,E:\Computer vision\Projects\dataset\manifest-1788901441878\Adrenal-ACC-Ki67-Seg\Adrenal_Ki67_Seg_008\05-15-2005-NA-CT ABDOMEN-07400\103.000000-THINS-66703\1-035.dcm,2.6601422329111792,0.9896543202450498,0.5735333675720911,78.3220997162235,0.22048952050310386
Adrenal_Ki67_Seg_008,1-036.dcm,E:\Computer vision\Projects\dataset\manifest-1788901441878\Adrenal-ACC-Ki67-Seg\Adrenal_Ki67_Seg_008\05-15-2005-NA-CT ABDOMEN-07400\103.000000-THINS-66703\1-036.dcm,2.602598029266126,0.9897818721057386,0.57744680450007,76.83364800226715,0.2209670452603111
Adrenal_Ki67_Seg_008,1-037.dcm,E:\Computer vision\Projects\dataset\manifest-1788901441878\Adrenal-ACC-Ki67-Seg\Adrenal_Ki67_Seg_008\05-15-2005-NA-CT ABDOMEN-07400\103.000000-THINS-66703\1-037.dcm,2.5202607220407396,0.9898693041936341,0.5818589182499837,73.06882632955603,0.22106514032258492
Adrenal_Ki67_Seg_008,1-038.dcm,E:\Computer vision\Projects\dataset\manifest-1788901441878\Adrenal-ACC-Ki67-Seg\Adrenal_Ki67_Seg_008\05-15-2005-NA-CT ABDOMEN-07400\103.000000-THINS-66703\1-038.dcm,2.5082739419656024,0.9898832191489839,0.5795722912806748,72.63789201174934,0.22106014945297517
Adrenal_Ki67_Seg_008,1-039.dcm,E:\Computer vision\Projects\dataset\manifest-1788901441878\Adrenal-ACC-Ki67-Seg\Adrenal_Ki67_Seg_008\05-15-2005-NA-CT ABDOMEN-07400\103.000000-THINS-66703\1-039.dcm,2.5495076994956363,0.9897822371836534,0.573348024301843,74.46232972453383,0.2212805801978978
Adrenal_Ki67_Seg_008,1-040.dcm,E:\Computer vision\Projects\dataset\manifest-1788901441878\Adrenal-ACC-Ki67-Seg\Adrenal_Ki67_Seg_008\05-15-2005-NA-CT ABDOMEN-07400\103.000000-THINS-66703\1-040.dcm,2.603689477292136,0.9896853017456931,0.5654191961445196,76.28671765196975,0.22075963659193748
Adrenal_Ki67_Seg_008,1-041.dcm,E:\Computer vision\Projects\dataset\manifest-1788901441878\Adrenal-ACC-Ki67-Seg\Adrenal_Ki67_Seg_008\05-15-2005-NA-CT ABDOMEN-07400\103.000000-THINS-66703\1-041.dcm,2.6037928776314434,0.9896929931535691,0.5596681892711943,74.44810260377375,0.2207044631629983
Adrenal_Ki67_Seg_008,1-042.dcm,E:\Computer vision\Projects\dataset\manifest-1788901441878\Adrenal-ACC-Ki67-Seg\Adrenal_Ki67_Seg_008\05-15-2005-NA-CT ABDOMEN-07400\103.000000-THINS-66703\1-042.dcm,2.5809567212135374,0.9897552098800216,0.5555779010867461,71.75923039510418,0.22029407551038985
Adrenal_Ki67_Seg_008,1-043.dcm,E:\Computer vision\Projects\dataset\manifest-1788901441878\Adrenal-ACC-Ki67-Seg\Adrenal_Ki67_Seg_008\05-15-2005-NA-CT ABDOMEN-07400\103.000000-THINS-66703\1-043.dcm,2.6517668054273686,0.9897914114105343,0.5450104174607715,74.43478693785639,0.21921704723793367
Adrenal_Ki67_Seg_008,1-044.dcm,E:\Computer vision\Projects\dataset\manifest-1788901441878\Adrenal-ACC-Ki67-Seg\Adrenal_Ki67_Seg_008\05-15-2005-NA-CT ABDOMEN-07400\103.000000-THINS-66703\1-044.dcm,2.75920358760881,0.9898152196237979,0.5357715091643285,80.01115957736069,0.21828702481433468
Adrenal_Ki67_Seg_008,1-045.dcm,E:\Computer vision\Projects\dataset\manifest-1788901441878\Adrenal-ACC-Ki67-Seg\Adrenal_Ki67_Seg_008\05-15-2005-NA-CT ABDOMEN-07400\103.000000-THINS-66703\1-045.dcm,2.770795914537705,0.9898696398501072,0.5374855315083515,81.58567484039966,0.21781025962733697
Adrenal_Ki67_Seg_008,1-046.dcm,E:\Computer vision\Projects\dataset\manifest-1788901441878\Adrenal-ACC-Ki67-Seg\Adrenal_Ki67_Seg_008\05-15-2005-NA-CT ABDOMEN-07400\103.000000-THINS-66703\1-046.dcm,2.712037714316352,0.9899947950129669,0.5438989350546725,79.39883808655756,0.21752726985454132
Adrenal_Ki67_Seg_008,1-047.dcm,E:\Computer vision\Projects\dataset\manifest-1788901441878\Adrenal-ACC-Ki67-Seg\Adrenal_Ki67_Seg_008\05-15-2005-NA-CT ABDOMEN-07400\103.000000-THINS-66703\1-047.dcm,2.671244365638918,0.9902437269580985,0.5476430958549726,77.69476219836781,0.21747178783895513
Adrenal_Ki67_Seg_008,1-048.dcm,E:\Computer vision\Projects\dataset\manifest-1788901441878\Adrenal-ACC-Ki67-Seg\Adrenal_Ki67_Seg_008\05-15-2005-NA-CT ABDOMEN-07400\103.000000-THINS-66703\1-048.dcm,2.6457734153898,0.9905637266359799,0.5463265566377683,75.30053500101485,0.21751959416079925
Adrenal_Ki67_Seg_008,1-049.dcm,E:\Computer vision\Projects\dataset\manifest-1788901441878\Adrenal-ACC-Ki67-Seg\Adrenal_Ki67_Seg_008\05-15-2005-NA-CT ABDOMEN-07400\103.000000-THINS-66703\1-049.dcm,2.739392848526162,0.990783895306742,0.5348112600698574,78.30650541319925,0.2167663216640002
Adrenal_Ki67_Seg_008,1-050.dcm,E:\Computer vision\Projects\dataset\manifest-1788901441878\Adrenal-ACC-Ki67-Seg\Adrenal_Ki67_Seg_008\05-15-2005-NA-CT ABDOMEN-07400\103.000000-THINS-66703\1-050.dcm,2.8045159140781477,0.9908631188605388,0.5278094352057148,79.70543158152734,0.21635074683288888
Adrenal_Ki67_Seg_008,1-051.dcm,E:\Computer vision\Projects\dataset\manifest-1788901441878\Adrenal-ACC-Ki67-Seg\Adrenal_Ki67_Seg_008\05-15-2005-NA-CT ABDOMEN-07400\103.000000-THINS-66703\1-051.dcm,2.767238176937129,0.990876242730601,0.5261136447610255,75.11103281620399,0.2167603230660441
Adrenal_Ki67_Seg_008,1-052.dcm,E:\Computer vision\Projects\dataset\manifest-1788901441878\Adrenal-ACC-Ki67-Seg\Adrenal_Ki67_Seg_008\05-15-2005-NA-CT ABDOMEN-07400\103.000000-THINS-66703\1-052.dcm,2.830028990391428,0.9908202431389298,0.5171151113303528,76.06056196169592,0.216471608787342
Adrenal_Ki67_Seg_008,1-053.dcm,E:\Computer vision\Projects\dataset\manifest-1788901441878\Adrenal-ACC-Ki67-Seg\Adrenal_Ki67_Seg_008\05-15-2005-NA-CT ABDOMEN-07400\103.000000-THINS-66703\1-053.dcm,2.842731913557316,0.9907283665288562,0.5125670011802201,75.06838209106124,0.21667972083122874
Adrenal_Ki67_Seg_008,1-054.dcm,E:\Computer vision\Projects\dataset\manifest-1788901441878\Adrenal-ACC-Ki67-Seg\Adrenal_Ki67_Seg_008\05-15-2005-NA-CT ABDOMEN-07400\103.000000-THINS-66703\1-054.dcm,2.862565630493143,0.9906890259051304,0.5085702376017907,75.57204514382221,0.2162895752240572
Adrenal_Ki67_Seg_008,1-055.dcm,E:\Computer vision\Projects\dataset\manifest-1788901441878\Adrenal-ACC-Ki67-Seg\Adrenal_Ki67_Seg_008\05-15-2005-NA-CT ABDOMEN-07400\103.000000-THINS-66703\1-055.dcm,2.8473657806151174,0.9906772884871804,0.5093537127153217,75.49316600350029,0.21614877011019523
Adrenal_Ki67_Seg_008,1-056.dcm,E:\Computer vision\Projects\dataset\manifest-1788901441878\Adrenal-ACC-Ki67-Seg\Adrenal_Ki67_Seg_008\05-15-2005-NA-CT ABDOMEN-07400\103.000000-THINS-66703\1-056.dcm,2.765216125857361,0.9906680329708861,0.5200391412020199,73.96296735995955,0.21662395214143948
Adrenal_Ki67_Seg_008,1-057.dcm,E:\Computer vision\Projects\dataset\manifest-1788901441878\Adrenal-ACC-Ki67-Seg\Adrenal_Ki67_Seg_008\05-15-2005-NA-CT ABDOMEN-07400\103.000000-THINS-66703\1-057.dcm,2.718528957839469,0.9906504582959192,0.5274910847614876,74.84833085044865,0.21666325175495638
Adrenal_Ki67_Seg_008,1-058.dcm,E:\Computer vision\Projects\dataset\manifest-1788901441878\Adrenal-ACC-Ki67-Seg\Adrenal_Ki67_Seg_008\05-15-2005-NA-CT ABDOMEN-07400\103.000000-THINS-66703\1-058.dcm,2.629206383247613,0.9906484499724284,0.5362350898351542,72.00195694716243,0.21712536322368725
Adrenal_Ki67_Seg_008,1-059.dcm,E:\Computer vision\Projects\dataset\manifest-1788901441878\Adrenal-ACC-Ki67-Seg\Adrenal_Ki67_Seg_008\05-15-2005-NA-CT ABDOMEN-07400\103.000000-THINS-66703\1-059.dcm,2.627042635406574,0.9905805783467343,0.5345395133625654,71.6851804335921,0.21712649439599335
Adrenal_Ki67_Seg_008,1-060.dcm,E:\Computer vision\Projects\dataset\manifest-1788901441878\Adrenal-ACC-Ki67-Seg\Adrenal_Ki67_Seg_008\05-15-2005-NA-CT ABDOMEN-07400\103.000000-THINS-66703\1-060.dcm,2.701464072211733,0.990438091702904,0.5303692410422232,75.43297934673963,0.21705801095228702
Adrenal_Ki67_Seg_008,1-061.dcm,E:\Computer vision\Projects\dataset\manifest-1788901441878\Adrenal-ACC-Ki67-Seg\Adrenal_Ki67_Seg_008\05-15-2005-NA-CT ABDOMEN-07400\103.000000-THINS-66703\1-061.dcm,2.7687968413111164,0.9902880236518184,0.5224406209765153,77.56621259875689,0.21659856583813306
Adrenal_Ki67_Seg_008,1-062.dcm,E:\Computer vision\Projects\dataset\manifest-1788901441878\Adrenal-ACC-Ki67-Seg\Adrenal_Ki67_Seg_008\05-15-2005-NA-CT ABDOMEN-07400\103.000000-THINS-66703\1-062.dcm,2.69902841977474,0.9901828679391599,0.526438353237614,72.4847752574477,0.21733293309791615
Adrenal_Ki67_Seg_008,1-063.dcm,E:\Computer vision\Projects\dataset\manifest-1788901441878\Adrenal-ACC-Ki67-Seg\Adrenal_Ki67_Seg_008\05-15-2005-NA-CT ABDOMEN-07400\103.000000-THINS-66703\1-063.dcm,2.8102948441527107,0.9901258278366786,0.5144781361339945,76.28639979166748,0.21676315930026166
Adrenal_Ki67_Seg_008,1-064.dcm,E:\Computer vision\Projects\dataset\manifest-1788901441878\Adrenal-ACC-Ki67-Seg\Adrenal_Ki67_Seg_008\05-15-2005-NA-CT ABDOMEN-07400\103.000000-THINS-66703\1-064.dcm,2.933705063935877,0.9901145261529336,0.501191283912628,81.29615771998422,0.21593944993454722
Adrenal_Ki67_Seg_008,1-065.dcm,E:\Computer vision\Projects\dataset\manifest-1788901441878\Adrenal-ACC-Ki67-Seg\Adrenal_Ki67_Seg_008\05-15-2005-NA-CT ABDOMEN-07400\103.000000-THINS-66703\1-065.dcm,2.952573711038178,0.9901083924443409,0.49766200575979386,81.52734938974652,0.21570412193176305
Adrenal_Ki67_Seg_008,1-066.dcm,E:\Computer vision\Projects\dataset\manifest-1788901441878\Adrenal-ACC-Ki67-Seg\Adrenal_Ki67_Seg_008\05-15-2005-NA-CT ABDOMEN-07400\103.000000-THINS-66703\1-066.dcm,2.893911251871738,0.9901184651083518,0.5034946641001876,80.16254916303171,0.21594231231652292
Adrenal_Ki67_Seg_008,1-067.dcm,E:\Computer vision\Projects\dataset\manifest-1788901441878\Adrenal-ACC-Ki67-Seg\Adrenal_Ki67_Seg_008\05-15-2005-NA-CT ABDOMEN-07400\103.000000-THINS-66703\1-067.dcm,2.874127320284466,0.9901575278745884,0.5070072116211807,81.22596420816404,0.215843528995768
Adrenal_Ki67_Seg_008,1-068.dcm,E:\Computer vision\Projects\dataset\manifest-1788901441878\Adrenal-ACC-Ki67-Seg\Adrenal_Ki67_Seg_008\05-15-2005-NA-CT ABDOMEN-07400\103.000000-THINS-66703\1-068.dcm,2.7722588378567785,0.9902740985265431,0.5184627802992665,78.41706718341305,0.21624562700043293
Adrenal_Ki67_Seg_008,1-069.dcm,E:\Computer vision\Projects\dataset\manifest-1788901441878\Adrenal-ACC-Ki67-Seg\Adrenal_Ki67_Seg_008\05-15-2005-NA-CT ABDOMEN-07400\103.000000-THINS-66703\1-069.dcm,2.7355325691920607,0.9904984429884257,0.5224013221759977,77.98244874981332,0.21619622939756256
Adrenal_Ki67_Seg_008,1-070.dcm,E:\Computer vision\Projects\dataset\manifest-1788901441878\Adrenal-ACC-Ki67-Seg\Adrenal_Ki67_Seg_008\05-15-2005-NA-CT ABDOMEN-07400\103.000000-THINS-66703\1-070.dcm,2.7676173115145852,0.9907606658610367,0.5172105089628534,78.20983758487445,0.21569474110650919
Adrenal_Ki67_Seg_008,1-071.dcm,E:\Computer vision\Projects\dataset\manifest-1788901441878\Adrenal-ACC-Ki67-Seg\Adrenal_Ki67_Seg_008\05-15-2005-NA-CT ABDOMEN-07400\103.000000-THINS-66703\1-071.dcm,2.829090728053278,0.9909460536928267,0.51286574490864,79.40061121089457,0.21541547976286723
Adrenal_Ki67_Seg_008,1-072.dcm,E:\Computer vision\Projects\dataset\manifest-1788901441878\Adrenal-ACC-Ki67-Seg\Adrenal_Ki67_Seg_008\05-15-2005-NA-CT ABDOMEN-07400\103.000000-THINS-66703\1-072.dcm,2.826203177837095,0.9910446365666181,0.5102167885772319,76.40744712221537,0.21551287191811297
Adrenal_Ki67_Seg_008,1-073.dcm,E:\Computer vision\Projects\dataset\manifest-1788901441878\Adrenal-ACC-Ki67-Seg\Adrenal_Ki67_Seg_008\05-15-2005-NA-CT ABDOMEN-07400\103.000000-THINS-66703\1-073.dcm,2.8356202679983618,0.9910636427955775,0.5060406300831096,74.83543644517295,0.21531354153482243
Adrenal_Ki67_Seg_008,1-074.dcm,E:\Computer vision\Projects\dataset\manifest-1788901441878\Adrenal-ACC-Ki67-Seg\Adrenal_Ki67_Seg_008\05-15-2005-NA-CT ABDOMEN-07400\103.000000-THINS-66703\1-074.dcm,2.9057984612497654,0.9910161851007699,0.4983150576342478,76.34281042122234,0.21513154308341423
Adrenal_Ki67_Seg_008,1-075.dcm,E:\Computer vision\Projects\dataset\manifest-1788901441878\Adrenal-ACC-Ki67-Seg\Adrenal_Ki67_Seg_008\05-15-2005-NA-CT ABDOMEN-07400\103.000000-THINS-66703\1-075.dcm,2.9830117072161944,0.9909501133744004,0.4891542985904467,78.81325898721282,0.2147179990010771
Adrenal_Ki67_Seg_008,1-076.dcm,E:\Computer vision\Projects\dataset\manifest-1788901441878\Adrenal-ACC-Ki67-Seg\Adrenal_Ki67_Seg_008\05-15-2005-NA-CT ABDOMEN-07400\103.000000-THINS-66703\1-076.dcm,2.960014705826034,0.990932437529389,0.48980451442382317,77.42294951382692,0.214859630335255
Adrenal_Ki67_Seg_008,1-077.dcm,E:\Computer vision\Projects\dataset\manifest-1788901441878\Adrenal-ACC-Ki67-Seg\Adrenal_Ki67_Seg_008\05-15-2005-NA-CT ABDOMEN-07400\103.000000-THINS-66703\1-077.dcm,3.0707679581496703,0.9909155128854701,0.4834528216229619,84.49465956395693,0.2142985792561747
Adrenal_Ki67_Seg_008,1-078.dcm,E:\Computer vision\Projects\dataset\manifest-1788901441878\Adrenal-ACC-Ki67-Seg\Adrenal_Ki67_Seg_008\05-15-2005-NA-CT ABDOMEN-07400\103.000000-THINS-66703\1-078.dcm,3.034443801915587,0.9908829610039941,0.48880112477971804,85.7712439826747,0.21419861469259407
Adrenal_Ki67_Seg_008,1-079.dcm,E:\Computer vision\Projects\dataset\manifest-1788901441878\Adrenal-ACC-Ki67-Seg\Adrenal_Ki67_Seg_008\05-15-2005-NA-CT ABDOMEN-07400\103.000000-THINS-66703\1-079.dcm,2.8552203767601996,0.9908444363977349,0.5071096279657223,80.34748641434432,0.2151492493501096
Adrenal_Ki67_Seg_008,1-080.dcm,E:\Computer vision\Projects\dataset\manifest-1788901441878\Adrenal-ACC-Ki67-Seg\Adrenal_Ki67_Seg_008\05-15-2005-NA-CT ABDOMEN-07400\103.000000-THINS-66703\1-080.dcm,2.7832039552544607,0.9908285652579816,0.5145221106180533,78.98695623867862,0.2153219261169292
Adrenal_Ki67_Seg_008,1-081.dcm,E:\Computer vision\Projects\dataset\manifest-1788901441878\Adrenal-ACC-Ki67-Seg\Adrenal_Ki67_Seg_008\05-15-2005-NA-CT ABDOMEN-07400\103.000000-THINS-66703\1-081.dcm,2.7421999762562184,0.9908169419849849,0.5186593788457388,78.15814124486349,0.21554969153009126
Adrenal_Ki67_Seg_008,1-082.dcm,E:\Computer vision\Projects\dataset\manifest-1788901441878\Adrenal-ACC-Ki67-Seg\Adrenal_Ki67_Seg_008\05-15-2005-NA-CT ABDOMEN-07400\103.000000-THINS-66703\1-082.dcm,2.768027083229614,0.9907436590984334,0.5170265975962951,79.79704428215273,0.21542384371470552
Adrenal_Ki67_Seg_008,1-083.dcm,E:\Computer vision\Projects\dataset\manifest-1788901441878\Adrenal-ACC-Ki67-Seg\Adrenal_Ki67_Seg_008\05-15-2005-NA-CT ABDOMEN-07400\103.000000-THINS-66703\1-083.dcm,2.754129311698408,0.9906326113709173,0.5176778893419083,78.06645578103638,0.2157324924738023
Adrenal_Ki67_Seg_008,1-084.dcm,E:\Computer vision\Projects\dataset\manifest-1788901441878\Adrenal-ACC-Ki67-Seg\Adrenal_Ki67_Seg_008\05-15-2005-NA-CT ABDOMEN-07400\103.000000-THINS-66703\1-084.dcm,2.7956234848978063,0.9905428807941566,0.5127156018547869,78.92655895159714,0.2155475645322131
Adrenal_Ki67_Seg_008,1-085.dcm,E:\Computer vision\Projects\dataset\manifest-1788901441878\Adrenal-ACC-Ki67-Seg\Adrenal_Ki67_Seg_008\05-15-2005-NA-CT ABDOMEN-07400\103.000000-THINS-66703\1-085.dcm,2.850720547179277,0.9905350391545072,0.5055980737433327,81.1725866552288,0.21532875098719204
Adrenal_Ki67_Seg_008,1-086.dcm,E:\Computer vision\Projects\dataset\manifest-1788901441878\Adrenal-ACC-Ki67-Seg\Adrenal_Ki67_Seg_008\05-15-2005-NA-CT ABDOMEN-07400\103.000000-THINS-66703\1-086.dcm,2.8416481248156984,0.9904672758796894,0.5024663070493358,79.15181084631263,0.21534188793637016
Adrenal_Ki67_Seg_008,1-087.dcm,E:\Computer vision\Projects\dataset\manifest-1788901441878\Adrenal-ACC-Ki67-Seg\Adrenal_Ki67_Seg_008\05-15-2005-NA-CT ABDOMEN-07400\103.000000-THINS-66703\1-087.dcm,2.8558446084382334,0.99045502670019,0.5004674580412253,80.2298436357091,0.2152880498788266
Adrenal_Ki67_Seg_008,1-088.dcm,E:\Computer vision\Projects\dataset\manifest-1788901441878\Adrenal-ACC-Ki67-Seg\Adrenal_Ki67_Seg_008\05-15-2005-NA-CT ABDOMEN-07400\103.000000-THINS-66703\1-088.dcm,2.8071851746891294,0.9904679957729727,0.505380464266329,79.04908835367513,0.21562386077576268
Adrenal_Ki67_Seg_008,1-089.dcm,E:\Computer vision\Projects\dataset\manifest-1788901441878\Adrenal-ACC-Ki67-Seg\Adrenal_Ki67_Seg_008\05-15-2005-NA-CT ABDOMEN-07400\103.000000-THINS-66703\1-089.dcm,2.802853849364854,0.9904549476693365,0.5087559113515087,80.13742288058026,0.2156327377218584
Adrenal_Ki67_Seg_008,1-090.dcm,E:\Computer vision\Projects\dataset\manifest-1788901441878\Adrenal-ACC-Ki67-Seg\Adrenal_Ki67_Seg_008\05-15-2005-NA-CT ABDOMEN-07400\103.000000-THINS-66703\1-090.dcm,2.79207723622382,0.9905708379117261,0.5143466223748501,82.45014380306449,0.21562797629509864
Adrenal_Ki67_Seg_008,1-091.dcm,E:\Computer vision\Projects\dataset\manifest-1788901441878\Adrenal-ACC-Ki67-Seg\Adrenal_Ki67_Seg_008\05-15-2005-NA-CT ABDOMEN-07400\103.000000-THINS-66703\1-091.dcm,2.701758954660866,0.9907703203782621,0.5241350281705928,79.1281206796849,0.21589846362184142
Adrenal_Ki67_Seg_008,1-092.dcm,E:\Computer vision\Projects\dataset\manifest-1788901441878\Adrenal-ACC-Ki67-Seg\Adrenal_Ki67_Seg_008\05-15-2005-NA-CT ABDOMEN-07400\103.000000-THINS-66703\1-092.dcm,2.648373742441244,0.9910094492376077,0.5288351815965232,76.49557101879972,0.2161289477554618
Adrenal_Ki67_Seg_008,1-093.dcm,E:\Computer vision\Projects\dataset\manifest-1788901441878\Adrenal-ACC-Ki67-Seg\Adrenal_Ki67_Seg_008\05-15-2005-NA-CT ABDOMEN-07400\103.000000-THINS-66703\1-093.dcm,2.661861742257421,0.9911744277139434,0.5266238321845756,75.7613137204591,0.215919741494641
Adrenal_Ki67_Seg_008,1-094.dcm,E:\Computer vision\Projects\dataset\manifest-1788901441878\Adrenal-ACC-Ki67-Seg\Adrenal_Ki67_Seg_008\05-15-2005-NA-CT ABDOMEN-07400\103.000000-THINS-66703\1-094.dcm,2.691935922426768,0.9912293990320332,0.5232476891573841,75.55135358703437,0.21570426661873682
Adrenal_Ki67_Seg_008,1-095.dcm,E:\Computer vision\Projects\dataset\manifest-1788901441878\Adrenal-ACC-Ki67-Seg\Adrenal_Ki67_Seg_008\05-15-2005-NA-CT ABDOMEN-07400\103.000000-THINS-66703\1-095.dcm,2.736903581098418,0.9912053662382487,0.517695515288816,75.23475706664726,0.2155797104407316
Adrenal_Ki67_Seg_008,1-096.dcm,E:\Computer vision\Projects\dataset\manifest-1788901441878\Adrenal-ACC-Ki67-Seg\Adrenal_Ki67_Seg_008\05-15-2005-NA-CT ABDOMEN-07400\103.000000-THINS-66703\1-096.dcm,2.7413574549729818,0.9911254623735731,0.513815045606355,73.1028450411878,0.2157259038099615
Adrenal_Ki67_Seg_008,1-097.dcm,E:\Computer vision\Projects\dataset\manifest-1788901441878\Adrenal-ACC-Ki67-Seg\Adrenal_Ki67_Seg_008\05-15-2005-NA-CT ABDOMEN-07400\103.000000-THINS-66703\1-097.dcm,2.803991253097223,0.9910155269334753,0.5080577574957071,75.4289352445801,0.21553966039138167
Adrenal_Ki67_Seg_008,1-098.dcm,E:\Computer vision\Projects\dataset\manifest-1788901441878\Adrenal-ACC-Ki67-Seg\Adrenal_Ki67_Seg_008\05-15-2005-NA-CT ABDOMEN-07400\103.000000-THINS-66703\1-098.dcm,2.8066145580018462,0.9909384372254841,0.505904411925438,74.78825525331169,0.21558465258300383
Adrenal_Ki67_Seg_008,1-099.dcm,E:\Computer vision\Projects\dataset\manifest-1788901441878\Adrenal-ACC-Ki67-Seg\Adrenal_Ki67_Seg_008\05-15-2005-NA-CT ABDOMEN-07400\103.000000-THINS-66703\1-099.dcm,2.820768915560219,0.990891302345307,0.5062229760450123,75.81032548129028,0.21555187525238617
Adrenal_Ki67_Seg_008,1-100.dcm,E:\Computer vision\Projects\dataset\manifest-1788901441878\Adrenal-ACC-Ki67-Seg\Adrenal_Ki67_Seg_008\05-15-2005-NA-CT ABDOMEN-07400\103.000000-THINS-66703\1-100.dcm,2.827129951248655,0.9908208670572527,0.5102138004539356,78.55736229564071,0.21567191286217793
Adrenal_Ki67_Seg_008,1-101.dcm,E:\Computer vision\Projects\dataset\manifest-1788901441878\Adrenal-ACC-Ki67-Seg\Adrenal_Ki67_Seg_008\05-15-2005-NA-CT ABDOMEN-07400\103.000000-THINS-66703\1-101.dcm,1.8475113070185851,0.9907011671819109,0.6029298640827772,35.287763144289436,0.2250223601066938
Adrenal_Ki67_Seg_008,1-102.dcm,E:\Computer vision\Projects\dataset\manifest-1788901441878\Adrenal-ACC-Ki67-Seg\Adrenal_Ki67_Seg_008\05-15-2005-NA-CT ABDOMEN-07400\103.000000-THINS-66703\1-102.dcm,1.7290413256689432,0.9905478209073534,0.6214222039934694,32.11689982804907,0.2273122115218731
Adrenal_Ki67_Seg_008,1-103.dcm,E:\Computer vision\Projects\dataset\manifest-1788901441878\Adrenal-ACC-Ki67-Seg\Adrenal_Ki67_Seg_008\05-15-2005-NA-CT ABDOMEN-07400\103.000000-THINS-66703\1-103.dcm,1.6830396636042295,0.990384952633649,0.6284179565604946,30.996446092041626,0.22803014360624474
Adrenal_Ki67_Seg_008,1-104.dcm,E:\Computer vision\Projects\dataset\manifest-1788901441878\Adrenal-ACC-Ki67-Seg\Adrenal_Ki67_Seg_008\05-15-2005-NA-CT ABDOMEN-07400\103.000000-THINS-66703\1-104.dcm,1.696550641273586,0.9903454313460767,0.6260185794645541,31.05364562788899,0.22795309713986356
Adrenal_Ki67_Seg_008,1-105.dcm,E:\Computer vision\Projects\dataset\manifest-1788901441878\Adrenal-ACC-Ki67-Seg\Adrenal_Ki67_Seg_008\05-15-2005-NA-CT ABDOMEN-07400\103.000000-THINS-66703\1-105.dcm,2.703620160768379,0.990347055010316,0.527545442545905,76.44651330226218,0.21647008701073803
Adrenal_Ki67_Seg_008,1-106.dcm,E:\Computer vision\Projects\dataset\manifest-1788901441878\Adrenal-ACC-Ki67-Seg\Adrenal_Ki67_Seg_008\05-15-2005-NA-CT ABDOMEN-07400\103.000000-THINS-66703\1-106.dcm,2.7276588248359954,0.990280630552359,0.5227247458660117,76.08439382508493,0.21641573657416371
Adrenal_Ki67_Seg_008,1-107.dcm,E:\Computer vision\Projects\dataset\manifest-1788901441878\Adrenal-ACC-Ki67-Seg\Adrenal_Ki67_Seg_008\05-15-2005-NA-CT ABDOMEN-07400\103.000000-THINS-66703\1-107.dcm,2.7901585854833586,0.9902116076176083,0.5155947464226607,77.77104484128049,0.21620190046705914
Adrenal_Ki67_Seg_008,1-108.dcm,E:\Computer vision\Projects\dataset\manifest-1788901441878\Adrenal-ACC-Ki67-Seg\Adrenal_Ki67_Seg_008\05-15-2005-NA-CT ABDOMEN-07400\103.000000-THINS-66703\1-108.dcm,2.8553505845948814,0.9901459760316516,0.5076396414031717,79.90267347321739,0.21592434627663906
Adrenal_Ki67_Seg_008,1-109.dcm,E:\Computer vision\Projects\dataset\manifest-1788901441878\Adrenal-ACC-Ki67-Seg\Adrenal_Ki67_Seg_008\05-15-2005-NA-CT ABDOMEN-07400\103.000000-THINS-66703\1-109.dcm,2.8993991291393644,0.990107323778457,0.5035130634193128,81.92379012028907,0.21591484643619516
Adrenal_Ki67_Seg_008,1-110.dcm,E:\Computer vision\Projects\dataset\manifest-1788901441878\Adrenal-ACC-Ki67-Seg\Adrenal_Ki67_Seg_008\05-15-2005-NA-CT ABDOMEN-07400\103.000000-THINS-66703\1-110.dcm,2.2444192539091072,0.9901154195846136,0.556578557519033,49.79625920550243,0.2206419829102987
Adrenal_Ki67_Seg_008,1-111.dcm,E:\Computer vision\Projects\dataset\manifest-1788901441878\Adrenal-ACC-Ki67-Seg\Adrenal_Ki67_Seg_008\05-15-2005-NA-CT ABDOMEN-07400\103.000000-THINS-66703\1-111.dcm,1.7595099589845322,0.9901750998678064,0.6104645310108104,31.605543024115253,0.2274113353532699
Adrenal_Ki67_Seg_008,1-112.dcm,E:\Computer vision\Projects\dataset\manifest-1788901441878\Adrenal-ACC-Ki67-Seg\Adrenal_Ki67_Seg_008\05-15-2005-NA-CT ABDOMEN-07400\103.000000-THINS-66703\1-112.dcm,1.7162503207325337,0.9903858193364411,0.6195325006988063,30.938970821956104,0.22805436163119927
Adrenal_Ki67_Seg_008,1-113.dcm,E:\Computer vision\Projects\dataset\manifest-1788901441878\Adrenal-ACC-Ki67-Seg\Adrenal_Ki67_Seg_008\05-15-2005-NA-CT ABDOMEN-07400\103.000000-THINS-66703\1-113.dcm,1.6658215922886328,0.9906546963729749,0.6280701240803583,30.048778152657206,0.22854562541849316
Adrenal_Ki67_Seg_008,1-114.dcm,E:\Computer vision\Projects\dataset\manifest-1788901441878\Adrenal-ACC-Ki67-Seg\Adrenal_Ki67_Seg_008\05-15-2005-NA-CT ABDOMEN-07400\103.000000-THINS-66703\1-114.dcm,1.9224880419422412,0.9910124822136858,0.5962567627907343,39.95220606538731,0.2233290580699495
Adrenal_Ki67_Seg_008,1-115.dcm,E:\Computer vision\Projects\dataset\manifest-1788901441878\Adrenal-ACC-Ki67-Seg\Adrenal_Ki67_Seg_008\05-15-2005-NA-CT ABDOMEN-07400\103.000000-THINS-66703\1-115.dcm,2.5639377912921595,0.9912325191555835,0.5350860270459014,69.93779895144397,0.21675823376062664
Adrenal_Ki67_Seg_008,1-116.dcm,E:\Computer vision\Projects\dataset\manifest-1788901441878\Adrenal-ACC-Ki67-Seg\Adrenal_Ki67_Seg_008\05-15-2005-NA-CT ABDOMEN-07400\103.000000-THINS-66703\1-116.dcm,2.6505068531447105,0.9912899761183297,0.5268916935791527,72.9393078304694,0.21639611832774347
Adrenal_Ki67_Seg_008,1-117.dcm,E:\Computer vision\Projects\dataset\manifest-1788901441878\Adrenal-ACC-Ki67-Seg\Adrenal_Ki67_Seg_008\05-15-2005-NA-CT ABDOMEN-07400\103.000000-THINS-66703\1-117.dcm,2.7383473562065097,0.9912764402725037,0.517656773535537,76.04759479321847,0.21590038600449915
Adrenal_Ki67_Seg_008,1-118.dcm,E:\Computer vision\Projects\dataset\manifest-1788901441878\Adrenal-ACC-Ki67-Seg\Adrenal_Ki67_Seg_008\05-15-2005-NA-CT ABDOMEN-07400\103.000000-THINS-66703\1-118.dcm,2.7328250121591138,0.9912356687198963,0.5144587574750208,74.09238628834908,0.21626971935609493
Adrenal_Ki67_Seg_008,1-119.dcm,E:\Computer vision\Projects\dataset\manifest-1788901441878\Adrenal-ACC-Ki67-Seg\Adrenal_Ki67_Seg_008\05-15-2005-NA-CT ABDOMEN-07400\103.000000-THINS-66703\1-119.dcm,2.7641323371157434,0.9911901000001242,0.5089461738559286,73.88643196066192,0.21618833613413505
Adrenal_Ki67_Seg_008,1-120.dcm,E:\Computer vision\Projects\dataset\manifest-1788901441878\Adrenal-ACC-Ki67-Seg\Adrenal_Ki67_Seg_008\05-15-2005-NA-CT ABDOMEN-07400\103.000000-THINS-66703\1-120.dcm,2.7690725755492656,0.9911462707250941,0.5077267450526737,73.93066432803181,0.21623346043451747
Adrenal_Ki67_Seg_008,1-121.dcm,E:\Computer vision\Projects\dataset\manifest-1788901441878\Adrenal-ACC-Ki67-Seg\Adrenal_Ki67_Seg_008\05-15-2005-NA-CT ABDOMEN-07400\103.000000-THINS-66703\1-121.dcm,2.7324535368660507,0.991093055555317,0.5116446606319967,72.33075470758767,0.2165260236352752
Adrenal_Ki67_Seg_008,1-122.dcm,E:\Computer vision\Projects\dataset\manifest-1788901441878\Adrenal-ACC-Ki67-Seg\Adrenal_Ki67_Seg_008\05-15-2005-NA-CT ABDOMEN-07400\103.000000-THINS-66703\1-122.dcm,2.7354215095683605,0.9910307632727697,0.5159840585770603,75.12257535778433,0.21661849462706836
Adrenal_Ki67_Seg_008,1-123.dcm,E:\Computer vision\Projects\dataset\manifest-1788901441878\Adrenal-ACC-Ki67-Seg\Adrenal_Ki67_Seg_008\05-15-2005-NA-CT ABDOMEN-07400\103.000000-THINS-66703\1-123.dcm,2.698331424894972,0.9909559347172097,0.5243555576412982,76.65572282581638,0.21679908501431497
Adrenal_Ki67_Seg_008,1-124.dcm,E:\Computer vision\Projects\dataset\manifest-1788901441878\Adrenal-ACC-Ki67-Seg\Adrenal_Ki67_Seg_008\05-15-2005-NA-CT ABDOMEN-07400\103.000000-THINS-66703\1-124.dcm,2.613665695214096,0.9909425410526403,0.5340533258517443,74.34320870401078,0.2174119888370729
Adrenal_Ki67_Seg_008,1-125.dcm,E:\Computer vision\Projects\dataset\manifest-1788901441878\Adrenal-ACC-Ki67-Seg\Adrenal_Ki67_Seg_008\05-15-2005-NA-CT ABDOMEN-07400\103.000000-THINS-66703\1-125.dcm,2.612210431179414,0.9909668167098069,0.5355413843007925,75.35500783161828,0.21746657388737822
Adrenal_Ki67_Seg_008,1-126.dcm,E:\Computer vision\Projects\dataset\manifest-1788901441878\Adrenal-ACC-Ki67-Seg\Adrenal_Ki67_Seg_008\05-15-2005-NA-CT ABDOMEN-07400\103.000000-THINS-66703\1-126.dcm,2.5765066769811695,0.9908790911565857,0.5374012927111362,72.63574358247709,0.21783718473633074
Adrenal_Ki67_Seg_008,1-127.dcm,E:\Computer vision\Projects\dataset\manifest-1788901441878\Adrenal-ACC-Ki67-Seg\Adrenal_Ki67_Seg_008\05-15-2005-NA-CT ABDOMEN-07400\103.000000-THINS-66703\1-127.dcm,2.5770504861730767,0.9907740478972296,0.5352792590347211,71.36088633238995,0.217848859501039
Adrenal_Ki67_Seg_008,1-128.dcm,E:\Computer vision\Projects\dataset\manifest-1788901441878\Adrenal-ACC-Ki67-Seg\Adrenal_Ki67_Seg_008\05-15-2005-NA-CT ABDOMEN-07400\103.000000-THINS-66703\1-128.dcm,2.57445398876383,0.9907159670092044,0.5339707008409458,70.39856618196161,0.2181982721738315
Adrenal_Ki67_Seg_008,1-129.dcm,E:\Computer vision\Projects\dataset\manifest-1788901441878\Adrenal-ACC-Ki67-Seg\Adrenal_Ki67_Seg_008\05-15-2005-NA-CT ABDOMEN-07400\103.000000-THINS-66703\1-129.dcm,2.5979182065019666,0.9907020240969533,0.5289841237191587,70.31291623423624,0.2180280631111424
Adrenal_Ki67_Seg_008,1-130.dcm,E:\Computer vision\Projects\dataset\manifest-1788901441878\Adrenal-ACC-Ki67-Seg\Adrenal_Ki67_Seg_008\05-15-2005-NA-CT ABDOMEN-07400\103.000000-THINS-66703\1-130.dcm,2.6465967884620536,0.9906880036954822,0.5214438208113253,70.7803968275244,0.21786358448344267
Adrenal_Ki67_Seg_008,1-131.dcm,E:\Computer vision\Projects\dataset\manifest-1788901441878\Adrenal-ACC-Ki67-Seg\Adrenal_Ki67_Seg_008\05-15-2005-NA-CT ABDOMEN-07400\103.000000-THINS-66703\1-131.dcm,2.666292638278806,0.9906451140409231,0.5193352377832195,71.55673040467829,0.217752039363046
Adrenal_Ki67_Seg_008,1-132.dcm,E:\Computer vision\Projects\dataset\manifest-1788901441878\Adrenal-ACC-Ki67-Seg\Adrenal_Ki67_Seg_008\05-15-2005-NA-CT ABDOMEN-07400\103.000000-THINS-66703\1-132.dcm,2.6454632143718815,0.990644650100383,0.5212987074357256,70.99133351970926,0.2176887778602534
Adrenal_Ki67_Seg_008,1-133.dcm,E:\Computer vision\Projects\dataset\manifest-1788901441878\Adrenal-ACC-Ki67-Seg\Adrenal_Ki67_Seg_008\05-15-2005-NA-CT ABDOMEN-07400\103.000000-THINS-66703\1-133.dcm,2.6091582063487806,0.9907091235475709,0.5274190670051692,71.37362372233562,0.2177963522386998
Adrenal_Ki67_Seg_008,1-134.dcm,E:\Computer vision\Projects\dataset\manifest-1788901441878\Adrenal-ACC-Ki67-Seg\Adrenal_Ki67_Seg_008\05-15-2005-NA-CT ABDOMEN-07400\103.000000-THINS-66703\1-134.dcm,2.564293948016437,0.9907957532441943,0.5372860192531653,72.21093286254265,0.2180535092498101
Adrenal_Ki67_Seg_008,1-135.dcm,E:\Computer vision\Projects\dataset\manifest-1788901441878\Adrenal-ACC-Ki67-Seg\Adrenal_Ki67_Seg_008\05-15-2005-NA-CT ABDOMEN-07400\103.000000-THINS-66703\1-135.dcm,2.4993853424274572,0.9909946280479563,0.5448028854279499,69.96323543491332,0.21819697838537733
Adrenal_Ki67_Seg_008,1-136.dcm,E:\Computer vision\Projects\dataset\manifest-1788901441878\Adrenal-ACC-Ki67-Seg\Adrenal_Ki67_Seg_008\05-15-2005-NA-CT ABDOMEN-07400\103.000000-THINS-66703\1-136.dcm,2.4655887500430835,0.9912136335187525,0.5472335643640799,67.55961795489446,0.218530698134368
Adrenal_Ki67_Seg_008,1-137.dcm,E:\Computer vision\Projects\dataset\manifest-1788901441878\Adrenal-ACC-Ki67-Seg\Adrenal_Ki67_Seg_008\05-15-2005-NA-CT ABDOMEN-07400\103.000000-THINS-66703\1-137.dcm,2.4530773089870217,0.9913631453539655,0.5450732844339862,64.39642924161598,0.2184615326899857
Adrenal_Ki67_Seg_008,1-138.dcm,E:\Computer vision\Projects\dataset\manifest-1788901441878\Adrenal-ACC-Ki67-Seg\Adrenal_Ki67_Seg_008\05-15-2005-NA-CT ABDOMEN-07400\103.000000-THINS-66703\1-138.dcm,2.465803210006089,0.9914464005705297,0.5416592606254409,62.63327346326032,0.2186543822245701
Adrenal_Ki67_Seg_008,1-139.dcm,E:\Computer vision\Projects\dataset\manifest-1788901441878\Adrenal-ACC-Ki67-Seg\Adrenal_Ki67_Seg_008\05-15-2005-NA-CT ABDOMEN-07400\103.000000-THINS-66703\1-139.dcm,2.5008597546731206,0.9914633366317596,0.5362996604993403,63.04338218680229,0.21831687607725933
Adrenal_Ki67_Seg_008,1-140.dcm,E:\Computer vision\Projects\dataset\manifest-1788901441878\Adrenal-ACC-Ki67-Seg\Adrenal_Ki67_Seg_008\05-15-2005-NA-CT ABDOMEN-07400\103.000000-THINS-66703\1-140.dcm,2.561111515351121,0.9914365278899342,0.5287781220186032,64.79053772006081,0.21816967623835218
Adrenal_Ki67_Seg_008,1-141.dcm,E:\Computer vision\Projects\dataset\manifest-1788901441878\Adrenal-ACC-Ki67-Seg\Adrenal_Ki67_Seg_008\05-15-2005-NA-CT ABDOMEN-07400\103.000000-THINS-66703\1-141.dcm,2.6361265466967425,0.9914370511784696,0.5173976717945532,67.13735777666292,0.2174526625090308
Adrenal_Ki67_Seg_008,1-142.dcm,E:\Computer vision\Projects\dataset\manifest-1788901441878\Adrenal-ACC-Ki67-Seg\Adrenal_Ki67_Seg_008\05-15-2005-NA-CT ABDOMEN-07400\103.000000-THINS-66703\1-142.dcm,2.6790070503712835,0.9914360195448901,0.5114568421055581,68.48980740729394,0.2170358757539185
Adrenal_Ki67_Seg_008,1-143.dcm,E:\Computer vision\Projects\dataset\manifest-1788901441878\Adrenal-ACC-Ki67-Seg\Adrenal_Ki67_Seg_008\05-15-2005-NA-CT ABDOMEN-07400\103.000000-THINS-66703\1-143.dcm,2.6496375243660983,0.9914148426668816,0.5156790100851703,68.45150715568644,0.2174785113217281
Adrenal_Ki67_Seg_008,1-144.dcm,E:\Computer vision\Projects\dataset\manifest-1788901441878\Adrenal-ACC-Ki67-Seg\Adrenal_Ki67_Seg_008\05-15-2005-NA-CT ABDOMEN-07400\103.000000-THINS-66703\1-144.dcm,2.6211717939192942,0.9913417217819064,0.5203123976736803,69.81298708261687,0.21749196412045105
Adrenal_Ki67_Seg_008,1-145.dcm,E:\Computer vision\Projects\dataset\manifest-1788901441878\Adrenal-ACC-Ki67-Seg\Adrenal_Ki67_Seg_008\05-15-2005-NA-CT ABDOMEN-07400\103.000000-THINS-66703\1-145.dcm,2.5922120396291373,0.9912382682675189,0.5268871870457074,71.906192914396,0.21750940430369634
Adrenal_Ki67_Seg_008,1-146.dcm,E:\Computer vision\Projects\dataset\manifest-1788901441878\Adrenal-ACC-Ki67-Seg\Adrenal_Ki67_Seg_008\05-15-2005-NA-CT ABDOMEN-07400\103.000000-THINS-66703\1-146.dcm,2.6198658859302775,0.9911397106384523,0.5273591514427795,75.56031112013204,0.21738281666107828
Adrenal_Ki67_Seg_008,1-147.dcm,E:\Computer vision\Projects\dataset\manifest-1788901441878\Adrenal-ACC-Ki67-Seg\Adrenal_Ki67_Seg_008\05-15-2005-NA-CT ABDOMEN-07400\103.000000-THINS-66703\1-147.dcm,2.6374975586030995,0.9910235595560595,0.526646161101308,76.88876038311741,0.21728759073774379
Adrenal_Ki67_Seg_008,1-148.dcm,E:\Computer vision\Projects\dataset\manifest-1788901441878\Adrenal-ACC-Ki67-Seg\Adrenal_Ki67_Seg_008\05-15-2005-NA-CT ABDOMEN-07400\103.000000-THINS-66703\1-148.dcm,2.6848357657944018,0.9908407431601629,0.5231275391355834,79.50303116179855,0.21706348130078726
Adrenal_Ki67_Seg_008,1-149.dcm,E:\Computer vision\Projects\dataset\manifest-1788901441878\Adrenal-ACC-Ki67-Seg\Adrenal_Ki67_Seg_008\05-15-2005-NA-CT ABDOMEN-07400\103.000000-THINS-66703\1-149.dcm,2.7187855438666366,0.9905982830978863,0.5211946550675076,81.81899579122323,0.21721166330972141
Adrenal_Ki67_Seg_008,1-150.dcm,E:\Computer vision\Projects\dataset\manifest-1788901441878\Adrenal-ACC-Ki67-Seg\Adrenal_Ki67_Seg_008\05-15-2005-NA-CT ABDOMEN-07400\103.000000-THINS-66703\1-150.dcm,2.677302859593828,0.990324975451273,0.5214925119087047,78.4493472374876,0.21748864019909397
Adrenal_Ki67_Seg_008,1-151.dcm,E:\Computer vision\Projects\dataset\manifest-1788901441878\Adrenal-ACC-Ki67-Seg\Adrenal_Ki67_Seg_008\05-15-2005-NA-CT ABDOMEN-07400\103.000000-THINS-66703\1-151.dcm,2.7433871653371424,0.9900773130577792,0.5119493024749247,81.00543426227688,0.2170425316022926
Adrenal_Ki67_Seg_008,1-152.dcm,E:\Computer vision\Projects\dataset\manifest-1788901441878\Adrenal-ACC-Ki67-Seg\Adrenal_Ki67_Seg_008\05-15-2005-NA-CT ABDOMEN-07400\103.000000-THINS-66703\1-152.dcm,2.7737638872400154,0.9898142873113628,0.5067965280102049,81.97265635471678,0.21692298874979926
Adrenal_Ki67_Seg_008,1-153.dcm,E:\Computer vision\Projects\dataset\manifest-1788901441878\Adrenal-ACC-Ki67-Seg\Adrenal_Ki67_Seg_008\05-15-2005-NA-CT ABDOMEN-07400\103.000000-THINS-66703\1-153.dcm,2.702291274926184,0.9896482835623728,0.5094210855195523,77.71182325435335,0.21745843396254216
Adrenal_Ki67_Seg_008,1-154.dcm,E:\Computer vision\Projects\dataset\manifest-1788901441878\Adrenal-ACC-Ki67-Seg\Adrenal_Ki67_Seg_008\05-15-2005-NA-CT ABDOMEN-07400\103.000000-THINS-66703\1-154.dcm,2.6787772718394924,0.9895361788949778,0.5141370130793806,78.48627647718874,0.2178936031847442
Adrenal_Ki67_Seg_008,1-155.dcm,E:\Computer vision\Projects\dataset\manifest-1788901441878\Adrenal-ACC-Ki67-Seg\Adrenal_Ki67_Seg_008\05-15-2005-NA-CT ABDOMEN-07400\103.000000-THINS-66703\1-155.dcm,2.6638454969152234,0.9894105321175606,0.5184303098931832,79.92408883238039,0.21811601494107166
Adrenal_Ki67_Seg_008,1-156.dcm,E:\Computer vision\Projects\dataset\manifest-1788901441878\Adrenal-ACC-Ki67-Seg\Adrenal_Ki67_Seg_008\05-15-2005-NA-CT ABDOMEN-07400\103.000000-THINS-66703\1-156.dcm,2.1719164678444094,0.9893369188612957,0.5632838142127171,54.67617311514585,0.22263266184409175
Adrenal_Ki67_Seg_008,1-157.dcm,E:\Computer vision\Projects\dataset\manifest-1788901441878\Adrenal-ACC-Ki67-Seg\Adrenal_Ki67_Seg_008\05-15-2005-NA-CT ABDOMEN-07400\103.000000-THINS-66703\1-157.dcm,2.0566442377288694,0.9894444052701528,0.5782454302649189,50.28794696711487,0.2237763948797206
Adrenal_Ki67_Seg_008,1-158.dcm,E:\Computer vision\Projects\dataset\manifest-1788901441878\Adrenal-ACC-Ki67-Seg\Adrenal_Ki67_Seg_008\05-15-2005-NA-CT ABDOMEN-07400\103.000000-THINS-66703\1-158.dcm,2.126136925027095,0.9896689549342402,0.5699709408608711,53.55709039104477,0.22251643894341072
Adrenal_Ki67_Seg_008,1-159.dcm,E:\Computer vision\Projects\dataset\manifest-1788901441878\Adrenal-ACC-Ki67-Seg\Adrenal_Ki67_Seg_008\05-15-2005-NA-CT ABDOMEN-07400\103.000000-THINS-66703\1-159.dcm,2.630569735869578,0.9898174896406088,0.5231692305104654,80.28231739308598,0.21756895697908468
Adrenal_Ki67_Seg_008,1-160.dcm,E:\Computer vision\Projects\dataset\manifest-1788901441878\Adrenal-ACC-Ki67-Seg\Adrenal_Ki67_Seg_008\05-15-2005-NA-CT ABDOMEN-07400\103.000000-THINS-66703\1-160.dcm,2.67603141838458,0.9897955489356538,0.5188373073801485,81.89286192990988,0.2174369590076549
Adrenal_Ki67_Seg_008,1-161.dcm,E:\Computer vision\Projects\dataset\manifest-1788901441878\Adrenal-ACC-Ki67-Seg\Adrenal_Ki67_Seg_008\05-15-2005-NA-CT ABDOMEN-07400\103.000000-THINS-66703\1-161.dcm,2.6331777222054145,0.9896503098434907,0.5170388364071279,76.93993972143184,0.21771570824210182
Adrenal_Ki67_Seg_008,1-162.dcm,E:\Computer vision\Projects\dataset\manifest-1788901441878\Adrenal-ACC-Ki67-Seg\Adrenal_Ki67_Seg_008\05-15-2005-NA-CT ABDOMEN-07400\103.000000-THINS-66703\1-162.dcm,2.3872227817754985,0.9894643557094042,0.5338910560136502,62.74522539359147,0.22017037783263932
Adrenal_Ki67_Seg_008,1-163.dcm,E:\Computer vision\Projects\dataset\manifest-1788901441878\Adrenal-ACC-Ki67-Seg\Adrenal_Ki67_Seg_008\05-15-2005-NA-CT ABDOMEN-07400\103.000000-THINS-66703\1-163.dcm,2.2620317783709467,0.9893112341700229,0.5406489182397514,55.83976011121281,0.2216100045875623
Adrenal_Ki67_Seg_008,1-164.dcm,E:\Computer vision\Projects\dataset\manifest-1788901441878\Adrenal-ACC-Ki67-Seg\Adrenal_Ki67_Seg_008\05-15-2005-NA-CT ABDOMEN-07400\103.000000-THINS-66703\1-164.dcm,2.750996664381647,0.9892085203928667,0.4994221286514906,82.574496114828,0.21761847145773935
Adrenal_Ki67_Seg_008,1-165.dcm,E:\Computer vision\Projects\dataset\manifest-1788901441878\Adrenal-ACC-Ki67-Seg\Adrenal_Ki67_Seg_008\05-15-2005-NA-CT ABDOMEN-07400\103.000000-THINS-66703\1-165.dcm,2.7629681258879986,0.9891033025760055,0.5004880965283229,85.88786424684342,0.21769253774915256
Adrenal_Ki67_Seg_008,1-166.dcm,E:\Computer vision\Projects\dataset\manifest-1788901441878\Adrenal-ACC-Ki67-Seg\Adrenal_Ki67_Seg_008\05-15-2005-NA-CT ABDOMEN-07400\103.000000-THINS-66703\1-166.dcm,2.8004488340654334,0.9889857158434975,0.5005250176467431,92.32627785585993,0.21739994974508403
Adrenal_Ki67_Seg_008,1-167.dcm,E:\Computer vision\Projects\dataset\manifest-1788901441878\Adrenal-ACC-Ki67-Seg\Adrenal_Ki67_Seg_008\05-15-2005-NA-CT ABDOMEN-07400\103.000000-THINS-66703\1-167.dcm,2.765916950379326,0.9888766045205727,0.5064735541493423,94.2247961672941,0.21765520422112222
Adrenal_Ki67_Seg_008,1-168.dcm,E:\Computer vision\Projects\dataset\manifest-1788901441878\Adrenal-ACC-Ki67-Seg\Adrenal_Ki67_Seg_008\05-15-2005-NA-CT ABDOMEN-07400\103.000000-THINS-66703\1-168.dcm,2.7077217075608626,0.98877490420531,0.5136529311168285,94.4694413700928,0.21804709845550369
Adrenal_Ki67_Seg_008,1-169.dcm,E:\Computer vision\Projects\dataset\manifest-1788901441878\Adrenal-ACC-Ki67-Seg\Adrenal_Ki67_Seg_008\05-15-2005-NA-CT ABDOMEN-07400\103.000000-THINS-66703\1-169.dcm,2.69997817103948,0.9885992600040581,0.5153732894200787,95.97688045005955,0.2179879409993189
Adrenal_Ki67_Seg_008,1-170.dcm,E:\Computer vision\Projects\dataset\manifest-1788901441878\Adrenal-ACC-Ki67-Seg\Adrenal_Ki67_Seg_008\05-15-2005-NA-CT ABDOMEN-07400\103.000000-THINS-66703\1-170.dcm,2.783276718456195,0.9883347309716103,0.5105938929932806,101.5147996522685,0.21745797999982455
Adrenal_Ki67_Seg_008,1-171.dcm,E:\Computer vision\Projects\dataset\manifest-1788901441878\Adrenal-ACC-Ki67-Seg\Adrenal_Ki67_Seg_008\05-15-2005-NA-CT ABDOMEN-07400\103.000000-THINS-66703\1-171.dcm,2.8769574258677015,0.9880238127594673,0.5029855217143472,106.89635839323533,0.21692407485073284
Adrenal_Ki67_Seg_008,1-172.dcm,E:\Computer vision\Projects\dataset\manifest-1788901441878\Adrenal-ACC-Ki67-Seg\Adrenal_Ki67_Seg_008\05-15-2005-NA-CT ABDOMEN-07400\103.000000-THINS-66703\1-172.dcm,2.880507504183884,0.987710831915723,0.49990546125386653,105.07225768896413,0.21696031415895634
Adrenal_Ki67_Seg_008,1-173.dcm,E:\Computer vision\Projects\dataset\manifest-1788901441878\Adrenal-ACC-Ki67-Seg\Adrenal_Ki67_Seg_008\05-15-2005-NA-CT ABDOMEN-07400\103.000000-THINS-66703\1-173.dcm,2.9053235856173956,0.9875054294946707,0.49452790843116795,104.60115042451584,0.21691546018005542
Adrenal_Ki67_Seg_008,1-174.dcm,E:\Computer vision\Projects\dataset\manifest-1788901441878\Adrenal-ACC-Ki67-Seg\Adrenal_Ki67_Seg_008\05-15-2005-NA-CT ABDOMEN-07400\103.000000-THINS-66703\1-174.dcm,2.988537880905787,0.9873752189600281,0.4857285240989685,107.65671853278748,0.2164591009381602
Adrenal_Ki67_Seg_008,1-175.dcm,E:\Computer vision\Projects\dataset\manifest-1788901441878\Adrenal-ACC-Ki67-Seg\Adrenal_Ki67_Seg_008\05-15-2005-NA-CT ABDOMEN-07400\103.000000-THINS-66703\1-175.dcm,3.0610483262548787,0.9872632034696992,0.4798022261543201,112.09244756262422,0.21634562971721452
Adrenal_Ki67_Seg_008,1-176.dcm,E:\Computer vision\Projects\dataset\manifest-1788901441878\Adrenal-ACC-Ki67-Seg\Adrenal_Ki67_Seg_008\05-15-2005-NA-CT ABDOMEN-07400\103.000000-THINS-66703\1-176.dcm,3.012235706817912,0.9871366762556757,0.48295421637451824,110.35848514673275,0.21653007967457716
Adrenal_Ki67_Seg_008,1-177.dcm,E:\Computer vision\Projects\dataset\manifest-1788901441878\Adrenal-ACC-Ki67-Seg\Adrenal_Ki67_Seg_008\05-15-2005-NA-CT ABDOMEN-07400\103.000000-THINS-66703\1-177.dcm,2.8898862979231845,0.9870083783893806,0.4949232057530978,106.09162801919416,0.21727481222182904
Adrenal_Ki67_Seg_008,1-178.dcm,E:\Computer vision\Projects\dataset\manifest-1788901441878\Adrenal-ACC-Ki67-Seg\Adrenal_Ki67_Seg_008\05-15-2005-NA-CT ABDOMEN-07400\103.000000-THINS-66703\1-178.dcm,2.797281719968903,0.9869566498202544,0.5065982752086758,104.03679903186645,0.21789628798205662
Adrenal_Ki67_Seg_008,1-179.dcm,E:\Computer vision\Projects\dataset\manifest-1788901441878\Adrenal-ACC-Ki67-Seg\Adrenal_Ki67_Seg_008\05-15-2005-NA-CT ABDOMEN-07400\103.000000-THINS-66703\1-179.dcm,2.699246709379943,0.987031653422453,0.5185359467003131,99.77130908659204,0.21882362763392532
Adrenal_Ki67_Seg_008,1-180.dcm,E:\Computer vision\Projects\dataset\manifest-1788901441878\Adrenal-ACC-Ki67-Seg\Adrenal_Ki67_Seg_008\05-15-2005-NA-CT ABDOMEN-07400\103.000000-THINS-66703\1-180.dcm,2.6750931560464304,0.9871137815543302,0.518993555258049,96.40727095867433,0.21858237205177697
Adrenal_Ki67_Seg_008,1-181.dcm,E:\Computer vision\Projects\dataset\manifest-1788901441878\Adrenal-ACC-Ki67-Seg\Adrenal_Ki67_Seg_008\05-15-2005-NA-CT ABDOMEN-07400\103.000000-THINS-66703\1-181.dcm,2.6658560590684015,0.9871096041600098,0.5193343396990329,94.24627280073221,0.21850979681714736
Adrenal_Ki67_Seg_008,1-182.dcm,E:\Computer vision\Projects\dataset\manifest-1788901441878\Adrenal-ACC-Ki67-Seg\Adrenal_Ki67_Seg_008\05-15-2005-NA-CT ABDOMEN-07400\103.000000-THINS-66703\1-182.dcm,2.6475503693689895,0.9869789591347854,0.5183550487090482,90.537180081265,0.21890754780697938
Adrenal_Ki67_Seg_008,1-183.dcm,E:\Computer vision\Projects\dataset\manifest-1788901441878\Adrenal-ACC-Ki67-Seg\Adrenal_Ki67_Seg_008\05-15-2005-NA-CT ABDOMEN-07400\103.000000-THINS-66703\1-183.dcm,2.645918941793269,0.9867982966906609,0.5149332749077578,87.59035466316385,0.21884237810123516
Adrenal_Ki67_Seg_008,1-184.dcm,E:\Computer vision\Projects\dataset\manifest-1788901441878\Adrenal-ACC-Ki67-Seg\Adrenal_Ki67_Seg_008\05-15-2005-NA-CT ABDOMEN-07400\103.000000-THINS-66703\1-184.dcm,2.621730921679988,0.9866068473501358,0.5131511698315021,85.15189892808314,0.21928529448309153
Adrenal_Ki67_Seg_008,1-185.dcm,E:\Computer vision\Projects\dataset\manifest-1788901441878\Adrenal-ACC-Ki67-Seg\Adrenal_Ki67_Seg_008\05-15-2005-NA-CT ABDOMEN-07400\103.000000-THINS-66703\1-185.dcm,2.648844788431417,0.9864134390207804,0.5077693018022247,85.40836240670035,0.21926708342900394
Adrenal_Ki67_Seg_008,1-186.dcm,E:\Computer vision\Projects\dataset\manifest-1788901441878\Adrenal-ACC-Ki67-Seg\Adrenal_Ki67_Seg_008\05-15-2005-NA-CT ABDOMEN-07400\103.000000-THINS-66703\1-186.dcm,2.6693601816782255,0.9863096434730589,0.5061074646143601,86.98309212970233,0.21947924168881291
Adrenal_Ki67_Seg_008,1-187.dcm,E:\Computer vision\Projects\dataset\manifest-1788901441878\Adrenal-ACC-Ki67-Seg\Adrenal_Ki67_Seg_008\05-15-2005-NA-CT ABDOMEN-07400\103.000000-THINS-66703\1-187.dcm,2.6276898449377875,0.9862458086645294,0.5116902210477652,86.25642135255303,0.22015010015400094
Adrenal_Ki67_Seg_008,1-188.dcm,E:\Computer vision\Projects\dataset\manifest-1788901441878\Adrenal-ACC-Ki67-Seg\Adrenal_Ki67_Seg_008\05-15-2005-NA-CT ABDOMEN-07400\103.000000-THINS-66703\1-188.dcm,2.4966892743211,0.9861310844515808,0.5243664507206969,81.3973675039541,0.22143996778025163
Adrenal_Ki67_Seg_008,1-189.dcm,E:\Computer vision\Projects\dataset\manifest-1788901441878\Adrenal-ACC-Ki67-Seg\Adrenal_Ki67_Seg_008\05-15-2005-NA-CT ABDOMEN-07400\103.000000-THINS-66703\1-189.dcm,2.4097104407535204,0.9860881662203762,0.5366681110732162,80.31679566178131,0.22216217670859265
Adrenal_Ki67_Seg_008,1-190.dcm,E:\Computer vision\Projects\dataset\manifest-1788901441878\Adrenal-ACC-Ki67-Seg\Adrenal_Ki67_Seg_008\05-15-2005-NA-CT ABDOMEN-07400\103.000000-THINS-66703\1-190.dcm,2.468181417810134,0.9861110078374478,0.5327974903060878,86.68492384756493,0.2208307561758338
Adrenal_Ki67_Seg_008,1-191.dcm,E:\Computer vision\Projects\dataset\manifest-1788901441878\Adrenal-ACC-Ki67-Seg\Adrenal_Ki67_Seg_008\05-15-2005-NA-CT ABDOMEN-07400\103.000000-THINS-66703\1-191.dcm,2.4913737309523167,0.9860207194337942,0.5302104775825891,88.07974846910054,0.22015082390063198
Adrenal_Ki67_Seg_008,1-192.dcm,E:\Computer vision\Projects\dataset\manifest-1788901441878\Adrenal-ACC-Ki67-Seg\Adrenal_Ki67_Seg_008\05-15-2005-NA-CT ABDOMEN-07400\103.000000-THINS-66703\1-192.dcm,2.5340933896546045,0.9858244517502618,0.5262403480900499,89.36663462532695,0.21985902844473842
Adrenal_Ki67_Seg_008,1-193.dcm,E:\Computer vision\Projects\dataset\manifest-1788901441878\Adrenal-ACC-Ki67-Seg\Adrenal_Ki67_Seg_008\05-15-2005-NA-CT ABDOMEN-07400\103.000000-THINS-66703\1-193.dcm,2.6020886868539876,0.9855648969763485,0.5200544479612361,92.5377583572367,0.21941549313750353
Adrenal_Ki67_Seg_008,1-194.dcm,E:\Computer vision\Projects\dataset\manifest-1788901441878\Adrenal-ACC-Ki67-Seg\Adrenal_Ki67_Seg_008\05-15-2005-NA-CT ABDOMEN-07400\103.000000-THINS-66703\1-194.dcm,2.676912236089782,0.9853707450052676,0.5120573667621298,96.40562804217203,0.21865857401269678
Adrenal_Ki67_Seg_008,1-195.dcm,E:\Computer vision\Projects\dataset\manifest-1788901441878\Adrenal-ACC-Ki67-Seg\Adrenal_Ki67_Seg_008\05-15-2005-NA-CT ABDOMEN-07400\103.000000-THINS-66703\1-195.dcm,2.742881652567201,0.9852771737018235,0.5029297102616684,97.47239019458415,0.21790042494374193
Adrenal_Ki67_Seg_008,1-196.dcm,E:\Computer vision\Projects\dataset\manifest-1788901441878\Adrenal-ACC-Ki67-Seg\Adrenal_Ki67_Seg_008\05-15-2005-NA-CT ABDOMEN-07400\103.000000-THINS-66703\1-196.dcm,2.769593406887995,0.9852070584488464,0.49899838913105865,98.39050478513792,0.2181694509214069
Adrenal_Ki67_Seg_008,1-197.dcm,E:\Computer vision\Projects\dataset\manifest-1788901441878\Adrenal-ACC-Ki67-Seg\Adrenal_Ki67_Seg_008\05-15-2005-NA-CT ABDOMEN-07400\103.000000-THINS-66703\1-197.dcm,2.7576257750238398,0.9851438052148895,0.4979816497211599,96.97906334611156,0.2182878771868819
Adrenal_Ki67_Seg_008,1-198.dcm,E:\Computer vision\Projects\dataset\manifest-1788901441878\Adrenal-ACC-Ki67-Seg\Adrenal_Ki67_Seg_008\05-15-2005-NA-CT ABDOMEN-07400\103.000000-THINS-66703\1-198.dcm,2.701356842230231,0.9851453845000577,0.5030789477875597,96.04419024130578,0.21896482885142582
Adrenal_Ki67_Seg_008,1-199.dcm,E:\Computer vision\Projects\dataset\manifest-1788901441878\Adrenal-ACC-Ki67-Seg\Adrenal_Ki67_Seg_008\05-15-2005-NA-CT ABDOMEN-07400\103.000000-THINS-66703\1-199.dcm,2.648749047376504,0.9851180295379455,0.5114775512128221,96.00261181597806,0.21913111691860365
Adrenal_Ki67_Seg_008,1-200.dcm,E:\Computer vision\Projects\dataset\manifest-1788901441878\Adrenal-ACC-Ki67-Seg\Adrenal_Ki67_Seg_008\05-15-2005-NA-CT ABDOMEN-07400\103.000000-THINS-66703\1-200.dcm,2.581745627506022,0.9851564307069023,0.522594871750218,94.58485529696961,0.22014969541045096
Adrenal_Ki67_Seg_008,1-201.dcm,E:\Computer vision\Projects\dataset\manifest-1788901441878\Adrenal-ACC-Ki67-Seg\Adrenal_Ki67_Seg_008\05-15-2005-NA-CT ABDOMEN-07400\103.000000-THINS-66703\1-201.dcm,2.5302982142378436,0.9852764512087184,0.5308951047066026,92.26750816671199,0.2204137159097194
Adrenal_Ki67_Seg_008,1-202.dcm,E:\Computer vision\Projects\dataset\manifest-1788901441878\Adrenal-ACC-Ki67-Seg\Adrenal_Ki67_Seg_008\05-15-2005-NA-CT ABDOMEN-07400\103.000000-THINS-66703\1-202.dcm,2.5516791066210684,0.985395830216232,0.5272355003299719,91.08288877570169,0.21999559242749472
Adrenal_Ki67_Seg_008,1-203.dcm,E:\Computer vision\Projects\dataset\manifest-1788901441878\Adrenal-ACC-Ki67-Seg\Adrenal_Ki67_Seg_008\05-15-2005-NA-CT ABDOMEN-07400\103.000000-THINS-66703\1-203.dcm,2.5647918015019857,0.98536965547391,0.5249059827176128,88.68623741483833,0.2197156286272979
Adrenal_Ki67_Seg_008,1-204.dcm,E:\Computer vision\Projects\dataset\manifest-1788901441878\Adrenal-ACC-Ki67-Seg\Adrenal_Ki67_Seg_008\05-15-2005-NA-CT ABDOMEN-07400\103.000000-THINS-66703\1-204.dcm,2.5622987044320453,0.985196781103347,0.5230066231733673,85.46362031395407,0.21965672313486534
Adrenal_Ki67_Seg_008,1-205.dcm,E:\Computer vision\Projects\dataset\manifest-1788901441878\Adrenal-ACC-Ki67-Seg\Adrenal_Ki67_Seg_008\05-15-2005-NA-CT ABDOMEN-07400\103.000000-THINS-66703\1-205.dcm,2.567882322754585,0.9849814358719718,0.5196281521478261,83.33703532079,0.2194596673593982
Adrenal_Ki67_Seg_008,1-206.dcm,E:\Computer vision\Projects\dataset\manifest-1788901441878\Adrenal-ACC-Ki67-Seg\Adrenal_Ki67_Seg_008\05-15-2005-NA-CT ABDOMEN-07400\103.000000-THINS-66703\1-206.dcm,2.514638807296235,0.9848184996768962,0.5222191605562946,80.20506585069757,0.22054712133149615
Adrenal_Ki67_Seg_008,1-207.dcm,E:\Computer vision\Projects\dataset\manifest-1788901441878\Adrenal-ACC-Ki67-Seg\Adrenal_Ki67_Seg_008\05-15-2005-NA-CT ABDOMEN-07400\103.000000-THINS-66703\1-207.dcm,2.5331589569586512,0.9847410482748026,0.5178416664583081,80.25608434403975,0.22067120803990292
Adrenal_Ki67_Seg_008,1-208.dcm,E:\Computer vision\Projects\dataset\manifest-1788901441878\Adrenal-ACC-Ki67-Seg\Adrenal_Ki67_Seg_008\05-15-2005-NA-CT ABDOMEN-07400\103.000000-THINS-66703\1-208.dcm,2.55107019351182,0.9847273713344092,0.5136180432023036,80.63549082609211,0.22065685014136574
Adrenal_Ki67_Seg_008,1-209.dcm,E:\Computer vision\Projects\dataset\manifest-1788901441878\Adrenal-ACC-Ki67-Seg\Adrenal_Ki67_Seg_008\05-15-2005-NA-CT ABDOMEN-07400\103.000000-THINS-66703\1-209.dcm,2.5257409400239736,0.9846770600498929,0.5170782344184128,80.6957847128343,0.22098550257933242
Adrenal_Ki67_Seg_008,1-210.dcm,E:\Computer vision\Projects\dataset\manifest-1788901441878\Adrenal-ACC-Ki67-Seg\Adrenal_Ki67_Seg_008\05-15-2005-NA-CT ABDOMEN-07400\103.000000-THINS-66703\1-210.dcm,2.4953757070476907,0.9846020474772134,0.5231068247920653,81.5286744459465,0.22127697204624183
Adrenal_Ki67_Seg_008,1-211.dcm,E:\Computer vision\Projects\dataset\manifest-1788901441878\Adrenal-ACC-Ki67-Seg\Adrenal_Ki67_Seg_008\05-15-2005-NA-CT ABDOMEN-07400\103.000000-THINS-66703\1-211.dcm,2.4309228288800977,0.9845390081299146,0.5341768891975731,82.19553004162822,0.22174941007969393
Adrenal_Ki67_Seg_008,1-212.dcm,E:\Computer vision\Projects\dataset\manifest-1788901441878\Adrenal-ACC-Ki67-Seg\Adrenal_Ki67_Seg_008\05-15-2005-NA-CT ABDOMEN-07400\103.000000-THINS-66703\1-212.dcm,2.425829404758714,0.9844910823670522,0.5361372295499693,84.27736183608366,0.22128825447645076
Adrenal_Ki67_Seg_008,1-213.dcm,E:\Computer vision\Projects\dataset\manifest-1788901441878\Adrenal-ACC-Ki67-Seg\Adrenal_Ki67_Seg_008\05-15-2005-NA-CT ABDOMEN-07400\103.000000-THINS-66703\1-213.dcm,2.4589787876118736,0.9843905771159654,0.5326955039812197,86.01758954660866,0.22060634721565286
Adrenal_Ki67_Seg_008,1-214.dcm,E:\Computer vision\Projects\dataset\manifest-1788901441878\Adrenal-ACC-Ki67-Seg\Adrenal_Ki67_Seg_008\05-15-2005-NA-CT ABDOMEN-07400\103.000000-THINS-66703\1-214.dcm,2.5436943026413044,0.9842075961183118,0.5249610233051402,89.66057115283719,0.21955717408479772
Adrenal_Ki67_Seg_008,1-215.dcm,E:\Computer vision\Projects\dataset\manifest-1788901441878\Adrenal-ACC-Ki67-Seg\Adrenal_Ki67_Seg_008\05-15-2005-NA-CT ABDOMEN-07400\103.000000-THINS-66703\1-215.dcm,2.627804734203683,0.9839769051566695,0.5169426576389892,92.89142198444401,0.2187485539103038
Adrenal_Ki67_Seg_008,1-216.dcm,E:\Computer vision\Projects\dataset\manifest-1788901441878\Adrenal-ACC-Ki67-Seg\Adrenal_Ki67_Seg_008\05-15-2005-NA-CT ABDOMEN-07400\103.000000-THINS-66703\1-216.dcm,2.6759663144672396,0.9838888563664747,0.5109068504370062,93.55883670788639,0.21842220671799117
Adrenal_Ki67_Seg_008,1-217.dcm,E:\Computer vision\Projects\dataset\manifest-1788901441878\Adrenal-ACC-Ki67-Seg\Adrenal_Ki67_Seg_008\05-15-2005-NA-CT ABDOMEN-07400\103.000000-THINS-66703\1-217.dcm,2.751578769995519,0.9839306056231238,0.5011933026172066,96.27796691955072,0.21786049782639114
Adrenal_Ki67_Seg_008,1-01.dcm,E:\Computer vision\Projects\dataset\manifest-1788901441878\Adrenal-ACC-Ki67-Seg\Adrenal_Ki67_Seg_008\05-15-2005-NA-CT ABDOMEN-07400\2.000000-NONCONTRAST-49950\1-01.dcm,1.5472328920308978,0.9881783602684652,0.7139813516258267,32.53453762814941,0.24659161909746058
Adrenal_Ki67_Seg_008,1-02.dcm,E:\Computer vision\Projects\dataset\manifest-1788901441878\Adrenal-ACC-Ki67-Seg\Adrenal_Ki67_Seg_008\05-15-2005-NA-CT ABDOMEN-07400\2.000000-NONCONTRAST-49950\1-02.dcm,1.518280797025134,0.9878026991031679,0.7220045243408542,33.024279931525996,0.25009012484314547
Adrenal_Ki67_Seg_008,1-03.dcm,E:\Computer vision\Projects\dataset\manifest-1788901441878\Adrenal-ACC-Ki67-Seg\Adrenal_Ki67_Seg_008\05-15-2005-NA-CT ABDOMEN-07400\2.000000-NONCONTRAST-49950\1-03.dcm,1.5221793727812012,0.9875138619178064,0.7223696460334197,33.25356060983222,0.2520289480726712
Adrenal_Ki67_Seg_008,1-04.dcm,E:\Computer vision\Projects\dataset\manifest-1788901441878\Adrenal-ACC-Ki67-Seg\Adrenal_Ki67_Seg_008\05-15-2005-NA-CT ABDOMEN-07400\2.000000-NONCONTRAST-49950\1-04.dcm,1.5215589707453634,0.9875909548671389,0.7246560273787499,32.96143550308095,0.24695827328011097
Adrenal_Ki67_Seg_008,1-05.dcm,E:\Computer vision\Projects\dataset\manifest-1788901441878\Adrenal-ACC-Ki67-Seg\Adrenal_Ki67_Seg_008\05-15-2005-NA-CT ABDOMEN-07400\2.000000-NONCONTRAST-49950\1-05.dcm,1.476951298440187,0.9884072030760315,0.7283565549364566,31.074149532209205,0.2519455969959864
Adrenal_Ki67_Seg_008,1-06.dcm,E:\Computer vision\Projects\dataset\manifest-1788901441878\Adrenal-ACC-Ki67-Seg\Adrenal_Ki67_Seg_008\05-15-2005-NA-CT ABDOMEN-07400\2.000000-NONCONTRAST-49950\1-06.dcm,1.7319403648117158,0.9887355407713853,0.701444860929138,43.851463497765415,0.24041827546889882
Adrenal_Ki67_Seg_008,1-07.dcm,E:\Computer vision\Projects\dataset\manifest-1788901441878\Adrenal-ACC-Ki67-Seg\Adrenal_Ki67_Seg_008\05-15-2005-NA-CT ABDOMEN-07400\2.000000-NONCONTRAST-49950\1-07.dcm,1.8698151431711736,0.9888901979831095,0.6893169909635737,51.94254770776767,0.23413073896723807
Adrenal_Ki67_Seg_008,1-08.dcm,E:\Computer vision\Projects\dataset\manifest-1788901441878\Adrenal-ACC-Ki67-Seg\Adrenal_Ki67_Seg_008\05-15-2005-NA-CT ABDOMEN-07400\2.000000-NONCONTRAST-49950\1-08.dcm,2.1914935987530684,0.9896716303379889,0.6604574536320197,71.24871228281143,0.23950063017948495
Adrenal_Ki67_Seg_008,1-09.dcm,E:\Computer vision\Projects\dataset\manifest-1788901441878\Adrenal-ACC-Ki67-Seg\Adrenal_Ki67_Seg_008\05-15-2005-NA-CT ABDOMEN-07400\2.000000-NONCONTRAST-49950\1-09.dcm,2.289601372543763,0.990073778925255,0.6426361725807196,78.58447616239215,0.22971986426849247
Adrenal_Ki67_Seg_008,1-10.dcm,E:\Computer vision\Projects\dataset\manifest-1788901441878\Adrenal-ACC-Ki67-Seg\Adrenal_Ki67_Seg_008\05-15-2005-NA-CT ABDOMEN-07400\2.000000-NONCONTRAST-49950\1-10.dcm,2.0905672083057283,0.9907807651332154,0.6587855098361209,65.654156502158,0.22978255442868345
Adrenal_Ki67_Seg_008,1-11.dcm,E:\Computer vision\Projects\dataset\manifest-1788901441878\Adrenal-ACC-Ki67-Seg\Adrenal_Ki67_Seg_008\05-15-2005-NA-CT ABDOMEN-07400\2.000000-NONCONTRAST-49950\1-11.dcm,2.1170683323057125,0.9912963902227553,0.6441946858187579,66.00418579892082,0.23080165970108119
Adrenal_Ki67_Seg_008,1-12.dcm,E:\Computer vision\Projects\dataset\manifest-1788901441878\Adrenal-ACC-Ki67-Seg\Adrenal_Ki67_Seg_008\05-15-2005-NA-CT ABDOMEN-07400\2.000000-NONCONTRAST-49950\1-12.dcm,2.219974647768659,0.9912988577542603,0.6328423673383512,73.81445383557813,0.22739381129700945
Adrenal_Ki67_Seg_008,1-13.dcm,E:\Computer vision\Projects\dataset\manifest-1788901441878\Adrenal-ACC-Ki67-Seg\Adrenal_Ki67_Seg_008\05-15-2005-NA-CT ABDOMEN-07400\2.000000-NONCONTRAST-49950\1-13.dcm,2.240264092125873,0.9910748553617132,0.6353004936238038,77.30713347451947,0.22902731869610274
Adrenal_Ki67_Seg_008,1-14.dcm,E:\Computer vision\Projects\dataset\manifest-1788901441878\Adrenal-ACC-Ki67-Seg\Adrenal_Ki67_Seg_008\05-15-2005-NA-CT ABDOMEN-07400\2.000000-NONCONTRAST-49950\1-14.dcm,2.262407083306207,0.9907778819610965,0.621032218361961,75.38395609698186,0.2279124582885841
Adrenal_Ki67_Seg_008,1-15.dcm,E:\Computer vision\Projects\dataset\manifest-1788901441878\Adrenal-ACC-Ki67-Seg\Adrenal_Ki67_Seg_008\05-15-2005-NA-CT ABDOMEN-07400\2.000000-NONCONTRAST-49950\1-15.dcm,2.1788404609357346,0.9908395422361527,0.6388107613122118,71.99539294043758,0.2295103706343084
Adrenal_Ki67_Seg_008,1-16.dcm,E:\Computer vision\Projects\dataset\manifest-1788901441878\Adrenal-ACC-Ki67-Seg\Adrenal_Ki67_Seg_008\05-15-2005-NA-CT ABDOMEN-07400\2.000000-NONCONTRAST-49950\1-16.dcm,2.1670260147594407,0.9913880984180251,0.6316044088530648,68.55189739622628,0.2282409843216249
Adrenal_Ki67_Seg_008,1-17.dcm,E:\Computer vision\Projects\dataset\manifest-1788901441878\Adrenal-ACC-Ki67-Seg\Adrenal_Ki67_Seg_008\05-15-2005-NA-CT ABDOMEN-07400\2.000000-NONCONTRAST-49950\1-17.dcm,2.2433699319472584,0.9914375477523065,0.6139774711694428,71.52051730806791,0.22640121823954304
Adrenal_Ki67_Seg_008,1-18.dcm,E:\Computer vision\Projects\dataset\manifest-1788901441878\Adrenal-ACC-Ki67-Seg\Adrenal_Ki67_Seg_008\05-15-2005-NA-CT ABDOMEN-07400\2.000000-NONCONTRAST-49950\1-18.dcm,2.2203614416305086,0.9912147213899422,0.6274430594312224,75.91245820902952,0.22683372189118453
Adrenal_Ki67_Seg_008,1-19.dcm,E:\Computer vision\Projects\dataset\manifest-1788901441878\Adrenal-ACC-Ki67-Seg\Adrenal_Ki67_Seg_008\05-15-2005-NA-CT ABDOMEN-07400\2.000000-NONCONTRAST-49950\1-19.dcm,2.3191547213743817,0.9909831010209301,0.6080626463027288,81.07223854075313,0.22536152344945015
Adrenal_Ki67_Seg_008,1-20.dcm,E:\Computer vision\Projects\dataset\manifest-1788901441878\Adrenal-ACC-Ki67-Seg\Adrenal_Ki67_Seg_008\05-15-2005-NA-CT ABDOMEN-07400\2.000000-NONCONTRAST-49950\1-20.dcm,2.3297092152680174,0.9909908123388188,0.6002391203593098,79.85298769535963,0.22402293459942085
Adrenal_Ki67_Seg_008,1-21.dcm,E:\Computer vision\Projects\dataset\manifest-1788901441878\Adrenal-ACC-Ki67-Seg\Adrenal_Ki67_Seg_008\05-15-2005-NA-CT ABDOMEN-07400\2.000000-NONCONTRAST-49950\1-21.dcm,2.2548626881790437,0.9914415810730308,0.6122204667703577,75.40979852252404,0.2244185565953628
Adrenal_Ki67_Seg_008,1-22.dcm,E:\Computer vision\Projects\dataset\manifest-1788901441878\Adrenal-ACC-Ki67-Seg\Adrenal_Ki67_Seg_008\05-15-2005-NA-CT ABDOMEN-07400\2.000000-NONCONTRAST-49950\1-22.dcm,2.3549465573431476,0.9917812216059841,0.5904294655109095,78.01370245977918,0.22295033502884712
Adrenal_Ki67_Seg_008,1-23.dcm,E:\Computer vision\Projects\dataset\manifest-1788901441878\Adrenal-ACC-Ki67-Seg\Adrenal_Ki67_Seg_008\05-15-2005-NA-CT ABDOMEN-07400\2.000000-NONCONTRAST-49950\1-23.dcm,2.2207444058501613,0.9915713970842368,0.6092254591924262,72.08378108233347,0.2255811579945625
Adrenal_Ki67_Seg_008,1-24.dcm,E:\Computer vision\Projects\dataset\manifest-1788901441878\Adrenal-ACC-Ki67-Seg\Adrenal_Ki67_Seg_008\05-15-2005-NA-CT ABDOMEN-07400\2.000000-NONCONTRAST-49950\1-24.dcm,2.1928148253108715,0.991285342281919,0.6167947235798609,73.37558449914025,0.2257014361243688
Adrenal_Ki67_Seg_008,1-25.dcm,E:\Computer vision\Projects\dataset\manifest-1788901441878\Adrenal-ACC-Ki67-Seg\Adrenal_Ki67_Seg_008\05-15-2005-NA-CT ABDOMEN-07400\2.000000-NONCONTRAST-49950\1-25.dcm,2.282022510636831,0.9909968432769334,0.6022965802621005,77.49209753332747,0.22524326338445852
Adrenal_Ki67_Seg_008,1-26.dcm,E:\Computer vision\Projects\dataset\manifest-1788901441878\Adrenal-ACC-Ki67-Seg\Adrenal_Ki67_Seg_008\05-15-2005-NA-CT ABDOMEN-07400\2.000000-NONCONTRAST-49950\1-26.dcm,2.2082406240784924,0.9909164887833426,0.6235767269314028,74.28080468441834,0.22682305463011176
Adrenal_Ki67_Seg_008,1-27.dcm,E:\Computer vision\Projects\dataset\manifest-1788901441878\Adrenal-ACC-Ki67-Seg\Adrenal_Ki67_Seg_008\05-15-2005-NA-CT ABDOMEN-07400\2.000000-NONCONTRAST-49950\1-27.dcm,2.1001528027236414,0.991262782866566,0.6332544080759062,64.74783720956951,0.22823177690997967
Adrenal_Ki67_Seg_008,1-28.dcm,E:\Computer vision\Projects\dataset\manifest-1788901441878\Adrenal-ACC-Ki67-Seg\Adrenal_Ki67_Seg_008\05-15-2005-NA-CT ABDOMEN-07400\2.000000-NONCONTRAST-49950\1-28.dcm,2.260687573959965,0.9913172667632482,0.6100146275211757,72.35863450277841,0.22602228709538055
Adrenal_Ki67_Seg_008,1-29.dcm,E:\Computer vision\Projects\dataset\manifest-1788901441878\Adrenal-ACC-Ki67-Seg\Adrenal_Ki67_Seg_008\05-15-2005-NA-CT ABDOMEN-07400\2.000000-NONCONTRAST-49950\1-29.dcm,1.7784360507197814,0.991222573993423,0.6695406860617016,49.04838369951096,0.23511692024187458
Adrenal_Ki67_Seg_008,1-30.dcm,E:\Computer vision\Projects\dataset\manifest-1788901441878\Adrenal-ACC-Ki67-Seg\Adrenal_Ki67_Seg_008\05-15-2005-NA-CT ABDOMEN-07400\2.000000-NONCONTRAST-49950\1-30.dcm,2.1826662734900677,0.9911338283540228,0.6173111792832661,73.71019565641983,0.22636055310622016
Adrenal_Ki67_Seg_008,1-31.dcm,E:\Computer vision\Projects\dataset\manifest-1788901441878\Adrenal-ACC-Ki67-Seg\Adrenal_Ki67_Seg_008\05-15-2005-NA-CT ABDOMEN-07400\2.000000-NONCONTRAST-49950\1-31.dcm,2.1757844064629044,0.9911565177647264,0.6166117947822495,74.33816123559575,0.22722649518487342
Adrenal_Ki67_Seg_008,1-32.dcm,E:\Computer vision\Projects\dataset\manifest-1788901441878\Adrenal-ACC-Ki67-Seg\Adrenal_Ki67_Seg_008\05-15-2005-NA-CT ABDOMEN-07400\2.000000-NONCONTRAST-49950\1-32.dcm,2.0356884356294587,0.9916232704030001,0.6390878717323588,66.1143186492086,0.23006964515799594
Adrenal_Ki67_Seg_008,1-33.dcm,E:\Computer vision\Projects\dataset\manifest-1788901441878\Adrenal-ACC-Ki67-Seg\Adrenal_Ki67_Seg_008\05-15-2005-NA-CT ABDOMEN-07400\2.000000-NONCONTRAST-49950\1-33.dcm,2.0525120537988135,0.9919181495587147,0.6217053263317345,61.52914549193669,0.22900501885425495
Adrenal_Ki67_Seg_008,1-34.dcm,E:\Computer vision\Projects\dataset\manifest-1788901441878\Adrenal-ACC-Ki67-Seg\Adrenal_Ki67_Seg_008\05-15-2005-NA-CT ABDOMEN-07400\2.000000-NONCONTRAST-49950\1-34.dcm,1.9995212947254344,0.9918205860055558,0.6320365954068616,61.10415860846122,0.23085675243534057
Adrenal_Ki67_Seg_008,1-35.dcm,E:\Computer vision\Projects\dataset\manifest-1788901441878\Adrenal-ACC-Ki67-Seg\Adrenal_Ki67_Seg_008\05-15-2005-NA-CT ABDOMEN-07400\2.000000-NONCONTRAST-49950\1-35.dcm,2.0750150313456217,0.9914452338178272,0.6289825436310624,67.80363892601514,0.22991719117006307
Adrenal_Ki67_Seg_008,1-36.dcm,E:\Computer vision\Projects\dataset\manifest-1788901441878\Adrenal-ACC-Ki67-Seg\Adrenal_Ki67_Seg_008\05-15-2005-NA-CT ABDOMEN-07400\2.000000-NONCONTRAST-49950\1-36.dcm,2.2102358676628846,0.9911791286997864,0.6059290315600386,73.28294928404839,0.22777191204323916
Adrenal_Ki67_Seg_008,1-37.dcm,E:\Computer vision\Projects\dataset\manifest-1788901441878\Adrenal-ACC-Ki67-Seg\Adrenal_Ki67_Seg_008\05-15-2005-NA-CT ABDOMEN-07400\2.000000-NONCONTRAST-49950\1-37.dcm,2.221510334289467,0.991245944857181,0.6176852385704026,77.84887082999836,0.22849860854552975
Adrenal_Ki67_Seg_008,1-38.dcm,E:\Computer vision\Projects\dataset\manifest-1788901441878\Adrenal-ACC-Ki67-Seg\Adrenal_Ki67_Seg_008\05-15-2005-NA-CT ABDOMEN-07400\2.000000-NONCONTRAST-49950\1-38.dcm,2.106563623760632,0.9916081094053135,0.6224610517567257,69.92326928895034,0.22979170211233343
Adrenal_Ki67_Seg_008,1-39.dcm,E:\Computer vision\Projects\dataset\manifest-1788901441878\Adrenal-ACC-Ki67-Seg\Adrenal_Ki67_Seg_008\05-15-2005-NA-CT ABDOMEN-07400\2.000000-NONCONTRAST-49950\1-39.dcm,2.113380386870455,0.9911940556202817,0.6113573879436587,69.71537333266954,0.23008166080880957
Adrenal_Ki67_Seg_008,1-40.dcm,E:\Computer vision\Projects\dataset\manifest-1788901441878\Adrenal-ACC-Ki67-Seg\Adrenal_Ki67_Seg_008\05-15-2005-NA-CT ABDOMEN-07400\2.000000-NONCONTRAST-49950\1-40.dcm,2.0977056613600595,0.9903584976234397,0.626273504330515,77.48561394908874,0.23213163421707264
Adrenal_Ki67_Seg_008,1-41.dcm,E:\Computer vision\Projects\dataset\manifest-1788901441878\Adrenal-ACC-Ki67-Seg\Adrenal_Ki67_Seg_008\05-15-2005-NA-CT ABDOMEN-07400\2.000000-NONCONTRAST-49950\1-41.dcm,2.139762791962347,0.9896199499519002,0.6135413950221614,82.8740890238625,0.2307501658769228
Adrenal_Ki67_Seg_008,1-42.dcm,E:\Computer vision\Projects\dataset\manifest-1788901441878\Adrenal-ACC-Ki67-Seg\Adrenal_Ki67_Seg_008\05-15-2005-NA-CT ABDOMEN-07400\2.000000-NONCONTRAST-49950\1-42.dcm,2.2879584560414523,0.9890668872408351,0.5973144126028884,96.75506757403656,0.22881692837094314
Adrenal_Ki67_Seg_008,1-43.dcm,E:\Computer vision\Projects\dataset\manifest-1788901441878\Adrenal-ACC-Ki67-Seg\Adrenal_Ki67_Seg_008\05-15-2005-NA-CT ABDOMEN-07400\2.000000-NONCONTRAST-49950\1-43.dcm,2.2879239892616834,0.9890387963624456,0.6066363671684245,103.02590369981733,0.228709426791111
Adrenal_Ki67_Seg_008,1-44.dcm,E:\Computer vision\Projects\dataset\manifest-1788901441878\Adrenal-ACC-Ki67-Seg\Adrenal_Ki67_Seg_008\05-15-2005-NA-CT ABDOMEN-07400\2.000000-NONCONTRAST-49950\1-44.dcm,2.2922974406501204,0.9886972989347461,0.5946054790411699,98.5654428406754,0.22821478572554743
Adrenal_Ki67_Seg_008,1-45.dcm,E:\Computer vision\Projects\dataset\manifest-1788901441878\Adrenal-ACC-Ki67-Seg\Adrenal_Ki67_Seg_008\05-15-2005-NA-CT ABDOMEN-07400\2.000000-NONCONTRAST-49950\1-45.dcm,2.1778256057536542,0.9880225209039867,0.6099644435882386,91.67643353081522,0.23213189917954055
Adrenal_Ki67_Seg_008,1-46.dcm,E:\Computer vision\Projects\dataset\manifest-1788901441878\Adrenal-ACC-Ki67-Seg\Adrenal_Ki67_Seg_008\05-15-2005-NA-CT ABDOMEN-07400\2.000000-NONCONTRAST-49950\1-46.dcm,2.180682518832265,0.9873323860118525,0.6146140890147884,95.53015651747657,0.2312269624970732
Adrenal_Ki67_Seg_008,1-47.dcm,E:\Computer vision\Projects\dataset\manifest-1788901441878\Adrenal-ACC-Ki67-Seg\Adrenal_Ki67_Seg_008\05-15-2005-NA-CT ABDOMEN-07400\2.000000-NONCONTRAST-49950\1-47.dcm,2.222406470563455,0.986691990343559,0.6017069457312018,97.50072571719625,0.23040789488368482
Adrenal_Ki67_Seg_008,1-48.dcm,E:\Computer vision\Projects\dataset\manifest-1788901441878\Adrenal-ACC-Ki67-Seg\Adrenal_Ki67_Seg_008\05-15-2005-NA-CT ABDOMEN-07400\2.000000-NONCONTRAST-49950\1-48.dcm,2.0941364348328935,0.9865778135987538,0.6235700280197659,92.48362636478873,0.23384676366710996
Adrenal_Ki67_Seg_008,1-49.dcm,E:\Computer vision\Projects\dataset\manifest-1788901441878\Adrenal-ACC-Ki67-Seg\Adrenal_Ki67_Seg_008\05-15-2005-NA-CT ABDOMEN-07400\2.000000-NONCONTRAST-49950\1-49.dcm,1.9694279663451044,0.9866594449908709,0.6314407833701238,81.45008252878934,0.23554120514075333
Adrenal_Ki67_Seg_008,1-50.dcm,E:\Computer vision\Projects\dataset\manifest-1788901441878\Adrenal-ACC-Ki67-Seg\Adrenal_Ki67_Seg_008\05-15-2005-NA-CT ABDOMEN-07400\2.000000-NONCONTRAST-49950\1-50.dcm,1.9424979224191086,0.9861964917128743,0.6267652734662441,77.13275837638491,0.23677561123215995
Adrenal_Ki67_Seg_008,1-51.dcm,E:\Computer vision\Projects\dataset\manifest-1788901441878\Adrenal-ACC-Ki67-Seg\Adrenal_Ki67_Seg_008\05-15-2005-NA-CT ABDOMEN-07400\2.000000-NONCONTRAST-49950\1-51.dcm,1.9472428491006084,0.9858578022035793,0.6378265668703211,82.39744026715584,0.23630804279964374
Adrenal_Ki67_Seg_008,1-52.dcm,E:\Computer vision\Projects\dataset\manifest-1788901441878\Adrenal-ACC-Ki67-Seg\Adrenal_Ki67_Seg_008\05-15-2005-NA-CT ABDOMEN-07400\2.000000-NONCONTRAST-49950\1-52.dcm,2.0783315014878156,0.9854625265862053,0.6180458824189531,90.74415309377643,0.2321960457093985
Adrenal_Ki67_Seg_008,1-53.dcm,E:\Computer vision\Projects\dataset\manifest-1788901441878\Adrenal-ACC-Ki67-Seg\Adrenal_Ki67_Seg_008\05-15-2005-NA-CT ABDOMEN-07400\2.000000-NONCONTRAST-49950\1-53.dcm,2.089445123142145,0.9852712396955325,0.6151181760588872,90.72320495096143,0.23316142189200018
Adrenal_Ki67_Seg_008,1-54.dcm,E:\Computer vision\Projects\dataset\manifest-1788901441878\Adrenal-ACC-Ki67-Seg\Adrenal_Ki67_Seg_008\05-15-2005-NA-CT ABDOMEN-07400\2.000000-NONCONTRAST-49950\1-54.dcm,2.017187434178025,0.9853577729433779,0.6288279044581844,86.12354425726005,0.23388580913454948
Adrenal_Ki67_Seg_008,1-55.dcm,E:\Computer vision\Projects\dataset\manifest-1788901441878\Adrenal-ACC-Ki67-Seg\Adrenal_Ki67_Seg_008\05-15-2005-NA-CT ABDOMEN-07400\2.000000-NONCONTRAST-49950\1-55.dcm,1.9492036259052314,0.985051839470885,0.6287767349606272,77.95196096828673,0.23615476109574682
Adrenal_Ki67_Seg_008,1-56.dcm,E:\Computer vision\Projects\dataset\manifest-1788901441878\Adrenal-ACC-Ki67-Seg\Adrenal_Ki67_Seg_008\05-15-2005-NA-CT ABDOMEN-07400\2.000000-NONCONTRAST-49950\1-56.dcm,1.9365849548676666,0.9847540291912174,0.6314400294590119,78.46273949624887,0.23578421531966565
Adrenal_Ki67_Seg_009,1-001.dcm,E:\Computer vision\Projects\dataset\manifest-1788901441878\Adrenal-ACC-Ki67-Seg\Adrenal_Ki67_Seg_009\04-26-2004-NA-CT ABDOMEN-14867\4.000000-AbdPelvis-41139\1-001.dcm,2.9016547883931207,0.9873256693780906,0.5656901620883931,105.93115452223299,0.2148158612990805
Adrenal_Ki67_Seg_009,1-002.dcm,E:\Computer vision\Projects\dataset\manifest-1788901441878\Adrenal-ACC-Ki67-Seg\Adrenal_Ki67_Seg_009\04-26-2004-NA-CT ABDOMEN-14867\4.000000-AbdPelvis-41139\1-002.dcm,2.765740786838286,0.9874059948872566,0.578889520157335,98.55935370958292,0.2152163132932944
Adrenal_Ki67_Seg_009,1-003.dcm,E:\Computer vision\Projects\dataset\manifest-1788901441878\Adrenal-ACC-Ki67-Seg\Adrenal_Ki67_Seg_009\04-26-2004-NA-CT ABDOMEN-14867\4.000000-AbdPelvis-41139\1-003.dcm,2.7236951451625875,0.9876220326682906,0.5778393422311766,97.0988851911566,0.21506838991639116
Adrenal_Ki67_Seg_009,1-004.dcm,E:\Computer vision\Projects\dataset\manifest-1788901441878\Adrenal-ACC-Ki67-Seg\Adrenal_Ki67_Seg_009\04-26-2004-NA-CT ABDOMEN-14867\4.000000-AbdPelvis-41139\1-004.dcm,2.691828692445265,0.9878422571142753,0.5786324972178175,93.23654933919525,0.21529784585559003
Adrenal_Ki67_Seg_009,1-005.dcm,E:\Computer vision\Projects\dataset\manifest-1788901441878\Adrenal-ACC-Ki67-Seg\Adrenal_Ki67_Seg_009\04-26-2004-NA-CT ABDOMEN-14867\4.000000-AbdPelvis-41139\1-005.dcm,2.5794669903990872,0.9879047136609758,0.5897831252097736,85.33467243155471,0.21569562748723184
Adrenal_Ki67_Seg_009,1-006.dcm,E:\Computer vision\Projects\dataset\manifest-1788901441878\Adrenal-ACC-Ki67-Seg\Adrenal_Ki67_Seg_009\04-26-2004-NA-CT ABDOMEN-14867\4.000000-AbdPelvis-41139\1-006.dcm,2.6795700077741738,0.9879726240295698,0.5871162970545546,94.18791288329932,0.21567327487345814
Adrenal_Ki67_Seg_009,1-007.dcm,E:\Computer vision\Projects\dataset\manifest-1788901441878\Adrenal-ACC-Ki67-Seg\Adrenal_Ki67_Seg_009\04-26-2004-NA-CT ABDOMEN-14867\4.000000-AbdPelvis-41139\1-007.dcm,2.745079867188009,0.9880184668249788,0.5780316154930931,96.38917589929574,0.21530569245884582
Adrenal_Ki67_Seg_009,1-008.dcm,E:\Computer vision\Projects\dataset\manifest-1788901441878\Adrenal-ACC-Ki67-Seg\Adrenal_Ki67_Seg_009\04-26-2004-NA-CT ABDOMEN-14867\4.000000-AbdPelvis-41139\1-008.dcm,2.810076554547509,0.9879843912005672,0.5724068522753896,98.50166014989219,0.21578596859406546
Adrenal_Ki67_Seg_009,1-009.dcm,E:\Computer vision\Projects\dataset\manifest-1788901441878\Adrenal-ACC-Ki67-Seg\Adrenal_Ki67_Seg_009\04-26-2004-NA-CT ABDOMEN-14867\4.000000-AbdPelvis-41139\1-009.dcm,2.747354674652747,0.988172656276673,0.5782206812563859,94.37357393698707,0.21577279421205695
Adrenal_Ki67_Seg_009,1-010.dcm,E:\Computer vision\Projects\dataset\manifest-1788901441878\Adrenal-ACC-Ki67-Seg\Adrenal_Ki67_Seg_009\04-26-2004-NA-CT ABDOMEN-14867\4.000000-AbdPelvis-41139\1-010.dcm,2.5744271812684536,0.9884712837840817,0.5852247505724539,82.6877999088545,0.21632850631701098
Adrenal_Ki67_Seg_009,1-011.dcm,E:\Computer vision\Projects\dataset\manifest-1788901441878\Adrenal-ACC-Ki67-Seg\Adrenal_Ki67_Seg_009\04-26-2004-NA-CT ABDOMEN-14867\4.000000-AbdPelvis-41139\1-011.dcm,2.71533886588976,0.9887822679108198,0.5664515708009754,90.24505880415595,0.21502123625835812
Adrenal_Ki67_Seg_009,1-012.dcm,E:\Computer vision\Projects\dataset\manifest-1788901441878\Adrenal-ACC-Ki67-Seg\Adrenal_Ki67_Seg_009\04-26-2004-NA-CT ABDOMEN-14867\4.000000-AbdPelvis-41139\1-012.dcm,2.648867766284596,0.989116554411938,0.5714130267577826,87.00968133547283,0.21551643180969518
Adrenal_Ki67_Seg_009,1-013.dcm,E:\Computer vision\Projects\dataset\manifest-1788901441878\Adrenal-ACC-Ki67-Seg\Adrenal_Ki67_Seg_009\04-26-2004-NA-CT ABDOMEN-14867\4.000000-AbdPelvis-41139\1-013.dcm,2.6130452931782586,0.9894756249646838,0.5778078599020988,85.64437559598807,0.2157050900509904
Adrenal_Ki67_Seg_009,1-014.dcm,E:\Computer vision\Projects\dataset\manifest-1788901441878\Adrenal-ACC-Ki67-Seg\Adrenal_Ki67_Seg_009\04-26-2004-NA-CT ABDOMEN-14867\4.000000-AbdPelvis-41139\1-014.dcm,2.7148754791839798,0.9898944834428325,0.566321988027331,88.40020909846393,0.2150639525689596
Adrenal_Ki67_Seg_009,1-015.dcm,E:\Computer vision\Projects\dataset\manifest-1788901441878\Adrenal-ACC-Ki67-Seg\Adrenal_Ki67_Seg_009\04-26-2004-NA-CT ABDOMEN-14867\4.000000-AbdPelvis-41139\1-015.dcm,2.7594946404157463,0.9903382306014584,0.5545220280387064,85.97228104978151,0.21465366662100724
Adrenal_Ki67_Seg_009,1-016.dcm,E:\Computer vision\Projects\dataset\manifest-1788901441878\Adrenal-ACC-Ki67-Seg\Adrenal_Ki67_Seg_009\04-26-2004-NA-CT ABDOMEN-14867\4.000000-AbdPelvis-41139\1-016.dcm,2.761018838009965,0.9906758529325914,0.5570227758633358,85.66553436912389,0.21480477223855887
Adrenal_Ki67_Seg_009,1-017.dcm,E:\Computer vision\Projects\dataset\manifest-1788901441878\Adrenal-ACC-Ki67-Seg\Adrenal_Ki67_Seg_009\04-26-2004-NA-CT ABDOMEN-14867\4.000000-AbdPelvis-41139\1-017.dcm,2.705833693957974,0.9910164591060333,0.5620673895563305,81.01277951600981,0.21484123446217812
Adrenal_Ki67_Seg_009,1-018.dcm,E:\Computer vision\Projects\dataset\manifest-1788901441878\Adrenal-ACC-Ki67-Seg\Adrenal_Ki67_Seg_009\04-26-2004-NA-CT ABDOMEN-14867\4.000000-AbdPelvis-41139\1-018.dcm,2.7572045143822215,0.9916039101242096,0.5471377207364799,77.34882295947091,0.2142143787438579
Adrenal_Ki67_Seg_009,1-019.dcm,E:\Computer vision\Projects\dataset\manifest-1788901441878\Adrenal-ACC-Ki67-Seg\Adrenal_Ki67_Seg_009\04-26-2004-NA-CT ABDOMEN-14867\4.000000-AbdPelvis-41139\1-019.dcm,2.8318595593613685,0.9922302721192456,0.5332612140844355,76.27679121939637,0.21367838012458393
Adrenal_Ki67_Seg_009,1-020.dcm,E:\Computer vision\Projects\dataset\manifest-1788901441878\Adrenal-ACC-Ki67-Seg\Adrenal_Ki67_Seg_009\04-26-2004-NA-CT ABDOMEN-14867\4.000000-AbdPelvis-41139\1-020.dcm,2.739025202875295,0.9925401738545814,0.5388051987205906,71.39612287024023,0.2139259459740288
Adrenal_Ki67_Seg_009,1-021.dcm,E:\Computer vision\Projects\dataset\manifest-1788901441878\Adrenal-ACC-Ki67-Seg\Adrenal_Ki67_Seg_009\04-26-2004-NA-CT ABDOMEN-14867\4.000000-AbdPelvis-41139\1-021.dcm,2.685980828811165,0.992496666452556,0.5440157613412426,70.17342917651204,0.21425357350355675
Adrenal_Ki67_Seg_009,1-022.dcm,E:\Computer vision\Projects\dataset\manifest-1788901441878\Adrenal-ACC-Ki67-Seg\Adrenal_Ki67_Seg_009\04-26-2004-NA-CT ABDOMEN-14867\4.000000-AbdPelvis-41139\1-022.dcm,2.728413264348712,0.9924236965417398,0.5318453614877036,69.92938905718039,0.21397224657317934
Adrenal_Ki67_Seg_009,1-023.dcm,E:\Computer vision\Projects\dataset\manifest-1788901441878\Adrenal-ACC-Ki67-Seg\Adrenal_Ki67_Seg_009\04-26-2004-NA-CT ABDOMEN-14867\4.000000-AbdPelvis-41139\1-023.dcm,2.752788936929623,0.9923940073200437,0.5264838330080756,70.88573113613995,0.21397521962810695
Adrenal_Ki67_Seg_009,1-024.dcm,E:\Computer vision\Projects\dataset\manifest-1788901441878\Adrenal-ACC-Ki67-Seg\Adrenal_Ki67_Seg_009\04-26-2004-NA-CT ABDOMEN-14867\4.000000-AbdPelvis-41139\1-024.dcm,2.7597320782319317,0.9923933254482225,0.5273988344168998,72.90793923123763,0.21380751710462467
Adrenal_Ki67_Seg_009,1-025.dcm,E:\Computer vision\Projects\dataset\manifest-1788901441878\Adrenal-ACC-Ki67-Seg\Adrenal_Ki67_Seg_009\04-26-2004-NA-CT ABDOMEN-14867\4.000000-AbdPelvis-41139\1-025.dcm,2.69169082532619,0.9922561264510575,0.5305971064413253,70.45788350994367,0.21402548182737144
Adrenal_Ki67_Seg_009,1-026.dcm,E:\Computer vision\Projects\dataset\manifest-1788901441878\Adrenal-ACC-Ki67-Seg\Adrenal_Ki67_Seg_009\04-26-2004-NA-CT ABDOMEN-14867\4.000000-AbdPelvis-41139\1-026.dcm,2.7515443032157503,0.9919971106086029,0.5156596631798485,74.08997361376527,0.21353969826571007
Adrenal_Ki67_Seg_009,1-027.dcm,E:\Computer vision\Projects\dataset\manifest-1788901441878\Adrenal-ACC-Ki67-Seg\Adrenal_Ki67_Seg_009\04-26-2004-NA-CT ABDOMEN-14867\4.000000-AbdPelvis-41139\1-027.dcm,2.7339394380383046,0.9918727239425219,0.514227024453801,77.42328269269802,0.2135526220766552
Adrenal_Ki67_Seg_009,1-028.dcm,E:\Computer vision\Projects\dataset\manifest-1788901441878\Adrenal-ACC-Ki67-Seg\Adrenal_Ki67_Seg_009\04-26-2004-NA-CT ABDOMEN-14867\4.000000-AbdPelvis-41139\1-028.dcm,2.7042826888683793,0.9916620087498452,0.5191897457660177,81.7114479494181,0.2136242746717938
Adrenal_Ki67_Seg_009,1-029.dcm,E:\Computer vision\Projects\dataset\manifest-1788901441878\Adrenal-ACC-Ki67-Seg\Adrenal_Ki67_Seg_009\04-26-2004-NA-CT ABDOMEN-14867\4.000000-AbdPelvis-41139\1-029.dcm,2.7876654884134178,0.9914030826742005,0.5088192450707967,85.31189754941195,0.21293174415273444
Adrenal_Ki67_Seg_009,1-030.dcm,E:\Computer vision\Projects\dataset\manifest-1788901441878\Adrenal-ACC-Ki67-Seg\Adrenal_Ki67_Seg_009\04-26-2004-NA-CT ABDOMEN-14867\4.000000-AbdPelvis-41139\1-030.dcm,2.8376461487203253,0.9912812333155087,0.5033077453878271,85.56113449320429,0.2129421776857734
Adrenal_Ki67_Seg_009,1-031.dcm,E:\Computer vision\Projects\dataset\manifest-1788901441878\Adrenal-ACC-Ki67-Seg\Adrenal_Ki67_Seg_009\04-26-2004-NA-CT ABDOMEN-14867\4.000000-AbdPelvis-41139\1-031.dcm,2.785608970553881,0.9912445945229447,0.5104142431539455,84.31043462609288,0.2133769513843651
Adrenal_Ki67_Seg_009,1-032.dcm,E:\Computer vision\Projects\dataset\manifest-1788901441878\Adrenal-ACC-Ki67-Seg\Adrenal_Ki67_Seg_009\04-26-2004-NA-CT ABDOMEN-14867\4.000000-AbdPelvis-41139\1-032.dcm,2.7934559074145704,0.9912308277686537,0.5147817735214955,87.16784938783171,0.21341755094971807
Adrenal_Ki67_Seg_009,1-033.dcm,E:\Computer vision\Projects\dataset\manifest-1788901441878\Adrenal-ACC-Ki67-Seg\Adrenal_Ki67_Seg_009\04-26-2004-NA-CT ABDOMEN-14867\4.000000-AbdPelvis-41139\1-033.dcm,2.7732085891215186,0.9912178337715144,0.5128660301313172,83.42230230429571,0.21333902162038929
Adrenal_Ki67_Seg_009,1-034.dcm,E:\Computer vision\Projects\dataset\manifest-1788901441878\Adrenal-ACC-Ki67-Seg\Adrenal_Ki67_Seg_009\04-26-2004-NA-CT ABDOMEN-14867\4.000000-AbdPelvis-41139\1-034.dcm,2.716886041337158,0.9913044973024548,0.5116550123776971,78.04242477625316,0.21357861420045485
Adrenal_Ki67_Seg_009,1-035.dcm,E:\Computer vision\Projects\dataset\manifest-1788901441878\Adrenal-ACC-Ki67-Seg\Adrenal_Ki67_Seg_009\04-26-2004-NA-CT ABDOMEN-14867\4.000000-AbdPelvis-41139\1-035.dcm,2.7029538030261833,0.9914106950378947,0.5162545932084236,80.12758835941959,0.21362927900865436
Adrenal_Ki67_Seg_009,1-036.dcm,E:\Computer vision\Projects\dataset\manifest-1788901441878\Adrenal-ACC-Ki67-Seg\Adrenal_Ki67_Seg_009\04-26-2004-NA-CT ABDOMEN-14867\4.000000-AbdPelvis-41139\1-036.dcm,2.7014181165053746,0.9914442006592641,0.5172809153286199,80.46630872277603,0.21351919958844304
Adrenal_Ki67_Seg_009,1-037.dcm,E:\Computer vision\Projects\dataset\manifest-1788901441878\Adrenal-ACC-Ki67-Seg\Adrenal_Ki67_Seg_009\04-26-2004-NA-CT ABDOMEN-14867\4.000000-AbdPelvis-41139\1-037.dcm,2.7204131418001616,0.9914394751928965,0.5116131650644818,78.47131023548471,0.21358376267492868
Adrenal_Ki67_Seg_009,1-038.dcm,E:\Computer vision\Projects\dataset\manifest-1788901441878\Adrenal-ACC-Ki67-Seg\Adrenal_Ki67_Seg_009\04-26-2004-NA-CT ABDOMEN-14867\4.000000-AbdPelvis-41139\1-038.dcm,2.7430118604018827,0.9914376632987696,0.508582381064602,78.32456983544029,0.21362917640764142
Adrenal_Ki67_Seg_009,1-039.dcm,E:\Computer vision\Projects\dataset\manifest-1788901441878\Adrenal-ACC-Ki67-Seg\Adrenal_Ki67_Seg_009\04-26-2004-NA-CT ABDOMEN-14867\4.000000-AbdPelvis-41139\1-039.dcm,2.686260392691511,0.99144174777313,0.518101447386466,77.9482577042827,0.21388476639755563
Adrenal_Ki67_Seg_009,1-040.dcm,E:\Computer vision\Projects\dataset\manifest-1788901441878\Adrenal-ACC-Ki67-Seg\Adrenal_Ki67_Seg_009\04-26-2004-NA-CT ABDOMEN-14867\4.000000-AbdPelvis-41139\1-040.dcm,2.7326756561134493,0.9914355206877721,0.5161359811122899,80.68293626326493,0.2134625215582395
Adrenal_Ki67_Seg_009,1-041.dcm,E:\Computer vision\Projects\dataset\manifest-1788901441878\Adrenal-ACC-Ki67-Seg\Adrenal_Ki67_Seg_009\04-26-2004-NA-CT ABDOMEN-14867\4.000000-AbdPelvis-41139\1-041.dcm,2.7420429609261605,0.9915344095790476,0.5093983543955436,77.89822725862723,0.21318582292656246
Adrenal_Ki67_Seg_009,1-042.dcm,E:\Computer vision\Projects\dataset\manifest-1788901441878\Adrenal-ACC-Ki67-Seg\Adrenal_Ki67_Seg_009\04-26-2004-NA-CT ABDOMEN-14867\4.000000-AbdPelvis-41139\1-042.dcm,2.7161392611088346,0.9916657388429914,0.5117109256468612,78.65373141187419,0.21324982478492688
Adrenal_Ki67_Seg_009,1-043.dcm,E:\Computer vision\Projects\dataset\manifest-1788901441878\Adrenal-ACC-Ki67-Seg\Adrenal_Ki67_Seg_009\04-26-2004-NA-CT ABDOMEN-14867\4.000000-AbdPelvis-41139\1-043.dcm,2.6322318005828715,0.9914921220554775,0.5238733159604577,78.93102048475612,0.21356455089170318
Adrenal_Ki67_Seg_009,1-044.dcm,E:\Computer vision\Projects\dataset\manifest-1788901441878\Adrenal-ACC-Ki67-Seg\Adrenal_Ki67_Seg_009\04-26-2004-NA-CT ABDOMEN-14867\4.000000-AbdPelvis-41139\1-044.dcm,2.6262345809031062,0.9911342514560478,0.5250691784352807,78.39608840346047,0.21383775282484738
Adrenal_Ki67_Seg_009,1-045.dcm,E:\Computer vision\Projects\dataset\manifest-1788901441878\Adrenal-ACC-Ki67-Seg\Adrenal_Ki67_Seg_009\04-26-2004-NA-CT ABDOMEN-14867\4.000000-AbdPelvis-41139\1-045.dcm,2.7565036898602564,0.99088268862917,0.5127254151302681,83.09580998847278,0.21349645255651026
Adrenal_Ki67_Seg_009,1-046.dcm,E:\Computer vision\Projects\dataset\manifest-1788901441878\Adrenal-ACC-Ki67-Seg\Adrenal_Ki67_Seg_009\04-26-2004-NA-CT ABDOMEN-14867\4.000000-AbdPelvis-41139\1-046.dcm,2.6897377078059597,0.990808036943856,0.5219276565940952,81.57286085761007,0.21405933432927385
Adrenal_Ki67_Seg_009,1-047.dcm,E:\Computer vision\Projects\dataset\manifest-1788901441878\Adrenal-ACC-Ki67-Seg\Adrenal_Ki67_Seg_009\04-26-2004-NA-CT ABDOMEN-14867\4.000000-AbdPelvis-41139\1-047.dcm,2.6229755553938596,0.9907747315574245,0.5330398199656659,80.96117891705379,0.21443860496791828
Adrenal_Ki67_Seg_009,1-048.dcm,E:\Computer vision\Projects\dataset\manifest-1788901441878\Adrenal-ACC-Ki67-Seg\Adrenal_Ki67_Seg_009\04-26-2004-NA-CT ABDOMEN-14867\4.000000-AbdPelvis-41139\1-048.dcm,2.685008099693246,0.9907411612707921,0.5223578833555003,83.59398899360832,0.21404145494021065
Adrenal_Ki67_Seg_009,1-049.dcm,E:\Computer vision\Projects\dataset\manifest-1788901441878\Adrenal-ACC-Ki67-Seg\Adrenal_Ki67_Seg_009\04-26-2004-NA-CT ABDOMEN-14867\4.000000-AbdPelvis-41139\1-049.dcm,2.630784195832583,0.9907797551257242,0.5225530058729393,80.36384281616567,0.214472177985443
Adrenal_Ki67_Seg_009,1-050.dcm,E:\Computer vision\Projects\dataset\manifest-1788901441878\Adrenal-ACC-Ki67-Seg\Adrenal_Ki67_Seg_009\04-26-2004-NA-CT ABDOMEN-14867\4.000000-AbdPelvis-41139\1-050.dcm,2.5655653892256844,0.9907313238049447,0.5309522516371157,79.27807797917441,0.21514856060290177
Adrenal_Ki67_Seg_009,1-051.dcm,E:\Computer vision\Projects\dataset\manifest-1788901441878\Adrenal-ACC-Ki67-Seg\Adrenal_Ki67_Seg_009\04-26-2004-NA-CT ABDOMEN-14867\4.000000-AbdPelvis-41139\1-051.dcm,2.5713634675112305,0.9905519014369739,0.5330359242077309,81.04292262973871,0.21502400041922642
Adrenal_Ki67_Seg_009,1-052.dcm,E:\Computer vision\Projects\dataset\manifest-1788901441878\Adrenal-ACC-Ki67-Seg\Adrenal_Ki67_Seg_009\04-26-2004-NA-CT ABDOMEN-14867\4.000000-AbdPelvis-41139\1-052.dcm,2.5980369254100593,0.9903762888538664,0.5274668332675096,81.3869968328859,0.21517301996010765
Adrenal_Ki67_Seg_009,1-053.dcm,E:\Computer vision\Projects\dataset\manifest-1788901441878\Adrenal-ACC-Ki67-Seg\Adrenal_Ki67_Seg_009\04-26-2004-NA-CT ABDOMEN-14867\4.000000-AbdPelvis-41139\1-053.dcm,2.621148816066115,0.9902465702132943,0.5262355308011388,82.54778819014939,0.21570726631887727
Adrenal_Ki67_Seg_009,1-054.dcm,E:\Computer vision\Projects\dataset\manifest-1788901441878\Adrenal-ACC-Ki67-Seg\Adrenal_Ki67_Seg_009\04-26-2004-NA-CT ABDOMEN-14867\4.000000-AbdPelvis-41139\1-054.dcm,2.647986948579394,0.9901516338068669,0.5306533630079625,85.36863369855354,0.21600069280983933
Adrenal_Ki67_Seg_009,1-055.dcm,E:\Computer vision\Projects\dataset\manifest-1788901441878\Adrenal-ACC-Ki67-Seg\Adrenal_Ki67_Seg_009\04-26-2004-NA-CT ABDOMEN-14867\4.000000-AbdPelvis-41139\1-055.dcm,2.64735122797477,0.9900615966338957,0.5292626440090381,84.16763492786868,0.21568381706256037
Adrenal_Ki67_Seg_009,1-056.dcm,E:\Computer vision\Projects\dataset\manifest-1788901441878\Adrenal-ACC-Ki67-Seg\Adrenal_Ki67_Seg_009\04-26-2004-NA-CT ABDOMEN-14867\4.000000-AbdPelvis-41139\1-056.dcm,2.670934164621,0.9899494158483928,0.5219986466274281,83.7143048624967,0.21539059612158812
Adrenal_Ki67_Seg_009,1-057.dcm,E:\Computer vision\Projects\dataset\manifest-1788901441878\Adrenal-ACC-Ki67-Seg\Adrenal_Ki67_Seg_009\04-26-2004-NA-CT ABDOMEN-14867\4.000000-AbdPelvis-41139\1-057.dcm,2.607909742992712,0.9899217129056455,0.529939774149842,81.8533400224417,0.2162771826723685
Adrenal_Ki67_Seg_009,1-058.dcm,E:\Computer vision\Projects\dataset\manifest-1788901441878\Adrenal-ACC-Ki67-Seg\Adrenal_Ki67_Seg_009\04-26-2004-NA-CT ABDOMEN-14867\4.000000-AbdPelvis-41139\1-058.dcm,2.6530880319851713,0.9899490120272474,0.5303299206801251,83.87856587559024,0.2162623076110482
Adrenal_Ki67_Seg_009,1-059.dcm,E:\Computer vision\Projects\dataset\manifest-1788901441878\Adrenal-ACC-Ki67-Seg\Adrenal_Ki67_Seg_009\04-26-2004-NA-CT ABDOMEN-14867\4.000000-AbdPelvis-41139\1-059.dcm,2.735934681622696,0.9900418470540446,0.5213062145329261,84.59287456772914,0.21569017454938885
Adrenal_Ki67_Seg_009,1-060.dcm,E:\Computer vision\Projects\dataset\manifest-1788901441878\Adrenal-ACC-Ki67-Seg\Adrenal_Ki67_Seg_009\04-26-2004-NA-CT ABDOMEN-14867\4.000000-AbdPelvis-41139\1-060.dcm,2.744689243683962,0.9900706467908581,0.5138884201747592,82.03124222103929,0.21565115894257283
Adrenal_Ki67_Seg_009,1-061.dcm,E:\Computer vision\Projects\dataset\manifest-1788901441878\Adrenal-ACC-Ki67-Seg\Adrenal_Ki67_Seg_009\04-26-2004-NA-CT ABDOMEN-14867\4.000000-AbdPelvis-41139\1-061.dcm,2.6854791456834186,0.990257949996241,0.5161369881376539,81.49246134933614,0.21592520804386767
Adrenal_Ki67_Seg_009,1-062.dcm,E:\Computer vision\Projects\dataset\manifest-1788901441878\Adrenal-ACC-Ki67-Seg\Adrenal_Ki67_Seg_009\04-26-2004-NA-CT ABDOMEN-14867\4.000000-AbdPelvis-41139\1-062.dcm,2.653118669122744,0.9902483563603989,0.5171878837999075,81.94458124777402,0.21575194017983187
Adrenal_Ki67_Seg_009,1-063.dcm,E:\Computer vision\Projects\dataset\manifest-1788901441878\Adrenal-ACC-Ki67-Seg\Adrenal_Ki67_Seg_009\04-26-2004-NA-CT ABDOMEN-14867\4.000000-AbdPelvis-41139\1-063.dcm,2.7949111714492516,0.9901337006286469,0.5020906495766149,86.5227231819731,0.21488727811299344
Adrenal_Ki67_Seg_009,1-064.dcm,E:\Computer vision\Projects\dataset\manifest-1788901441878\Adrenal-ACC-Ki67-Seg\Adrenal_Ki67_Seg_009\04-26-2004-NA-CT ABDOMEN-14867\4.000000-AbdPelvis-41139\1-064.dcm,2.83695681312495,0.9900948210391465,0.49436341100717596,87.00790438149365,0.2150430553543946
Adrenal_Ki67_Seg_009,1-065.dcm,E:\Computer vision\Projects\dataset\manifest-1788901441878\Adrenal-ACC-Ki67-Seg\Adrenal_Ki67_Seg_009\04-26-2004-NA-CT ABDOMEN-14867\4.000000-AbdPelvis-41139\1-065.dcm,2.7760540132735403,0.9898992944783432,0.5055414245300571,84.67992233485629,0.2159862508914225
Adrenal_Ki67_Seg_009,1-066.dcm,E:\Computer vision\Projects\dataset\manifest-1788901441878\Adrenal-ACC-Ki67-Seg\Adrenal_Ki67_Seg_009\04-26-2004-NA-CT ABDOMEN-14867\4.000000-AbdPelvis-41139\1-066.dcm,2.821343361889699,0.9899453207963005,0.49912396582212437,86.79469671148624,0.21505435762307087
Adrenal_Ki67_Seg_009,1-067.dcm,E:\Computer vision\Projects\dataset\manifest-1788901441878\Adrenal-ACC-Ki67-Seg\Adrenal_Ki67_Seg_009\04-26-2004-NA-CT ABDOMEN-14867\4.000000-AbdPelvis-41139\1-067.dcm,2.8607005947434327,0.9898135634498745,0.49140568289975894,85.2819612363617,0.21465786651973998
Adrenal_Ki67_Seg_009,1-068.dcm,E:\Computer vision\Projects\dataset\manifest-1788901441878\Adrenal-ACC-Ki67-Seg\Adrenal_Ki67_Seg_009\04-26-2004-NA-CT ABDOMEN-14867\4.000000-AbdPelvis-41139\1-068.dcm,2.8113403364723633,0.9897380901738233,0.49388424692026023,83.84379655408794,0.2150976970506171
Adrenal_Ki67_Seg_009,1-069.dcm,E:\Computer vision\Projects\dataset\manifest-1788901441878\Adrenal-ACC-Ki67-Seg\Adrenal_Ki67_Seg_009\04-26-2004-NA-CT ABDOMEN-14867\4.000000-AbdPelvis-41139\1-069.dcm,2.7873974134596606,0.989715892850145,0.4985233697485437,85.60762251982797,0.21527309194153768
Adrenal_Ki67_Seg_009,1-070.dcm,E:\Computer vision\Projects\dataset\manifest-1788901441878\Adrenal-ACC-Ki67-Seg\Adrenal_Ki67_Seg_009\04-26-2004-NA-CT ABDOMEN-14867\4.000000-AbdPelvis-41139\1-070.dcm,2.834398612137668,0.9896120724564118,0.4959169875814864,87.88084068305497,0.2148946417697272
Adrenal_Ki67_Seg_009,1-071.dcm,E:\Computer vision\Projects\dataset\manifest-1788901441878\Adrenal-ACC-Ki67-Seg\Adrenal_Ki67_Seg_009\04-26-2004-NA-CT ABDOMEN-14867\4.000000-AbdPelvis-41139\1-071.dcm,2.9052086963515,0.9895222454785593,0.4868778798834654,88.43758640630207,0.2147493217273937
Adrenal_Ki67_Seg_009,1-072.dcm,E:\Computer vision\Projects\dataset\manifest-1788901441878\Adrenal-ACC-Ki67-Seg\Adrenal_Ki67_Seg_009\04-26-2004-NA-CT ABDOMEN-14867\4.000000-AbdPelvis-41139\1-072.dcm,2.880741112357873,0.9895679853523842,0.4876116719034041,88.78694551568049,0.21495571249745501
Adrenal_Ki67_Seg_009,1-073.dcm,E:\Computer vision\Projects\dataset\manifest-1788901441878\Adrenal-ACC-Ki67-Seg\Adrenal_Ki67_Seg_009\04-26-2004-NA-CT ABDOMEN-14867\4.000000-AbdPelvis-41139\1-073.dcm,2.875682155016257,0.989543993747742,0.48911379444161573,90.26119308672992,0.21471625390488955
Adrenal_Ki67_Seg_009,1-074.dcm,E:\Computer vision\Projects\dataset\manifest-1788901441878\Adrenal-ACC-Ki67-Seg\Adrenal_Ki67_Seg_009\04-26-2004-NA-CT ABDOMEN-14867\4.000000-AbdPelvis-41139\1-074.dcm,2.917743115260741,0.9894876630643504,0.4834116938056016,90.34380995783563,0.21428046258379588
Adrenal_Ki67_Seg_009,1-075.dcm,E:\Computer vision\Projects\dataset\manifest-1788901441878\Adrenal-ACC-Ki67-Seg\Adrenal_Ki67_Seg_009\04-26-2004-NA-CT ABDOMEN-14867\4.000000-AbdPelvis-41139\1-075.dcm,2.9861749916705276,0.9893971522125579,0.4752897420020209,90.98634349592716,0.21420422742261477
Adrenal_Ki67_Seg_009,1-076.dcm,E:\Computer vision\Projects\dataset\manifest-1788901441878\Adrenal-ACC-Ki67-Seg\Adrenal_Ki67_Seg_009\04-26-2004-NA-CT ABDOMEN-14867\4.000000-AbdPelvis-41139\1-076.dcm,2.9481887707231516,0.9893702465104697,0.47992927345997793,90.77717226879493,0.2144212136813409
Adrenal_Ki67_Seg_009,1-077.dcm,E:\Computer vision\Projects\dataset\manifest-1788901441878\Adrenal-ACC-Ki67-Seg\Adrenal_Ki67_Seg_009\04-26-2004-NA-CT ABDOMEN-14867\4.000000-AbdPelvis-41139\1-077.dcm,2.9323493705983052,0.9893543061357118,0.48484325756238056,91.7602031242221,0.21424548548396233
Adrenal_Ki67_Seg_009,1-078.dcm,E:\Computer vision\Projects\dataset\manifest-1788901441878\Adrenal-ACC-Ki67-Seg\Adrenal_Ki67_Seg_009\04-26-2004-NA-CT ABDOMEN-14867\4.000000-AbdPelvis-41139\1-078.dcm,3.0703160603704793,0.9893098339381379,0.47030102959337045,95.43429291401304,0.21336249289142692
Adrenal_Ki67_Seg_009,1-079.dcm,E:\Computer vision\Projects\dataset\manifest-1788901441878\Adrenal-ACC-Ki67-Seg\Adrenal_Ki67_Seg_009\04-26-2004-NA-CT ABDOMEN-14867\4.000000-AbdPelvis-41139\1-079.dcm,3.1445766522033844,0.989313158346469,0.4640950630076176,97.48336211947718,0.2132904263902909
Adrenal_Ki67_Seg_009,1-080.dcm,E:\Computer vision\Projects\dataset\manifest-1788901441878\Adrenal-ACC-Ki67-Seg\Adrenal_Ki67_Seg_009\04-26-2004-NA-CT ABDOMEN-14867\4.000000-AbdPelvis-41139\1-080.dcm,3.096997177553701,0.9893041391447475,0.47066911976214315,99.12497654344155,0.21367072063939363
Adrenal_Ki67_Seg_009,1-081.dcm,E:\Computer vision\Projects\dataset\manifest-1788901441878\Adrenal-ACC-Ki67-Seg\Adrenal_Ki67_Seg_009\04-26-2004-NA-CT ABDOMEN-14867\4.000000-AbdPelvis-41139\1-081.dcm,3.1062687413115,0.9891633364115834,0.47255526940952525,100.63984895891178,0.21348575768149092
Adrenal_Ki67_Seg_009,1-082.dcm,E:\Computer vision\Projects\dataset\manifest-1788901441878\Adrenal-ACC-Ki67-Seg\Adrenal_Ki67_Seg_009\04-26-2004-NA-CT ABDOMEN-14867\4.000000-AbdPelvis-41139\1-082.dcm,3.2372999490657586,0.9889256585904727,0.4638518804958221,103.262636861838,0.21331436915916427
Adrenal_Ki67_Seg_009,1-083.dcm,E:\Computer vision\Projects\dataset\manifest-1788901441878\Adrenal-ACC-Ki67-Seg\Adrenal_Ki67_Seg_009\04-26-2004-NA-CT ABDOMEN-14867\4.000000-AbdPelvis-41139\1-083.dcm,3.170836508744988,0.9889331307368682,0.46763344029692716,100.62119094213028,0.21388444247084307
Adrenal_Ki67_Seg_009,1-084.dcm,E:\Computer vision\Projects\dataset\manifest-1788901441878\Adrenal-ACC-Ki67-Seg\Adrenal_Ki67_Seg_009\04-26-2004-NA-CT ABDOMEN-14867\4.000000-AbdPelvis-41139\1-084.dcm,3.0351293078687656,0.9890887246863277,0.47823967762427944,96.22696757441952,0.21439173690810379
Adrenal_Ki67_Seg_009,1-085.dcm,E:\Computer vision\Projects\dataset\manifest-1788901441878\Adrenal-ACC-Ki67-Seg\Adrenal_Ki67_Seg_009\04-26-2004-NA-CT ABDOMEN-14867\4.000000-AbdPelvis-41139\1-085.dcm,3.0282129740618333,0.9891724021042175,0.47651260748149543,94.55380455804014,0.21425526709342335
Adrenal_Ki67_Seg_009,1-086.dcm,E:\Computer vision\Projects\dataset\manifest-1788901441878\Adrenal-ACC-Ki67-Seg\Adrenal_Ki67_Seg_009\04-26-2004-NA-CT ABDOMEN-14867\4.000000-AbdPelvis-41139\1-086.dcm,3.1709169312311154,0.989089285119454,0.46247781255411125,98.64728995369963,0.21377942647018258
Adrenal_Ki67_Seg_009,1-087.dcm,E:\Computer vision\Projects\dataset\manifest-1788901441878\Adrenal-ACC-Ki67-Seg\Adrenal_Ki67_Seg_009\04-26-2004-NA-CT ABDOMEN-14867\4.000000-AbdPelvis-41139\1-087.dcm,3.132919221357149,0.9891714268948062,0.4664828927558622,100.935792218933,0.21424328892518948
Adrenal_Ki67_Seg_009,1-088.dcm,E:\Computer vision\Projects\dataset\manifest-1788901441878\Adrenal-ACC-Ki67-Seg\Adrenal_Ki67_Seg_009\04-26-2004-NA-CT ABDOMEN-14867\4.000000-AbdPelvis-41139\1-088.dcm,3.0419345820519994,0.989187085486269,0.4756437798262142,99.76475656879381,0.21463734661560255
Adrenal_Ki67_Seg_009,1-089.dcm,E:\Computer vision\Projects\dataset\manifest-1788901441878\Adrenal-ACC-Ki67-Seg\Adrenal_Ki67_Seg_009\04-26-2004-NA-CT ABDOMEN-14867\4.000000-AbdPelvis-41139\1-089.dcm,3.075256298804003,0.9890582515162221,0.47203266232369295,97.45998981315175,0.21436585510988973
Adrenal_Ki67_Seg_009,1-090.dcm,E:\Computer vision\Projects\dataset\manifest-1788901441878\Adrenal-ACC-Ki67-Seg\Adrenal_Ki67_Seg_009\04-26-2004-NA-CT ABDOMEN-14867\4.000000-AbdPelvis-41139\1-090.dcm,3.139812577310902,0.9889339497559939,0.4652563476942714,96.3534491672443,0.21420539815568806
Adrenal_Ki67_Seg_009,1-091.dcm,E:\Computer vision\Projects\dataset\manifest-1788901441878\Adrenal-ACC-Ki67-Seg\Adrenal_Ki67_Seg_009\04-26-2004-NA-CT ABDOMEN-14867\4.000000-AbdPelvis-41139\1-091.dcm,3.159990962044416,0.9889891340104674,0.46633284833598404,100.1104468809479,0.21431927655024247
Adrenal_Ki67_Seg_009,1-092.dcm,E:\Computer vision\Projects\dataset\manifest-1788901441878\Adrenal-ACC-Ki67-Seg\Adrenal_Ki67_Seg_009\04-26-2004-NA-CT ABDOMEN-14867\4.000000-AbdPelvis-41139\1-092.dcm,3.0546145273647083,0.9891680637548548,0.4754639653928918,96.46056808912343,0.21456204394724765
Adrenal_Ki67_Seg_009,1-093.dcm,E:\Computer vision\Projects\dataset\manifest-1788901441878\Adrenal-ACC-Ki67-Seg\Adrenal_Ki67_Seg_009\04-26-2004-NA-CT ABDOMEN-14867\4.000000-AbdPelvis-41139\1-093.dcm,3.18615124788891,0.9891576319547184,0.4637268137143504,99.75571861320998,0.21393666182686158
Adrenal_Ki67_Seg_009,1-094.dcm,E:\Computer vision\Projects\dataset\manifest-1788901441878\Adrenal-ACC-Ki67-Seg\Adrenal_Ki67_Seg_009\04-26-2004-NA-CT ABDOMEN-14867\4.000000-AbdPelvis-41139\1-094.dcm,3.2157045967195277,0.9892636233677616,0.4570710695973731,98.65623982751288,0.21378369055392313
Adrenal_Ki67_Seg_009,1-095.dcm,E:\Computer vision\Projects\dataset\manifest-1788901441878\Adrenal-ACC-Ki67-Seg\Adrenal_Ki67_Seg_009\04-26-2004-NA-CT ABDOMEN-14867\4.000000-AbdPelvis-41139\1-095.dcm,3.1630240386640676,0.9895247053564412,0.4625453105466077,99.43618475725813,0.2138306086388641
Adrenal_Ki67_Seg_009,1-096.dcm,E:\Computer vision\Projects\dataset\manifest-1788901441878\Adrenal-ACC-Ki67-Seg\Adrenal_Ki67_Seg_009\04-26-2004-NA-CT ABDOMEN-14867\4.000000-AbdPelvis-41139\1-096.dcm,3.143933272314367,0.9895357777722787,0.46694761307007315,96.56090854431471,0.2137794519223268
Adrenal_Ki67_Seg_009,1-097.dcm,E:\Computer vision\Projects\dataset\manifest-1788901441878\Adrenal-ACC-Ki67-Seg\Adrenal_Ki67_Seg_009\04-26-2004-NA-CT ABDOMEN-14867\4.000000-AbdPelvis-41139\1-097.dcm,3.2873457132900077,0.9893509574467825,0.45699407852476037,97.82791502789894,0.21323581630859934
Adrenal_Ki67_Seg_009,1-098.dcm,E:\Computer vision\Projects\dataset\manifest-1788901441878\Adrenal-ACC-Ki67-Seg\Adrenal_Ki67_Seg_009\04-26-2004-NA-CT ABDOMEN-14867\4.000000-AbdPelvis-41139\1-098.dcm,3.1760065257103025,0.9893884377117057,0.46217062418032384,92.3498301553686,0.21355541805467498
Adrenal_Ki67_Seg_009,1-099.dcm,E:\Computer vision\Projects\dataset\manifest-1788901441878\Adrenal-ACC-Ki67-Seg\Adrenal_Ki67_Seg_009\04-26-2004-NA-CT ABDOMEN-14867\4.000000-AbdPelvis-41139\1-099.dcm,3.0895983088300065,0.9895270093691336,0.4711547306129227,91.09130632924966,0.21390555599446498
Adrenal_Ki67_Seg_009,1-100.dcm,E:\Computer vision\Projects\dataset\manifest-1788901441878\Adrenal-ACC-Ki67-Seg\Adrenal_Ki67_Seg_009\04-26-2004-NA-CT ABDOMEN-14867\4.000000-AbdPelvis-41139\1-100.dcm,3.0901765848016822,0.9895466695090592,0.4724548872382832,89.18759502299702,0.21368706935972406
Adrenal_Ki67_Seg_009,1-101.dcm,E:\Computer vision\Projects\dataset\manifest-1788901441878\Adrenal-ACC-Ki67-Seg\Adrenal_Ki67_Seg_009\04-26-2004-NA-CT ABDOMEN-14867\4.000000-AbdPelvis-41139\1-101.dcm,3.1871354659334177,0.9894969913828948,0.46347153123585305,91.16822469276696,0.2135415128320576
Adrenal_Ki67_Seg_009,1-102.dcm,E:\Computer vision\Projects\dataset\manifest-1788901441878\Adrenal-ACC-Ki67-Seg\Adrenal_Ki67_Seg_009\04-26-2004-NA-CT ABDOMEN-14867\4.000000-AbdPelvis-41139\1-102.dcm,3.1188414566427056,0.9896554519936311,0.46552882504012283,89.45743544180667,0.21381281716347317
Adrenal_Ki67_Seg_009,1-103.dcm,E:\Computer vision\Projects\dataset\manifest-1788901441878\Adrenal-ACC-Ki67-Seg\Adrenal_Ki67_Seg_009\04-26-2004-NA-CT ABDOMEN-14867\4.000000-AbdPelvis-41139\1-103.dcm,3.044366404846795,0.9897528739780835,0.4712465567375147,88.13831135756986,0.21371418976738396
Adrenal_Ki67_Seg_009,1-104.dcm,E:\Computer vision\Projects\dataset\manifest-1788901441878\Adrenal-ACC-Ki67-Seg\Adrenal_Ki67_Seg_009\04-26-2004-NA-CT ABDOMEN-14867\4.000000-AbdPelvis-41139\1-104.dcm,3.122127289647329,0.9896559852930146,0.46831161772596896,89.80584097027817,0.2135353071577305
Adrenal_Ki67_Seg_009,1-105.dcm,E:\Computer vision\Projects\dataset\manifest-1788901441878\Adrenal-ACC-Ki67-Seg\Adrenal_Ki67_Seg_009\04-26-2004-NA-CT ABDOMEN-14867\4.000000-AbdPelvis-41139\1-105.dcm,3.1763818306455627,0.9895273807282756,0.46166342031752206,89.22950662719582,0.21320005306361603
Adrenal_Ki67_Seg_009,1-106.dcm,E:\Computer vision\Projects\dataset\manifest-1788901441878\Adrenal-ACC-Ki67-Seg\Adrenal_Ki67_Seg_009\04-26-2004-NA-CT ABDOMEN-14867\4.000000-AbdPelvis-41139\1-106.dcm,3.077619188039262,0.9896848461126597,0.4697999008415232,89.35405042106916,0.21352294374355926
Adrenal_Ki67_Seg_009,1-107.dcm,E:\Computer vision\Projects\dataset\manifest-1788901441878\Adrenal-ACC-Ki67-Seg\Adrenal_Ki67_Seg_009\04-26-2004-NA-CT ABDOMEN-14867\4.000000-AbdPelvis-41139\1-107.dcm,3.019117573845076,0.9897768441786307,0.4773262112432169,89.6610039024054,0.2134607863807611
Adrenal_Ki67_Seg_009,1-108.dcm,E:\Computer vision\Projects\dataset\manifest-1788901441878\Adrenal-ACC-Ki67-Seg\Adrenal_Ki67_Seg_009\04-26-2004-NA-CT ABDOMEN-14867\4.000000-AbdPelvis-41139\1-108.dcm,3.061779787914416,0.9897800677886072,0.4716030817593414,88.5599434744812,0.21328671354900983
Adrenal_Ki67_Seg_009,1-109.dcm,E:\Computer vision\Projects\dataset\manifest-1788901441878\Adrenal-ACC-Ki67-Seg\Adrenal_Ki67_Seg_009\04-26-2004-NA-CT ABDOMEN-14867\4.000000-AbdPelvis-41139\1-109.dcm,3.0938760191635297,0.989861472015645,0.464231817318319,89.59437195782799,0.21292560494617319
Adrenal_Ki67_Seg_009,1-110.dcm,E:\Computer vision\Projects\dataset\manifest-1788901441878\Adrenal-ACC-Ki67-Seg\Adrenal_Ki67_Seg_009\04-26-2004-NA-CT ABDOMEN-14867\4.000000-AbdPelvis-41139\1-110.dcm,2.945948430038182,0.9901309387654678,0.47416793637851196,86.71876639565565,0.2131470900029913
Adrenal_Ki67_Seg_009,1-111.dcm,E:\Computer vision\Projects\dataset\manifest-1788901441878\Adrenal-ACC-Ki67-Seg\Adrenal_Ki67_Seg_009\04-26-2004-NA-CT ABDOMEN-14867\4.000000-AbdPelvis-41139\1-111.dcm,2.89022330643648,0.9901950033361185,0.4806144458244086,84.82834394782495,0.2133000419640464
Adrenal_Ki67_Seg_009,1-112.dcm,E:\Computer vision\Projects\dataset\manifest-1788901441878\Adrenal-ACC-Ki67-Seg\Adrenal_Ki67_Seg_009\04-26-2004-NA-CT ABDOMEN-14867\4.000000-AbdPelvis-41139\1-112.dcm,2.940789901999456,0.9900935248195112,0.4761052890352916,83.82952730726367,0.21331603161796941
Adrenal_Ki67_Seg_009,1-113.dcm,E:\Computer vision\Projects\dataset\manifest-1788901441878\Adrenal-ACC-Ki67-Seg\Adrenal_Ki67_Seg_009\04-26-2004-NA-CT ABDOMEN-14867\4.000000-AbdPelvis-41139\1-113.dcm,2.923759483151489,0.9900885650563067,0.4760045149782134,84.03177454130461,0.21335093311131867
Adrenal_Ki67_Seg_009,1-114.dcm,E:\Computer vision\Projects\dataset\manifest-1788901441878\Adrenal-ACC-Ki67-Seg\Adrenal_Ki67_Seg_009\04-26-2004-NA-CT ABDOMEN-14867\4.000000-AbdPelvis-41139\1-114.dcm,2.810260377372942,0.9902511041077545,0.4871694448790045,83.3383450584212,0.21362589261714476
Adrenal_Ki67_Seg_009,1-115.dcm,E:\Computer vision\Projects\dataset\manifest-1788901441878\Adrenal-ACC-Ki67-Seg\Adrenal_Ki67_Seg_009\04-26-2004-NA-CT ABDOMEN-14867\4.000000-AbdPelvis-41139\1-115.dcm,2.8426246835758135,0.9903028504964962,0.48548116073522474,84.6493120047794,0.21338584094121862
Adrenal_Ki67_Seg_009,1-116.dcm,E:\Computer vision\Projects\dataset\manifest-1788901441878\Adrenal-ACC-Ki67-Seg\Adrenal_Ki67_Seg_009\04-26-2004-NA-CT ABDOMEN-14867\4.000000-AbdPelvis-41139\1-116.dcm,2.879821998230705,0.9902917906387266,0.47972293484566164,83.31814752547669,0.21329571626350535
Adrenal_Ki67_Seg_009,1-117.dcm,E:\Computer vision\Projects\dataset\manifest-1788901441878\Adrenal-ACC-Ki67-Seg\Adrenal_Ki67_Seg_009\04-26-2004-NA-CT ABDOMEN-14867\4.000000-AbdPelvis-41139\1-117.dcm,2.807706006027857,0.9904537235785645,0.4833962675484772,83.70321421869555,0.2134695470449674
Adrenal_Ki67_Seg_009,1-118.dcm,E:\Computer vision\Projects\dataset\manifest-1788901441878\Adrenal-ACC-Ki67-Seg\Adrenal_Ki67_Seg_009\04-26-2004-NA-CT ABDOMEN-14867\4.000000-AbdPelvis-41139\1-118.dcm,2.685942532389199,0.9905815882962584,0.4956538824969503,81.38950907816682,0.2137604433690349
Adrenal_Ki67_Seg_009,1-119.dcm,E:\Computer vision\Projects\dataset\manifest-1788901441878\Adrenal-ACC-Ki67-Seg\Adrenal_Ki67_Seg_009\04-26-2004-NA-CT ABDOMEN-14867\4.000000-AbdPelvis-41139\1-119.dcm,2.707319595130227,0.9905771091571864,0.49487142418237823,79.65004729608113,0.21382990743089883
Adrenal_Ki67_Seg_009,1-120.dcm,E:\Computer vision\Projects\dataset\manifest-1788901441878\Adrenal-ACC-Ki67-Seg\Adrenal_Ki67_Seg_009\04-26-2004-NA-CT ABDOMEN-14867\4.000000-AbdPelvis-41139\1-120.dcm,2.7813427491469467,0.9905347794061089,0.4868130991281644,80.77428854822094,0.2137251918904075
Adrenal_Ki67_Seg_009,1-121.dcm,E:\Computer vision\Projects\dataset\manifest-1788901441878\Adrenal-ACC-Ki67-Seg\Adrenal_Ki67_Seg_009\04-26-2004-NA-CT ABDOMEN-14867\4.000000-AbdPelvis-41139\1-121.dcm,2.684468120143535,0.9906311639281402,0.4962471719475424,80.84634709579083,0.21397335673351128
Adrenal_Ki67_Seg_009,1-122.dcm,E:\Computer vision\Projects\dataset\manifest-1788901441878\Adrenal-ACC-Ki67-Seg\Adrenal_Ki67_Seg_009\04-26-2004-NA-CT ABDOMEN-14867\4.000000-AbdPelvis-41139\1-122.dcm,2.658449531060313,0.9906657243393042,0.5035477995245068,82.99020377526128,0.21413078995433268
Adrenal_Ki67_Seg_009,1-123.dcm,E:\Computer vision\Projects\dataset\manifest-1788901441878\Adrenal-ACC-Ki67-Seg\Adrenal_Ki67_Seg_009\04-26-2004-NA-CT ABDOMEN-14867\4.000000-AbdPelvis-41139\1-123.dcm,2.764021277492044,0.9905663892436961,0.4956240466564963,85.29105663657845,0.21421988432688746
Adrenal_Ki67_Seg_009,1-124.dcm,E:\Computer vision\Projects\dataset\manifest-1788901441878\Adrenal-ACC-Ki67-Seg\Adrenal_Ki67_Seg_009\04-26-2004-NA-CT ABDOMEN-14867\4.000000-AbdPelvis-41139\1-124.dcm,2.7083421095967,0.9905756891801538,0.49964199413183374,82.95438130215494,0.214741598900731
Adrenal_Ki67_Seg_009,1-125.dcm,E:\Computer vision\Projects\dataset\manifest-1788901441878\Adrenal-ACC-Ki67-Seg\Adrenal_Ki67_Seg_009\04-26-2004-NA-CT ABDOMEN-14867\4.000000-AbdPelvis-41139\1-125.dcm,2.6242546558875004,0.9906472886131841,0.5116433714124615,84.71765196977647,0.21516807350933403
Adrenal_Ki67_Seg_009,1-126.dcm,E:\Computer vision\Projects\dataset\manifest-1788901441878\Adrenal-ACC-Ki67-Seg\Adrenal_Ki67_Seg_009\04-26-2004-NA-CT ABDOMEN-14867\4.000000-AbdPelvis-41139\1-126.dcm,2.616652816127389,0.9905864869892417,0.5142940276018243,83.25243469502645,0.21555515683281076
Adrenal_Ki67_Seg_009,1-127.dcm,E:\Computer vision\Projects\dataset\manifest-1788901441878\Adrenal-ACC-Ki67-Seg\Adrenal_Ki67_Seg_009\04-26-2004-NA-CT ABDOMEN-14867\4.000000-AbdPelvis-41139\1-127.dcm,2.7723813864070683,0.9904169164305711,0.5034395194444045,86.34976505145124,0.2154961737912702
Adrenal_Ki67_Seg_009,1-128.dcm,E:\Computer vision\Projects\dataset\manifest-1788901441878\Adrenal-ACC-Ki67-Seg\Adrenal_Ki67_Seg_009\04-26-2004-NA-CT ABDOMEN-14867\4.000000-AbdPelvis-41139\1-128.dcm,2.7155801333481415,0.9904069881636486,0.5089516344344994,85.68458683905163,0.21619654813068348
Adrenal_Ki67_Seg_009,1-129.dcm,E:\Computer vision\Projects\dataset\manifest-1788901441878\Adrenal-ACC-Ki67-Seg\Adrenal_Ki67_Seg_009\04-26-2004-NA-CT ABDOMEN-14867\4.000000-AbdPelvis-41139\1-129.dcm,2.630079541668422,0.9904631244148316,0.5209242347620079,85.67356512881003,0.21675400051942
Adrenal_Ki67_Seg_009,1-130.dcm,E:\Computer vision\Projects\dataset\manifest-1788901441878\Adrenal-ACC-Ki67-Seg\Adrenal_Ki67_Seg_009\04-26-2004-NA-CT ABDOMEN-14867\4.000000-AbdPelvis-41139\1-130.dcm,2.6425948123666805,0.990373463619811,0.5218444806679811,84.8380061350868,0.21689493660241352
Adrenal_Ki67_Seg_009,1-131.dcm,E:\Computer vision\Projects\dataset\manifest-1788901441878\Adrenal-ACC-Ki67-Seg\Adrenal_Ki67_Seg_009\04-26-2004-NA-CT ABDOMEN-14867\4.000000-AbdPelvis-41139\1-131.dcm,2.718463853922128,0.9902899406036416,0.5151784171304223,87.09084294254387,0.2172386368714176
Adrenal_Ki67_Seg_009,1-132.dcm,E:\Computer vision\Projects\dataset\manifest-1788901441878\Adrenal-ACC-Ki67-Seg\Adrenal_Ki67_Seg_009\04-26-2004-NA-CT ABDOMEN-14867\4.000000-AbdPelvis-41139\1-132.dcm,2.631596079978248,0.9903231431139518,0.5224288185522118,86.07776088480054,0.21790268717761915
Adrenal_Ki67_Seg_009,1-133.dcm,E:\Computer vision\Projects\dataset\manifest-1788901441878\Adrenal-ACC-Ki67-Seg\Adrenal_Ki67_Seg_009\04-26-2004-NA-CT ABDOMEN-14867\4.000000-AbdPelvis-41139\1-133.dcm,2.5836489596776975,0.9902970765223907,0.5314695979562869,86.18414834502013,0.21815162856677242
Adrenal_Ki67_Seg_009,1-134.dcm,E:\Computer vision\Projects\dataset\manifest-1788901441878\Adrenal-ACC-Ki67-Seg\Adrenal_Ki67_Seg_009\04-26-2004-NA-CT ABDOMEN-14867\4.000000-AbdPelvis-41139\1-134.dcm,2.66793172513892,0.9901411020786666,0.5273097801441818,86.94401063108674,0.21822231987727267
Adrenal_Ki67_Seg_009,1-135.dcm,E:\Computer vision\Projects\dataset\manifest-1788901441878\Adrenal-ACC-Ki67-Seg\Adrenal_Ki67_Seg_009\04-26-2004-NA-CT ABDOMEN-14867\4.000000-AbdPelvis-41139\1-135.dcm,2.73788396950073,0.9900623285524058,0.5218038622424119,88.83190168542555,0.21822728308888242
Adrenal_Ki67_Seg_009,1-136.dcm,E:\Computer vision\Projects\dataset\manifest-1788901441878\Adrenal-ACC-Ki67-Seg\Adrenal_Ki67_Seg_009\04-26-2004-NA-CT ABDOMEN-14867\4.000000-AbdPelvis-41139\1-136.dcm,2.5805469494985083,0.9901288609894316,0.5349392385853612,84.08124585919938,0.21886865387221585
Adrenal_Ki67_Seg_009,1-137.dcm,E:\Computer vision\Projects\dataset\manifest-1788901441878\Adrenal-ACC-Ki67-Seg\Adrenal_Ki67_Seg_009\04-26-2004-NA-CT ABDOMEN-14867\4.000000-AbdPelvis-41139\1-137.dcm,2.5146924222869855,0.9901711044325323,0.5450360814738189,81.70960206187937,0.22006423157046637
Adrenal_Ki67_Seg_009,1-138.dcm,E:\Computer vision\Projects\dataset\manifest-1788901441878\Adrenal-ACC-Ki67-Seg\Adrenal_Ki67_Seg_009\04-26-2004-NA-CT ABDOMEN-14867\4.000000-AbdPelvis-41139\1-138.dcm,2.6131103970956,0.9901247545202244,0.5338333987856819,82.18422876750626,0.22002450650651217
Adrenal_Ki67_Seg_009,1-139.dcm,E:\Computer vision\Projects\dataset\manifest-1788901441878\Adrenal-ACC-Ki67-Seg\Adrenal_Ki67_Seg_009\04-26-2004-NA-CT ABDOMEN-14867\4.000000-AbdPelvis-41139\1-139.dcm,2.612566587903692,0.9902360006276515,0.5293147294292908,82.86102611433014,0.22027796494693777
Adrenal_Ki67_Seg_009,1-140.dcm,E:\Computer vision\Projects\dataset\manifest-1788901441878\Adrenal-ACC-Ki67-Seg\Adrenal_Ki67_Seg_009\04-26-2004-NA-CT ABDOMEN-14867\4.000000-AbdPelvis-41139\1-140.dcm,2.554873028212975,0.990307065302277,0.5347511756427938,84.02907847319827,0.21967491537394446
Adrenal_Ki67_Seg_009,1-141.dcm,E:\Computer vision\Projects\dataset\manifest-1788901441878\Adrenal-ACC-Ki67-Seg\Adrenal_Ki67_Seg_009\04-26-2004-NA-CT ABDOMEN-14867\4.000000-AbdPelvis-41139\1-141.dcm,2.5452759448684708,0.9901520683224956,0.5402140330088838,81.67871216792216,0.220331294821451
Adrenal_Ki67_Seg_009,1-142.dcm,E:\Computer vision\Projects\dataset\manifest-1788901441878\Adrenal-ACC-Ki67-Seg\Adrenal_Ki67_Seg_009\04-26-2004-NA-CT ABDOMEN-14867\4.000000-AbdPelvis-41139\1-142.dcm,2.6233010749805636,0.9899193445076895,0.5339990182605837,81.47997671577542,0.22133262977508789
Adrenal_Ki67_Seg_009,1-143.dcm,E:\Computer vision\Projects\dataset\manifest-1788901441878\Adrenal-ACC-Ki67-Seg\Adrenal_Ki67_Seg_009\04-26-2004-NA-CT ABDOMEN-14867\4.000000-AbdPelvis-41139\1-143.dcm,2.531856878611831,0.9899130560285685,0.5418886711290285,79.36507979059516,0.22164229553088688
Adrenal_Ki67_Seg_009,1-144.dcm,E:\Computer vision\Projects\dataset\manifest-1788901441878\Adrenal-ACC-Ki67-Seg\Adrenal_Ki67_Seg_009\04-26-2004-NA-CT ABDOMEN-14867\4.000000-AbdPelvis-41139\1-144.dcm,2.476173881074291,0.9898998207626536,0.5534721040763646,80.39739048180729,0.2231436221754555
Adrenal_Ki67_Seg_009,1-145.dcm,E:\Computer vision\Projects\dataset\manifest-1788901441878\Adrenal-ACC-Ki67-Seg\Adrenal_Ki67_Seg_009\04-26-2004-NA-CT ABDOMEN-14867\4.000000-AbdPelvis-41139\1-145.dcm,2.4950731653141647,0.9898834341480212,0.5514992430947585,79.66412506079558,0.22253911177516544
Adrenal_Ki67_Seg_009,1-146.dcm,E:\Computer vision\Projects\dataset\manifest-1788901441878\Adrenal-ACC-Ki67-Seg\Adrenal_Ki67_Seg_009\04-26-2004-NA-CT ABDOMEN-14867\4.000000-AbdPelvis-41139\1-146.dcm,2.5146158294430556,0.9899046315319479,0.5445051405651911,77.54521850023552,0.22414051356338582
Adrenal_Ki67_Seg_009,1-147.dcm,E:\Computer vision\Projects\dataset\manifest-1788901441878\Adrenal-ACC-Ki67-Seg\Adrenal_Ki67_Seg_009\04-26-2004-NA-CT ABDOMEN-14867\4.000000-AbdPelvis-41139\1-147.dcm,2.476066651092789,0.9899607144103854,0.5493970977079117,79.47502115877313,0.22424612347547843
Adrenal_Ki67_Seg_009,1-148.dcm,E:\Computer vision\Projects\dataset\manifest-1788901441878\Adrenal-ACC-Ki67-Seg\Adrenal_Ki67_Seg_009\04-26-2004-NA-CT ABDOMEN-14867\4.000000-AbdPelvis-41139\1-148.dcm,2.4478230398933833,0.9899328468227061,0.555938137777158,80.68918240968748,0.2231534565191161
Adrenal_Ki67_Seg_009,1-149.dcm,E:\Computer vision\Projects\dataset\manifest-1788901441878\Adrenal-ACC-Ki67-Seg\Adrenal_Ki67_Seg_009\04-26-2004-NA-CT ABDOMEN-14867\4.000000-AbdPelvis-41139\1-149.dcm,2.546271651839569,0.9897946689240144,0.5475653412485612,82.01866950570809,0.2233064991193367
Adrenal_Ki67_Seg_009,1-150.dcm,E:\Computer vision\Projects\dataset\manifest-1788901441878\Adrenal-ACC-Ki67-Seg\Adrenal_Ki67_Seg_009\04-26-2004-NA-CT ABDOMEN-14867\4.000000-AbdPelvis-41139\1-150.dcm,2.5699043738343526,0.9897333067519769,0.5456143151032216,81.45086760543963,0.2252001495525949
Adrenal_Ki67_Seg_009,1-151.dcm,E:\Computer vision\Projects\dataset\manifest-1788901441878\Adrenal-ACC-Ki67-Seg\Adrenal_Ki67_Seg_009\04-26-2004-NA-CT ABDOMEN-14867\4.000000-AbdPelvis-41139\1-151.dcm,2.4171973912477354,0.9898396472085044,0.5585755210941286,77.92514964326884,0.22387269607864416
Adrenal_Ki67_Seg_009,1-152.dcm,E:\Computer vision\Projects\dataset\manifest-1788901441878\Adrenal-ACC-Ki67-Seg\Adrenal_Ki67_Seg_009\04-26-2004-NA-CT ABDOMEN-14867\4.000000-AbdPelvis-41139\1-152.dcm,2.384423313329836,0.9898515038359643,0.5670403961530245,78.4302641304223,0.2262502168455545
Adrenal_Ki67_Seg_009,1-153.dcm,E:\Computer vision\Projects\dataset\manifest-1788901441878\Adrenal-ACC-Ki67-Seg\Adrenal_Ki67_Seg_009\04-26-2004-NA-CT ABDOMEN-14867\4.000000-AbdPelvis-41139\1-153.dcm,2.418449684246001,0.9898171840081224,0.5609837304809447,76.34590094247497,0.2275515774121649
Adrenal_Ki67_Seg_009,1-154.dcm,E:\Computer vision\Projects\dataset\manifest-1788901441878\Adrenal-ACC-Ki67-Seg\Adrenal_Ki67_Seg_009\04-26-2004-NA-CT ABDOMEN-14867\4.000000-AbdPelvis-41139\1-154.dcm,2.3724480221812883,0.9899106809285626,0.5600481968819082,74.82796098360532,0.2259972381014531
Adrenal_Ki67_Seg_009,1-155.dcm,E:\Computer vision\Projects\dataset\manifest-1788901441878\Adrenal-ACC-Ki67-Seg\Adrenal_Ki67_Seg_009\04-26-2004-NA-CT ABDOMEN-14867\4.000000-AbdPelvis-41139\1-155.dcm,2.2857027967876964,0.9899447285378613,0.5748413141072677,75.90514359243417,0.22795934182914102
Adrenal_Ki67_Seg_009,1-156.dcm,E:\Computer vision\Projects\dataset\manifest-1788901441878\Adrenal-ACC-Ki67-Seg\Adrenal_Ki67_Seg_009\04-26-2004-NA-CT ABDOMEN-14867\4.000000-AbdPelvis-41139\1-156.dcm,2.305950115080748,0.9898938773935333,0.5744500105331448,76.00152419759424,0.22784063649417535
Adrenal_Ki67_Seg_009,1-157.dcm,E:\Computer vision\Projects\dataset\manifest-1788901441878\Adrenal-ACC-Ki67-Seg\Adrenal_Ki67_Seg_009\04-26-2004-NA-CT ABDOMEN-14867\4.000000-AbdPelvis-41139\1-157.dcm,2.3989568054656654,0.9897925657578878,0.5616409552820563,76.57786237031874,0.22707700013417606
Adrenal_Ki67_Seg_009,1-158.dcm,E:\Computer vision\Projects\dataset\manifest-1788901441878\Adrenal-ACC-Ki67-Seg\Adrenal_Ki67_Seg_009\04-26-2004-NA-CT ABDOMEN-14867\4.000000-AbdPelvis-41139\1-158.dcm,2.3058160776038696,0.9898272860466257,0.5690810414058343,74.39895297582346,0.2273090457668042
Adrenal_Ki67_Seg_009,1-159.dcm,E:\Computer vision\Projects\dataset\manifest-1788901441878\Adrenal-ACC-Ki67-Seg\Adrenal_Ki67_Seg_009\04-26-2004-NA-CT ABDOMEN-14867\4.000000-AbdPelvis-41139\1-159.dcm,2.2349255709039104,0.9898792995287155,0.5794801739694361,74.11418461173173,0.22796673198947168
Adrenal_Ki67_Seg_009,1-160.dcm,E:\Computer vision\Projects\dataset\manifest-1788901441878\Adrenal-ACC-Ki67-Seg\Adrenal_Ki67_Seg_009\04-26-2004-NA-CT ABDOMEN-14867\4.000000-AbdPelvis-41139\1-160.dcm,2.2313793222299245,0.989831368194668,0.58669674809468,73.40324983436798,0.23549586941424316
Adrenal_Ki67_Seg_009,1-161.dcm,E:\Computer vision\Projects\dataset\manifest-1788901441878\Adrenal-ACC-Ki67-Seg\Adrenal_Ki67_Seg_009\04-26-2004-NA-CT ABDOMEN-14867\4.000000-AbdPelvis-41139\1-161.dcm,2.2749606504264306,0.9898549581660936,0.5720549236655621,73.55233780507888,0.22951230520964935
Adrenal_Ki67_Seg_009,1-162.dcm,E:\Computer vision\Projects\dataset\manifest-1788901441878\Adrenal-ACC-Ki67-Seg\Adrenal_Ki67_Seg_009\04-26-2004-NA-CT ABDOMEN-14867\4.000000-AbdPelvis-41139\1-162.dcm,2.127699419043279,0.9900399740192517,0.5914374773938667,71.2961998460484,0.23590116129393368
Adrenal_Ki67_Seg_009,1-163.dcm,E:\Computer vision\Projects\dataset\manifest-1788901441878\Adrenal-ACC-Ki67-Seg\Adrenal_Ki67_Seg_009\04-26-2004-NA-CT ABDOMEN-14867\4.000000-AbdPelvis-41139\1-163.dcm,2.076834111388973,0.9900740084614948,0.5993571675615015,71.0644452188832,0.23607473706864449
